#include "area512_ti_builtin_database.h"

const char ti_builtin_name_pool[] = {
  0x00, 0x4f, 0x62, 0x6a, 0x65, 0x63, 0x74, 0x00, 0x21, 0x3d, 0x00, 0x3c, 0x3d, 0x3e, 0x00, 0x3d,
  0x3d, 0x00, 0x3d, 0x3d, 0x3d, 0x00, 0x5f, 0x5f, 0x69, 0x64, 0x5f, 0x5f, 0x00, 0x61, 0x6c, 0x69,
  0x61, 0x73, 0x5f, 0x6d, 0x65, 0x74, 0x68, 0x6f, 0x64, 0x00, 0x61, 0x74, 0x74, 0x72, 0x5f, 0x61,
  0x63, 0x63, 0x65, 0x73, 0x73, 0x6f, 0x72, 0x00, 0x61, 0x74, 0x74, 0x72, 0x5f, 0x72, 0x65, 0x61,
  0x64, 0x65, 0x72, 0x00, 0x62, 0x6c, 0x6f, 0x63, 0x6b, 0x5f, 0x67, 0x69, 0x76, 0x65, 0x6e, 0x3f,
  0x00, 0x63, 0x6c, 0x61, 0x73, 0x73, 0x00, 0x63, 0x6c, 0x61, 0x73, 0x73, 0x3f, 0x00, 0x63, 0x6f,
  0x6e, 0x73, 0x74, 0x5f, 0x64, 0x65, 0x66, 0x69, 0x6e, 0x65, 0x64, 0x3f, 0x00, 0x63, 0x6f, 0x6e,
  0x73, 0x74, 0x5f, 0x67, 0x65, 0x74, 0x00, 0x64, 0x75, 0x70, 0x00, 0x65, 0x78, 0x69, 0x74, 0x00,
  0x65, 0x78, 0x74, 0x65, 0x6e, 0x64, 0x00, 0x69, 0x6e, 0x63, 0x6c, 0x75, 0x64, 0x65, 0x00, 0x69,
  0x6e, 0x73, 0x70, 0x65, 0x63, 0x74, 0x00, 0x69, 0x6e, 0x73, 0x74, 0x61, 0x6e, 0x63, 0x65, 0x5f,
  0x65, 0x76, 0x61, 0x6c, 0x00, 0x69, 0x6e, 0x73, 0x74, 0x61, 0x6e, 0x63, 0x65, 0x5f, 0x6f, 0x66,
  0x3f, 0x00, 0x69, 0x6e, 0x73, 0x74, 0x61, 0x6e, 0x63, 0x65, 0x5f, 0x76, 0x61, 0x72, 0x69, 0x61,
  0x62, 0x6c, 0x65, 0x5f, 0x67, 0x65, 0x74, 0x00, 0x69, 0x6e, 0x73, 0x74, 0x61, 0x6e, 0x63, 0x65,
  0x5f, 0x76, 0x61, 0x72, 0x69, 0x61, 0x62, 0x6c, 0x65, 0x5f, 0x73, 0x65, 0x74, 0x00, 0x69, 0x6e,
  0x73, 0x74, 0x61, 0x6e, 0x63, 0x65, 0x5f, 0x76, 0x61, 0x72, 0x69, 0x61, 0x62, 0x6c, 0x65, 0x73,
  0x00, 0x69, 0x73, 0x5f, 0x61, 0x3f, 0x00, 0x6c, 0x6f, 0x6f, 0x70, 0x00, 0x6d, 0x65, 0x74, 0x68,
  0x6f, 0x64, 0x73, 0x00, 0x6e, 0x69, 0x6c, 0x3f, 0x00, 0x6f, 0x62, 0x6a, 0x65, 0x63, 0x74, 0x5f,
  0x69, 0x64, 0x00, 0x70, 0x72, 0x69, 0x76, 0x61, 0x74, 0x65, 0x00, 0x70, 0x75, 0x62, 0x6c, 0x69,
  0x63, 0x00, 0x72, 0x61, 0x69, 0x73, 0x65, 0x00, 0x72, 0x65, 0x6c, 0x69, 0x6e, 0x71, 0x75, 0x69,
  0x73, 0x68, 0x00, 0x72, 0x65, 0x73, 0x70, 0x6f, 0x6e, 0x64, 0x5f, 0x74, 0x6f, 0x3f, 0x00, 0x73,
  0x65, 0x6e, 0x64, 0x00, 0x73, 0x6c, 0x65, 0x65, 0x70, 0x00, 0x73, 0x6c, 0x65, 0x65, 0x70, 0x5f,
  0x6d, 0x73, 0x00, 0x73, 0x70, 0x72, 0x69, 0x6e, 0x74, 0x66, 0x00, 0x74, 0x6f, 0x5f, 0x73, 0x00,
  0x61, 0x6e, 0x63, 0x65, 0x73, 0x74, 0x6f, 0x72, 0x73, 0x00, 0x49, 0x6e, 0x74, 0x65, 0x67, 0x65,
  0x72, 0x00, 0x25, 0x00, 0x26, 0x00, 0x2a, 0x00, 0x2a, 0x2a, 0x00, 0x2b, 0x00, 0x2b, 0x40, 0x00,
  0x2d, 0x00, 0x2d, 0x40, 0x00, 0x2f, 0x00, 0x3c, 0x00, 0x3c, 0x3c, 0x00, 0x3c, 0x3d, 0x00, 0x3e,
  0x00, 0x3e, 0x3d, 0x00, 0x3e, 0x3e, 0x00, 0x5b, 0x5d, 0x00, 0x5e, 0x00, 0x61, 0x62, 0x73, 0x00,
  0x63, 0x68, 0x72, 0x00, 0x64, 0x6f, 0x77, 0x6e, 0x74, 0x6f, 0x00, 0x74, 0x69, 0x6d, 0x65, 0x73,
  0x00, 0x74, 0x6f, 0x5f, 0x66, 0x00, 0x74, 0x6f, 0x5f, 0x69, 0x00, 0x7c, 0x00, 0x7e, 0x00, 0x46,
  0x6c, 0x6f, 0x61, 0x74, 0x00, 0x53, 0x74, 0x72, 0x69, 0x6e, 0x67, 0x00, 0x21, 0x00, 0x5b, 0x5d,
  0x3d, 0x00, 0x5f, 0x5f, 0x6c, 0x6a, 0x75, 0x73, 0x74, 0x5f, 0x72, 0x6a, 0x75, 0x73, 0x74, 0x5f,
  0x61, 0x72, 0x67, 0x63, 0x68, 0x65, 0x63, 0x6b, 0x00, 0x62, 0x79, 0x74, 0x65, 0x73, 0x00, 0x63,
  0x68, 0x61, 0x72, 0x73, 0x00, 0x63, 0x68, 0x6f, 0x6d, 0x70, 0x00, 0x63, 0x68, 0x6f, 0x6d, 0x70,
  0x21, 0x00, 0x63, 0x6c, 0x65, 0x61, 0x72, 0x00, 0x64, 0x6f, 0x77, 0x6e, 0x63, 0x61, 0x73, 0x65,
  0x00, 0x64, 0x6f, 0x77, 0x6e, 0x63, 0x61, 0x73, 0x65, 0x21, 0x00, 0x65, 0x61, 0x63, 0x68, 0x5f,
  0x62, 0x79, 0x74, 0x65, 0x00, 0x65, 0x61, 0x63, 0x68, 0x5f, 0x63, 0x68, 0x61, 0x72, 0x00, 0x65,
  0x61, 0x63, 0x68, 0x5f, 0x6c, 0x69, 0x6e, 0x65, 0x00, 0x65, 0x6d, 0x70, 0x74, 0x79, 0x3f, 0x00,
  0x65, 0x6e, 0x64, 0x5f, 0x77, 0x69, 0x74, 0x68, 0x3f, 0x00, 0x67, 0x65, 0x74, 0x62, 0x79, 0x74,
  0x65, 0x00, 0x69, 0x6e, 0x63, 0x6c, 0x75, 0x64, 0x65, 0x3f, 0x00, 0x69, 0x6e, 0x64, 0x65, 0x78,
  0x00, 0x69, 0x6e, 0x74, 0x65, 0x72, 0x6e, 0x00, 0x6c, 0x65, 0x6e, 0x67, 0x74, 0x68, 0x00, 0x6c,
  0x6a, 0x75, 0x73, 0x74, 0x00, 0x6c, 0x73, 0x74, 0x72, 0x69, 0x70, 0x00, 0x6c, 0x73, 0x74, 0x72,
  0x69, 0x70, 0x21, 0x00, 0x6f, 0x72, 0x64, 0x00, 0x72, 0x6a, 0x75, 0x73, 0x74, 0x00, 0x72, 0x73,
  0x74, 0x72, 0x69, 0x70, 0x00, 0x72, 0x73, 0x74, 0x72, 0x69, 0x70, 0x21, 0x00, 0x73, 0x69, 0x7a,
  0x65, 0x00, 0x73, 0x6c, 0x69, 0x63, 0x65, 0x00, 0x73, 0x70, 0x6c, 0x69, 0x74, 0x00, 0x73, 0x74,
  0x61, 0x72, 0x74, 0x5f, 0x77, 0x69, 0x74, 0x68, 0x3f, 0x00, 0x73, 0x74, 0x72, 0x69, 0x70, 0x00,
  0x73, 0x74, 0x72, 0x69, 0x70, 0x21, 0x00, 0x74, 0x6f, 0x5f, 0x73, 0x79, 0x6d, 0x00, 0x74, 0x72,
  0x00, 0x74, 0x72, 0x21, 0x00, 0x75, 0x70, 0x63, 0x61, 0x73, 0x65, 0x00, 0x75, 0x70, 0x63, 0x61,
  0x73, 0x65, 0x21, 0x00, 0x53, 0x79, 0x6d, 0x62, 0x6f, 0x6c, 0x00, 0x41, 0x72, 0x72, 0x61, 0x79,
  0x00, 0x61, 0x6c, 0x6c, 0x3f, 0x00, 0x61, 0x74, 0x00, 0x63, 0x6f, 0x6c, 0x6c, 0x65, 0x63, 0x74,
  0x00, 0x63, 0x6f, 0x6c, 0x6c, 0x65, 0x63, 0x74, 0x21, 0x00, 0x63, 0x6f, 0x75, 0x6e, 0x74, 0x00,
  0x64, 0x65, 0x6c, 0x65, 0x74, 0x65, 0x5f, 0x61, 0x74, 0x00, 0x64, 0x65, 0x6c, 0x65, 0x74, 0x65,
  0x5f, 0x69, 0x66, 0x00, 0x65, 0x61, 0x63, 0x68, 0x00, 0x65, 0x61, 0x63, 0x68, 0x5f, 0x69, 0x6e,
  0x64, 0x65, 0x78, 0x00, 0x65, 0x61, 0x63, 0x68, 0x5f, 0x77, 0x69, 0x74, 0x68, 0x5f, 0x69, 0x6e,
  0x64, 0x65, 0x78, 0x00, 0x66, 0x69, 0x72, 0x73, 0x74, 0x00, 0x6a, 0x6f, 0x69, 0x6e, 0x00, 0x6c,
  0x61, 0x73, 0x74, 0x00, 0x6d, 0x61, 0x78, 0x00, 0x6d, 0x69, 0x6e, 0x00, 0x70, 0x6f, 0x70, 0x00,
  0x70, 0x75, 0x73, 0x68, 0x00, 0x72, 0x65, 0x6a, 0x65, 0x63, 0x74, 0x00, 0x72, 0x65, 0x6a, 0x65,
  0x63, 0x74, 0x21, 0x00, 0x73, 0x68, 0x69, 0x66, 0x74, 0x00, 0x73, 0x6f, 0x72, 0x74, 0x00, 0x73,
  0x6f, 0x72, 0x74, 0x21, 0x00, 0x75, 0x6e, 0x69, 0x71, 0x00, 0x75, 0x6e, 0x69, 0x71, 0x21, 0x00,
  0x75, 0x6e, 0x73, 0x68, 0x69, 0x66, 0x74, 0x00, 0x6e, 0x65, 0x77, 0x00, 0x48, 0x61, 0x73, 0x68,
  0x00, 0x64, 0x65, 0x6c, 0x65, 0x74, 0x65, 0x00, 0x68, 0x61, 0x73, 0x5f, 0x6b, 0x65, 0x79, 0x3f,
  0x00, 0x68, 0x61, 0x73, 0x5f, 0x76, 0x61, 0x6c, 0x75, 0x65, 0x3f, 0x00, 0x6b, 0x65, 0x79, 0x00,
  0x6b, 0x65, 0x79, 0x73, 0x00, 0x6d, 0x65, 0x72, 0x67, 0x65, 0x00, 0x6d, 0x65, 0x72, 0x67, 0x65,
  0x21, 0x00, 0x74, 0x6f, 0x5f, 0x68, 0x00, 0x76, 0x61, 0x6c, 0x75, 0x65, 0x73, 0x00, 0x52, 0x61,
  0x6e, 0x67, 0x65, 0x00, 0x65, 0x78, 0x63, 0x6c, 0x75, 0x64, 0x65, 0x5f, 0x65, 0x6e, 0x64, 0x3f,
  0x00, 0x50, 0x72, 0x6f, 0x63, 0x00, 0x5f, 0x67, 0x65, 0x74, 0x5f, 0x73, 0x65, 0x6c, 0x66, 0x00,
  0x5f, 0x73, 0x65, 0x74, 0x5f, 0x73, 0x65, 0x6c, 0x66, 0x00, 0x63, 0x61, 0x6c, 0x6c, 0x00, 0x54,
  0x72, 0x75, 0x65, 0x43, 0x6c, 0x61, 0x73, 0x73, 0x00, 0x46, 0x61, 0x6c, 0x73, 0x65, 0x43, 0x6c,
  0x61, 0x73, 0x73, 0x00, 0x4e, 0x69, 0x6c, 0x43, 0x6c, 0x61, 0x73, 0x73, 0x00, 0x55, 0x6e, 0x74,
  0x79, 0x70, 0x65, 0x64, 0x00, 0x74, 0x6f, 0x5f, 0x69, 0x6e, 0x74, 0x00, 0x43, 0x6c, 0x61, 0x73,
  0x73, 0x00, 0x6e, 0x61, 0x6d, 0x65, 0x00, 0x4b, 0x65, 0x72, 0x6e, 0x65, 0x6c, 0x00, 0x2d, 0x3e,
  0x00, 0x6c, 0x61, 0x6d, 0x62, 0x64, 0x61, 0x00, 0x70, 0x00, 0x70, 0x72, 0x69, 0x6e, 0x74, 0x00,
  0x70, 0x72, 0x6f, 0x63, 0x00, 0x70, 0x75, 0x74, 0x73, 0x00, 0x79, 0x69, 0x65, 0x6c, 0x64, 0x00,
  0x42, 0x6f, 0x6f, 0x6c, 0x00, 0x44, 0x69, 0x72, 0x00, 0x63, 0x6c, 0x6f, 0x73, 0x65, 0x00, 0x72,
  0x65, 0x61, 0x64, 0x00, 0x65, 0x78, 0x69, 0x73, 0x74, 0x3f, 0x00, 0x6d, 0x6b, 0x64, 0x69, 0x72,
  0x00, 0x6f, 0x70, 0x65, 0x6e, 0x00, 0x72, 0x6d, 0x64, 0x69, 0x72, 0x00, 0x44, 0x69, 0x73, 0x70,
  0x6c, 0x61, 0x79, 0x00, 0x62, 0x72, 0x69, 0x67, 0x68, 0x74, 0x6e, 0x65, 0x73, 0x73, 0x3d, 0x00,
  0x63, 0x6f, 0x6e, 0x73, 0x6f, 0x6c, 0x65, 0x00, 0x66, 0x69, 0x6c, 0x6c, 0x5f, 0x73, 0x63, 0x72,
  0x65, 0x65, 0x6e, 0x00, 0x68, 0x65, 0x69, 0x67, 0x68, 0x74, 0x00, 0x77, 0x69, 0x64, 0x74, 0x68,
  0x00, 0x45, 0x6e, 0x75, 0x6d, 0x65, 0x72, 0x61, 0x62, 0x6c, 0x65, 0x00, 0x46, 0x69, 0x6c, 0x65,
  0x00, 0x64, 0x69, 0x72, 0x65, 0x63, 0x74, 0x6f, 0x72, 0x79, 0x3f, 0x00, 0x66, 0x69, 0x6c, 0x65,
  0x3f, 0x00, 0x72, 0x65, 0x6e, 0x61, 0x6d, 0x65, 0x00, 0x75, 0x6e, 0x6c, 0x69, 0x6e, 0x6b, 0x00,
  0x47, 0x50, 0x49, 0x4f, 0x00, 0x68, 0x69, 0x67, 0x68, 0x3f, 0x00, 0x6c, 0x6f, 0x77, 0x3f, 0x00,
  0x6f, 0x70, 0x65, 0x6e, 0x5f, 0x64, 0x72, 0x61, 0x69, 0x6e, 0x00, 0x73, 0x65, 0x74, 0x5f, 0x64,
  0x69, 0x72, 0x00, 0x73, 0x65, 0x74, 0x5f, 0x66, 0x75, 0x6e, 0x63, 0x74, 0x69, 0x6f, 0x6e, 0x00,
  0x73, 0x65, 0x74, 0x5f, 0x70, 0x75, 0x6c, 0x6c, 0x00, 0x73, 0x65, 0x74, 0x6d, 0x6f, 0x64, 0x65,
  0x00, 0x77, 0x72, 0x69, 0x74, 0x65, 0x00, 0x68, 0x69, 0x67, 0x68, 0x5f, 0x61, 0x74, 0x3f, 0x00,
  0x6c, 0x6f, 0x77, 0x5f, 0x61, 0x74, 0x3f, 0x00, 0x6f, 0x70, 0x65, 0x6e, 0x5f, 0x64, 0x72, 0x61,
  0x69, 0x6e, 0x5f, 0x61, 0x74, 0x00, 0x70, 0x75, 0x6c, 0x6c, 0x5f, 0x64, 0x6f, 0x77, 0x6e, 0x5f,
  0x61, 0x74, 0x00, 0x70, 0x75, 0x6c, 0x6c, 0x5f, 0x75, 0x70, 0x5f, 0x61, 0x74, 0x00, 0x72, 0x65,
  0x61, 0x64, 0x5f, 0x61, 0x74, 0x00, 0x73, 0x65, 0x74, 0x5f, 0x64, 0x69, 0x72, 0x5f, 0x61, 0x74,
  0x00, 0x73, 0x65, 0x74, 0x5f, 0x66, 0x75, 0x6e, 0x63, 0x74, 0x69, 0x6f, 0x6e, 0x5f, 0x61, 0x74,
  0x00, 0x77, 0x72, 0x69, 0x74, 0x65, 0x5f, 0x61, 0x74, 0x00, 0x47, 0x50, 0x49, 0x4f, 0x3a, 0x3a,
  0x45, 0x72, 0x72, 0x6f, 0x72, 0x00, 0x70, 0x65, 0x72, 0x69, 0x70, 0x68, 0x65, 0x72, 0x61, 0x6c,
  0x5f, 0x65, 0x72, 0x72, 0x6f, 0x72, 0x00, 0x49, 0x32, 0x43, 0x00, 0x74, 0x69, 0x6d, 0x65, 0x6f,
  0x75, 0x74, 0x00, 0x73, 0x63, 0x61, 0x6e, 0x00, 0x6e, 0x6f, 0x73, 0x74, 0x6f, 0x70, 0x00, 0x66,
  0x72, 0x65, 0x71, 0x75, 0x65, 0x6e, 0x63, 0x79, 0x00, 0x73, 0x63, 0x6c, 0x5f, 0x70, 0x69, 0x6e,
  0x00, 0x73, 0x64, 0x61, 0x5f, 0x70, 0x69, 0x6e, 0x00, 0x75, 0x6e, 0x69, 0x74, 0x00, 0x49, 0x4f,
  0x00, 0x63, 0x6f, 0x6f, 0x6b, 0x65, 0x64, 0x00, 0x63, 0x6f, 0x6f, 0x6b, 0x65, 0x64, 0x21, 0x00,
  0x65, 0x63, 0x68, 0x6f, 0x3d, 0x00, 0x65, 0x63, 0x68, 0x6f, 0x3f, 0x00, 0x67, 0x65, 0x74, 0x63,
  0x68, 0x00, 0x72, 0x61, 0x77, 0x00, 0x72, 0x61, 0x77, 0x21, 0x00, 0x72, 0x65, 0x61, 0x64, 0x5f,
  0x6e, 0x6f, 0x6e, 0x62, 0x6c, 0x6f, 0x63, 0x6b, 0x00, 0x63, 0x6c, 0x65, 0x61, 0x72, 0x5f, 0x73,
  0x63, 0x72, 0x65, 0x65, 0x6e, 0x00, 0x67, 0x65, 0x74, 0x5f, 0x63, 0x75, 0x72, 0x73, 0x6f, 0x72,
  0x5f, 0x70, 0x6f, 0x73, 0x69, 0x74, 0x69, 0x6f, 0x6e, 0x00, 0x77, 0x61, 0x69, 0x74, 0x5f, 0x74,
  0x65, 0x72, 0x6d, 0x69, 0x6e, 0x61, 0x6c, 0x00, 0x4d, 0x61, 0x74, 0x68, 0x00, 0x61, 0x63, 0x6f,
  0x73, 0x00, 0x61, 0x63, 0x6f, 0x73, 0x68, 0x00, 0x61, 0x73, 0x69, 0x6e, 0x00, 0x61, 0x73, 0x69,
  0x6e, 0x68, 0x00, 0x61, 0x74, 0x61, 0x6e, 0x00, 0x61, 0x74, 0x61, 0x6e, 0x32, 0x00, 0x61, 0x74,
  0x61, 0x6e, 0x68, 0x00, 0x63, 0x62, 0x72, 0x74, 0x00, 0x63, 0x6f, 0x73, 0x00, 0x63, 0x6f, 0x73,
  0x68, 0x00, 0x65, 0x72, 0x66, 0x00, 0x65, 0x72, 0x66, 0x63, 0x00, 0x65, 0x78, 0x70, 0x00, 0x68,
  0x79, 0x70, 0x6f, 0x74, 0x00, 0x6c, 0x64, 0x65, 0x78, 0x70, 0x00, 0x6c, 0x6f, 0x67, 0x00, 0x6c,
  0x6f, 0x67, 0x31, 0x30, 0x00, 0x6c, 0x6f, 0x67, 0x32, 0x00, 0x73, 0x69, 0x6e, 0x00, 0x73, 0x69,
  0x6e, 0x68, 0x00, 0x73, 0x71, 0x72, 0x74, 0x00, 0x74, 0x61, 0x6e, 0x00, 0x74, 0x61, 0x6e, 0x68,
  0x00, 0x52, 0x4e, 0x47, 0x00, 0x72, 0x61, 0x6e, 0x64, 0x6f, 0x6d, 0x5f, 0x69, 0x6e, 0x74, 0x00,
  0x72, 0x61, 0x6e, 0x64, 0x6f, 0x6d, 0x5f, 0x73, 0x74, 0x72, 0x69, 0x6e, 0x67, 0x00, 0x75, 0x75,
  0x69, 0x64, 0x00, 0x52, 0x75, 0x6e, 0x74, 0x69, 0x6d, 0x65, 0x45, 0x72, 0x72, 0x6f, 0x72, 0x00,
  0x53, 0x44, 0x00, 0x6d, 0x6f, 0x75, 0x6e, 0x74, 0x00, 0x75, 0x6e, 0x6d, 0x6f, 0x75, 0x6e, 0x74,
  0x00, 0x53, 0x61, 0x6e, 0x64, 0x62, 0x6f, 0x78, 0x00, 0x61, 0x72, 0x65, 0x61, 0x35, 0x31, 0x32,
  0x5f, 0x65, 0x78, 0x65, 0x63, 0x5f, 0x6d, 0x72, 0x62, 0x5f, 0x66, 0x69, 0x6c, 0x65, 0x5f, 0x6b,
  0x65, 0x65, 0x70, 0x00, 0x61, 0x72, 0x65, 0x61, 0x35, 0x31, 0x32, 0x5f, 0x72, 0x65, 0x6c, 0x65,
  0x61, 0x73, 0x65, 0x5f, 0x6b, 0x65, 0x70, 0x74, 0x5f, 0x63, 0x6f, 0x64, 0x65, 0x00, 0x63, 0x6c,
  0x65, 0x61, 0x6e, 0x75, 0x70, 0x00, 0x66, 0x69, 0x6c, 0x65, 0x6e, 0x61, 0x6d, 0x65, 0x00, 0x72,
  0x65, 0x6d, 0x6f, 0x76, 0x65, 0x5f, 0x6c, 0x76, 0x00, 0x63, 0x6f, 0x6d, 0x70, 0x69, 0x6c, 0x65,
  0x00, 0x63, 0x6f, 0x6d, 0x70, 0x69, 0x6c, 0x65, 0x5f, 0x66, 0x72, 0x6f, 0x6d, 0x5f, 0x6d, 0x65,
  0x6d, 0x6f, 0x72, 0x79, 0x00, 0x65, 0x72, 0x72, 0x6f, 0x72, 0x00, 0x65, 0x78, 0x65, 0x63, 0x5f,
  0x6d, 0x72, 0x62, 0x00, 0x65, 0x78, 0x65, 0x63, 0x5f, 0x6d, 0x72, 0x62, 0x5f, 0x66, 0x72, 0x6f,
  0x6d, 0x5f, 0x6d, 0x65, 0x6d, 0x6f, 0x72, 0x79, 0x00, 0x65, 0x78, 0x65, 0x63, 0x75, 0x74, 0x65,
  0x00, 0x66, 0x72, 0x65, 0x65, 0x5f, 0x70, 0x61, 0x72, 0x73, 0x65, 0x72, 0x00, 0x6c, 0x6f, 0x61,
  0x64, 0x5f, 0x66, 0x69, 0x6c, 0x65, 0x00, 0x6c, 0x6f, 0x61, 0x64, 0x5f, 0x6d, 0x61, 0x6e, 0x69,
  0x66, 0x65, 0x73, 0x74, 0x00, 0x72, 0x65, 0x73, 0x75, 0x6c, 0x74, 0x00, 0x72, 0x65, 0x73, 0x75,
  0x6d, 0x65, 0x00, 0x73, 0x74, 0x61, 0x74, 0x65, 0x00, 0x73, 0x74, 0x6f, 0x70, 0x00, 0x73, 0x75,
  0x73, 0x70, 0x65, 0x6e, 0x64, 0x00, 0x74, 0x65, 0x72, 0x6d, 0x69, 0x6e, 0x61, 0x74, 0x65, 0x00,
  0x77, 0x61, 0x69, 0x74, 0x00, 0x53, 0x70, 0x72, 0x69, 0x74, 0x65, 0x00, 0x63, 0x69, 0x72, 0x63,
  0x6c, 0x65, 0x00, 0x66, 0x69, 0x6c, 0x6c, 0x00, 0x66, 0x69, 0x6c, 0x6c, 0x5f, 0x63, 0x69, 0x72,
  0x63, 0x6c, 0x65, 0x00, 0x66, 0x69, 0x6c, 0x6c, 0x5f, 0x72, 0x65, 0x63, 0x74, 0x00, 0x6c, 0x69,
  0x6e, 0x65, 0x00, 0x70, 0x69, 0x78, 0x65, 0x6c, 0x00, 0x72, 0x65, 0x63, 0x74, 0x00, 0x74, 0x65,
  0x78, 0x74, 0x00, 0x57, 0x69, 0x64, 0x67, 0x65, 0x74, 0x00, 0x61, 0x6c, 0x65, 0x72, 0x74, 0x00,
  0x61, 0x6d, 0x62, 0x65, 0x72, 0x00, 0x62, 0x61, 0x64, 0x67, 0x65, 0x00, 0x62, 0x61, 0x72, 0x5f,
  0x63, 0x68, 0x61, 0x72, 0x74, 0x00, 0x62, 0x61, 0x74, 0x74, 0x65, 0x72, 0x79, 0x00, 0x62, 0x67,
  0x00, 0x62, 0x69, 0x67, 0x5f, 0x74, 0x65, 0x78, 0x74, 0x00, 0x62, 0x6f, 0x64, 0x79, 0x5f, 0x62,
  0x6f, 0x74, 0x74, 0x6f, 0x6d, 0x00, 0x62, 0x6f, 0x64, 0x79, 0x5f, 0x68, 0x65, 0x69, 0x67, 0x68,
  0x74, 0x00, 0x62, 0x6f, 0x64, 0x79, 0x5f, 0x74, 0x6f, 0x70, 0x00, 0x62, 0x75, 0x73, 0x79, 0x00,
  0x62, 0x75, 0x74, 0x74, 0x6f, 0x6e, 0x00, 0x63, 0x65, 0x6c, 0x6c, 0x00, 0x63, 0x65, 0x6e, 0x74,
  0x65, 0x72, 0x5f, 0x6c, 0x69, 0x6e, 0x65, 0x73, 0x00, 0x63, 0x68, 0x61, 0x72, 0x5f, 0x77, 0x69,
  0x64, 0x74, 0x68, 0x00, 0x63, 0x68, 0x65, 0x63, 0x6b, 0x62, 0x6f, 0x78, 0x00, 0x63, 0x6c, 0x69,
  0x70, 0x00, 0x63, 0x6f, 0x6e, 0x66, 0x69, 0x72, 0x6d, 0x00, 0x64, 0x61, 0x72, 0x6b, 0x00, 0x64,
  0x69, 0x61, 0x6c, 0x6f, 0x67, 0x00, 0x64, 0x69, 0x6d, 0x00, 0x66, 0x69, 0x65, 0x6c, 0x64, 0x00,
  0x66, 0x6f, 0x6f, 0x74, 0x65, 0x72, 0x00, 0x67, 0x61, 0x75, 0x67, 0x65, 0x00, 0x67, 0x6f, 0x6c,
  0x64, 0x00, 0x68, 0x65, 0x61, 0x64, 0x65, 0x72, 0x00, 0x68, 0x65, 0x61, 0x64, 0x65, 0x72, 0x5f,
  0x68, 0x65, 0x69, 0x67, 0x68, 0x74, 0x00, 0x68, 0x69, 0x6e, 0x74, 0x73, 0x00, 0x68, 0x73, 0x63,
  0x72, 0x6f, 0x6c, 0x6c, 0x62, 0x61, 0x72, 0x00, 0x69, 0x6e, 0x70, 0x75, 0x74, 0x00, 0x69, 0x6e,
  0x70, 0x75, 0x74, 0x5f, 0x6e, 0x75, 0x6d, 0x62, 0x65, 0x72, 0x00, 0x6c, 0x69, 0x6e, 0x65, 0x5f,
  0x63, 0x68, 0x61, 0x72, 0x74, 0x00, 0x6d, 0x61, 0x72, 0x71, 0x75, 0x65, 0x65, 0x00, 0x6d, 0x65,
  0x6e, 0x75, 0x00, 0x70, 0x61, 0x67, 0x65, 0x5f, 0x64, 0x6f, 0x74, 0x73, 0x00, 0x70, 0x61, 0x6e,
  0x65, 0x6c, 0x00, 0x72, 0x61, 0x64, 0x69, 0x6f, 0x00, 0x72, 0x65, 0x61, 0x64, 0x5f, 0x6b, 0x65,
  0x79, 0x00, 0x72, 0x6f, 0x77, 0x5f, 0x68, 0x65, 0x69, 0x67, 0x68, 0x74, 0x00, 0x73, 0x63, 0x72,
  0x6f, 0x6c, 0x6c, 0x62, 0x61, 0x72, 0x00, 0x73, 0x65, 0x70, 0x61, 0x72, 0x61, 0x74, 0x6f, 0x72,
  0x00, 0x73, 0x6c, 0x69, 0x64, 0x65, 0x72, 0x00, 0x73, 0x70, 0x69, 0x6e, 0x6e, 0x65, 0x72, 0x00,
  0x73, 0x70, 0x6c, 0x61, 0x73, 0x68, 0x00, 0x74, 0x61, 0x62, 0x6c, 0x65, 0x5f, 0x68, 0x65, 0x61,
  0x64, 0x65, 0x72, 0x00, 0x74, 0x61, 0x62, 0x6c, 0x65, 0x5f, 0x72, 0x6f, 0x77, 0x00, 0x74, 0x61,
  0x62, 0x73, 0x00, 0x74, 0x65, 0x78, 0x74, 0x5f, 0x63, 0x65, 0x6e, 0x74, 0x65, 0x72, 0x00, 0x74,
  0x65, 0x78, 0x74, 0x5f, 0x72, 0x69, 0x67, 0x68, 0x74, 0x00, 0x74, 0x65, 0x78, 0x74, 0x5f, 0x77,
  0x69, 0x64, 0x74, 0x68, 0x00, 0x74, 0x69, 0x74, 0x6c, 0x65, 0x64, 0x5f, 0x70, 0x61, 0x6e, 0x65,
  0x6c, 0x00, 0x74, 0x6f, 0x61, 0x73, 0x74, 0x00, 0x74, 0x6f, 0x67, 0x67, 0x6c, 0x65, 0x00, 0x76,
  0x73, 0x65, 0x70, 0x61, 0x72, 0x61, 0x74, 0x6f, 0x72, 0x00, 0x77, 0x72, 0x61, 0x70, 0x5f, 0x74,
  0x65, 0x78, 0x74, 0x00, 0x57, 0x69, 0x64, 0x67, 0x65, 0x74, 0x4c, 0x69, 0x73, 0x74, 0x00, 0x61,
  0x64, 0x64, 0x00, 0x61, 0x72, 0x65, 0x61, 0x00, 0x64, 0x72, 0x61, 0x77, 0x00, 0x65, 0x6d, 0x70,
  0x74, 0x79, 0x5f, 0x74, 0x65, 0x78, 0x74, 0x3d, 0x00, 0x68, 0x61, 0x6e, 0x64, 0x6c, 0x65, 0x00,
  0x69, 0x6e, 0x64, 0x65, 0x78, 0x3d, 0x00, 0x6d, 0x61, 0x72, 0x6b, 0x00, 0x6d, 0x61, 0x72, 0x6b,
  0x65, 0x64, 0x3f, 0x00, 0x73, 0x68, 0x6f, 0x77, 0x5f, 0x6d, 0x61, 0x72, 0x6b, 0x73, 0x3d, 0x00,
  0x74, 0x6f, 0x67, 0x67, 0x6c, 0x65, 0x5f, 0x6d, 0x61, 0x72, 0x6b, 0x00, 0x74, 0x6f, 0x70, 0x00,
  0x57, 0x69, 0x64, 0x67, 0x65, 0x74, 0x54, 0x65, 0x78, 0x74, 0x56, 0x69, 0x65, 0x77, 0x00, 0x73,
  0x63, 0x72, 0x6f, 0x6c, 0x6c, 0x00, 0x73, 0x63, 0x72, 0x6f, 0x6c, 0x6c, 0x3d, 0x00, 0x74, 0x65,
  0x78, 0x74, 0x3d, 0x00,
};

const char ti_builtin_signature_pool[] = {
  0x00, 0x21, 0x3d, 0x3a, 0x20, 0x28, 0x75, 0x6e, 0x74, 0x79, 0x70, 0x65, 0x64, 0x20, 0x6f, 0x74,
  0x68, 0x65, 0x72, 0x29, 0x20, 0x2d, 0x3e, 0x20, 0x62, 0x6f, 0x6f, 0x6c, 0x00, 0x3c, 0x3d, 0x3e,
  0x3a, 0x20, 0x28, 0x75, 0x6e, 0x74, 0x79, 0x70, 0x65, 0x64, 0x20, 0x6f, 0x74, 0x68, 0x65, 0x72,
  0x29, 0x20, 0x2d, 0x3e, 0x20, 0x49, 0x6e, 0x74, 0x65, 0x67, 0x65, 0x72, 0x00, 0x3d, 0x3d, 0x3a,
  0x20, 0x28, 0x75, 0x6e, 0x74, 0x79, 0x70, 0x65, 0x64, 0x20, 0x6f, 0x74, 0x68, 0x65, 0x72, 0x29,
  0x20, 0x2d, 0x3e, 0x20, 0x62, 0x6f, 0x6f, 0x6c, 0x00, 0x3d, 0x3d, 0x3d, 0x3a, 0x20, 0x28, 0x75,
  0x6e, 0x74, 0x79, 0x70, 0x65, 0x64, 0x20, 0x6f, 0x74, 0x68, 0x65, 0x72, 0x29, 0x20, 0x2d, 0x3e,
  0x20, 0x62, 0x6f, 0x6f, 0x6c, 0x00, 0x5f, 0x5f, 0x69, 0x64, 0x5f, 0x5f, 0x3a, 0x20, 0x28, 0x29,
  0x20, 0x2d, 0x3e, 0x20, 0x49, 0x6e, 0x74, 0x65, 0x67, 0x65, 0x72, 0x00, 0x61, 0x6c, 0x69, 0x61,
  0x73, 0x5f, 0x6d, 0x65, 0x74, 0x68, 0x6f, 0x64, 0x3a, 0x20, 0x28, 0x53, 0x79, 0x6d, 0x62, 0x6f,
  0x6c, 0x20, 0x7c, 0x20, 0x53, 0x74, 0x72, 0x69, 0x6e, 0x67, 0x20, 0x6e, 0x65, 0x77, 0x5f, 0x6e,
  0x61, 0x6d, 0x65, 0x2c, 0x20, 0x53, 0x79, 0x6d, 0x62, 0x6f, 0x6c, 0x20, 0x7c, 0x20, 0x53, 0x74,
  0x72, 0x69, 0x6e, 0x67, 0x20, 0x6f, 0x6c, 0x64, 0x5f, 0x6e, 0x61, 0x6d, 0x65, 0x29, 0x20, 0x2d,
  0x3e, 0x20, 0x53, 0x79, 0x6d, 0x62, 0x6f, 0x6c, 0x00, 0x61, 0x74, 0x74, 0x72, 0x5f, 0x61, 0x63,
  0x63, 0x65, 0x73, 0x73, 0x6f, 0x72, 0x3a, 0x20, 0x28, 0x2a, 0x53, 0x79, 0x6d, 0x62, 0x6f, 0x6c,
  0x20, 0x6e, 0x61, 0x6d, 0x65, 0x73, 0x29, 0x20, 0x2d, 0x3e, 0x20, 0x6e, 0x69, 0x6c, 0x00, 0x61,
  0x74, 0x74, 0x72, 0x5f, 0x72, 0x65, 0x61, 0x64, 0x65, 0x72, 0x3a, 0x20, 0x28, 0x2a, 0x53, 0x79,
  0x6d, 0x62, 0x6f, 0x6c, 0x20, 0x6e, 0x61, 0x6d, 0x65, 0x73, 0x29, 0x20, 0x2d, 0x3e, 0x20, 0x6e,
  0x69, 0x6c, 0x00, 0x62, 0x6c, 0x6f, 0x63, 0x6b, 0x5f, 0x67, 0x69, 0x76, 0x65, 0x6e, 0x3f, 0x3a,
  0x20, 0x28, 0x29, 0x20, 0x2d, 0x3e, 0x20, 0x62, 0x6f, 0x6f, 0x6c, 0x00, 0x63, 0x6c, 0x61, 0x73,
  0x73, 0x3a, 0x20, 0x28, 0x29, 0x20, 0x2d, 0x3e, 0x20, 0x43, 0x6c, 0x61, 0x73, 0x73, 0x00, 0x63,
  0x6c, 0x61, 0x73, 0x73, 0x3f, 0x3a, 0x20, 0x28, 0x29, 0x20, 0x2d, 0x3e, 0x20, 0x62, 0x6f, 0x6f,
  0x6c, 0x00, 0x63, 0x6f, 0x6e, 0x73, 0x74, 0x5f, 0x64, 0x65, 0x66, 0x69, 0x6e, 0x65, 0x64, 0x3f,
  0x3a, 0x20, 0x28, 0x53, 0x79, 0x6d, 0x62, 0x6f, 0x6c, 0x20, 0x7c, 0x20, 0x53, 0x74, 0x72, 0x69,
  0x6e, 0x67, 0x20, 0x6e, 0x61, 0x6d, 0x65, 0x29, 0x20, 0x2d, 0x3e, 0x20, 0x62, 0x6f, 0x6f, 0x6c,
  0x00, 0x63, 0x6f, 0x6e, 0x73, 0x74, 0x5f, 0x67, 0x65, 0x74, 0x3a, 0x20, 0x28, 0x53, 0x79, 0x6d,
  0x62, 0x6f, 0x6c, 0x20, 0x6e, 0x61, 0x6d, 0x65, 0x29, 0x20, 0x2d, 0x3e, 0x20, 0x75, 0x6e, 0x74,
  0x79, 0x70, 0x65, 0x64, 0x00, 0x64, 0x75, 0x70, 0x3a, 0x20, 0x28, 0x29, 0x20, 0x2d, 0x3e, 0x20,
  0x73, 0x65, 0x6c, 0x66, 0x00, 0x65, 0x78, 0x69, 0x74, 0x3a, 0x20, 0x28, 0x3f, 0x49, 0x6e, 0x74,
  0x65, 0x67, 0x65, 0x72, 0x20, 0x73, 0x74, 0x61, 0x74, 0x75, 0x73, 0x29, 0x20, 0x2d, 0x3e, 0x20,
  0x6e, 0x69, 0x6c, 0x00, 0x65, 0x78, 0x74, 0x65, 0x6e, 0x64, 0x3a, 0x20, 0x28, 0x2a, 0x75, 0x6e,
  0x74, 0x79, 0x70, 0x65, 0x64, 0x20, 0x6d, 0x6f, 0x64, 0x75, 0x6c, 0x65, 0x73, 0x29, 0x20, 0x2d,
  0x3e, 0x20, 0x6e, 0x69, 0x6c, 0x00, 0x69, 0x6e, 0x63, 0x6c, 0x75, 0x64, 0x65, 0x3a, 0x20, 0x28,
  0x2a, 0x75, 0x6e, 0x74, 0x79, 0x70, 0x65, 0x64, 0x20, 0x6d, 0x6f, 0x64, 0x75, 0x6c, 0x65, 0x73,
  0x29, 0x20, 0x2d, 0x3e, 0x20, 0x6e, 0x69, 0x6c, 0x00, 0x69, 0x6e, 0x73, 0x70, 0x65, 0x63, 0x74,
  0x3a, 0x20, 0x28, 0x29, 0x20, 0x2d, 0x3e, 0x20, 0x53, 0x74, 0x72, 0x69, 0x6e, 0x67, 0x00, 0x69,
  0x6e, 0x73, 0x74, 0x61, 0x6e, 0x63, 0x65, 0x5f, 0x65, 0x76, 0x61, 0x6c, 0x3a, 0x20, 0x28, 0x29,
  0x20, 0x7b, 0x20, 0x28, 0x73, 0x65, 0x6c, 0x66, 0x29, 0x20, 0x2d, 0x3e, 0x20, 0x75, 0x6e, 0x74,
  0x79, 0x70, 0x65, 0x64, 0x20, 0x7d, 0x20, 0x2d, 0x3e, 0x20, 0x4f, 0x62, 0x6a, 0x65, 0x63, 0x74,
  0x00, 0x69, 0x6e, 0x73, 0x74, 0x61, 0x6e, 0x63, 0x65, 0x5f, 0x6f, 0x66, 0x3f, 0x3a, 0x20, 0x28,
  0x43, 0x6c, 0x61, 0x73, 0x73, 0x20, 0x6b, 0x6c, 0x61, 0x73, 0x73, 0x29, 0x20, 0x2d, 0x3e, 0x20,
  0x62, 0x6f, 0x6f, 0x6c, 0x00, 0x69, 0x6e, 0x73, 0x74, 0x61, 0x6e, 0x63, 0x65, 0x5f, 0x76, 0x61,
  0x72, 0x69, 0x61, 0x62, 0x6c, 0x65, 0x5f, 0x67, 0x65, 0x74, 0x3a, 0x20, 0x28, 0x53, 0x79, 0x6d,
  0x62, 0x6f, 0x6c, 0x20, 0x7c, 0x20, 0x53, 0x74, 0x72, 0x69, 0x6e, 0x67, 0x20, 0x6e, 0x61, 0x6d,
  0x65, 0x29, 0x20, 0x2d, 0x3e, 0x20, 0x75, 0x6e, 0x74, 0x79, 0x70, 0x65, 0x64, 0x00, 0x69, 0x6e,
  0x73, 0x74, 0x61, 0x6e, 0x63, 0x65, 0x5f, 0x76, 0x61, 0x72, 0x69, 0x61, 0x62, 0x6c, 0x65, 0x5f,
  0x73, 0x65, 0x74, 0x3a, 0x20, 0x28, 0x53, 0x79, 0x6d, 0x62, 0x6f, 0x6c, 0x20, 0x7c, 0x20, 0x53,
  0x74, 0x72, 0x69, 0x6e, 0x67, 0x20, 0x6e, 0x61, 0x6d, 0x65, 0x2c, 0x20, 0x75, 0x6e, 0x74, 0x79,
  0x70, 0x65, 0x64, 0x20, 0x76, 0x61, 0x6c, 0x75, 0x65, 0x29, 0x20, 0x2d, 0x3e, 0x20, 0x75, 0x6e,
  0x74, 0x79, 0x70, 0x65, 0x64, 0x00, 0x69, 0x6e, 0x73, 0x74, 0x61, 0x6e, 0x63, 0x65, 0x5f, 0x76,
  0x61, 0x72, 0x69, 0x61, 0x62, 0x6c, 0x65, 0x73, 0x3a, 0x20, 0x28, 0x29, 0x20, 0x2d, 0x3e, 0x20,
  0x41, 0x72, 0x72, 0x61, 0x79, 0x5b, 0x53, 0x79, 0x6d, 0x62, 0x6f, 0x6c, 0x5d, 0x00, 0x69, 0x73,
  0x5f, 0x61, 0x3f, 0x3a, 0x20, 0x28, 0x75, 0x6e, 0x74, 0x79, 0x70, 0x65, 0x64, 0x20, 0x63, 0x6c,
  0x61, 0x73, 0x73, 0x5f, 0x6f, 0x72, 0x5f, 0x6d, 0x6f, 0x64, 0x75, 0x6c, 0x65, 0x29, 0x20, 0x2d,
  0x3e, 0x20, 0x62, 0x6f, 0x6f, 0x6c, 0x00, 0x6c, 0x6f, 0x6f, 0x70, 0x3a, 0x20, 0x28, 0x29, 0x20,
  0x7b, 0x20, 0x28, 0x6e, 0x69, 0x6c, 0x20, 0x76, 0x61, 0x6c, 0x75, 0x65, 0x29, 0x20, 0x2d, 0x3e,
  0x20, 0x75, 0x6e, 0x74, 0x79, 0x70, 0x65, 0x64, 0x20, 0x7d, 0x20, 0x2d, 0x3e, 0x20, 0x6e, 0x69,
  0x6c, 0x00, 0x6d, 0x65, 0x74, 0x68, 0x6f, 0x64, 0x73, 0x3a, 0x20, 0x28, 0x29, 0x20, 0x2d, 0x3e,
  0x20, 0x41, 0x72, 0x72, 0x61, 0x79, 0x5b, 0x53, 0x79, 0x6d, 0x62, 0x6f, 0x6c, 0x5d, 0x00, 0x6e,
  0x69, 0x6c, 0x3f, 0x3a, 0x20, 0x28, 0x29, 0x20, 0x2d, 0x3e, 0x20, 0x62, 0x6f, 0x6f, 0x6c, 0x00,
  0x6f, 0x62, 0x6a, 0x65, 0x63, 0x74, 0x5f, 0x69, 0x64, 0x3a, 0x20, 0x28, 0x29, 0x20, 0x2d, 0x3e,
  0x20, 0x49, 0x6e, 0x74, 0x65, 0x67, 0x65, 0x72, 0x00, 0x70, 0x72, 0x69, 0x76, 0x61, 0x74, 0x65,
  0x3a, 0x20, 0x28, 0x2a, 0x53, 0x79, 0x6d, 0x62, 0x6f, 0x6c, 0x20, 0x6e, 0x61, 0x6d, 0x65, 0x73,
  0x29, 0x20, 0x2d, 0x3e, 0x20, 0x6e, 0x69, 0x6c, 0x00, 0x70, 0x75, 0x62, 0x6c, 0x69, 0x63, 0x3a,
  0x20, 0x28, 0x2a, 0x53, 0x79, 0x6d, 0x62, 0x6f, 0x6c, 0x20, 0x6e, 0x61, 0x6d, 0x65, 0x73, 0x29,
  0x20, 0x2d, 0x3e, 0x20, 0x6e, 0x69, 0x6c, 0x00, 0x72, 0x61, 0x69, 0x73, 0x65, 0x3a, 0x20, 0x28,
  0x3f, 0x75, 0x6e, 0x74, 0x79, 0x70, 0x65, 0x64, 0x20, 0x65, 0x78, 0x63, 0x65, 0x70, 0x74, 0x69,
  0x6f, 0x6e, 0x2c, 0x20, 0x3f, 0x53, 0x74, 0x72, 0x69, 0x6e, 0x67, 0x20, 0x6d, 0x65, 0x73, 0x73,
  0x61, 0x67, 0x65, 0x29, 0x20, 0x2d, 0x3e, 0x20, 0x62, 0x6f, 0x74, 0x00, 0x72, 0x65, 0x6c, 0x69,
  0x6e, 0x71, 0x75, 0x69, 0x73, 0x68, 0x3a, 0x20, 0x28, 0x29, 0x20, 0x2d, 0x3e, 0x20, 0x62, 0x6f,
  0x6f, 0x6c, 0x00, 0x72, 0x65, 0x73, 0x70, 0x6f, 0x6e, 0x64, 0x5f, 0x74, 0x6f, 0x3f, 0x3a, 0x20,
  0x28, 0x53, 0x79, 0x6d, 0x62, 0x6f, 0x6c, 0x20, 0x7c, 0x20, 0x53, 0x74, 0x72, 0x69, 0x6e, 0x67,
  0x20, 0x6e, 0x61, 0x6d, 0x65, 0x29, 0x20, 0x2d, 0x3e, 0x20, 0x62, 0x6f, 0x6f, 0x6c, 0x00, 0x73,
  0x65, 0x6e, 0x64, 0x3a, 0x20, 0x28, 0x53, 0x79, 0x6d, 0x62, 0x6f, 0x6c, 0x20, 0x7c, 0x20, 0x53,
  0x74, 0x72, 0x69, 0x6e, 0x67, 0x20, 0x6e, 0x61, 0x6d, 0x65, 0x2c, 0x20, 0x2a, 0x75, 0x6e, 0x74,
  0x79, 0x70, 0x65, 0x64, 0x20, 0x61, 0x72, 0x67, 0x73, 0x29, 0x20, 0x2d, 0x3e, 0x20, 0x75, 0x6e,
  0x74, 0x79, 0x70, 0x65, 0x64, 0x00, 0x73, 0x6c, 0x65, 0x65, 0x70, 0x3a, 0x20, 0x28, 0x49, 0x6e,
  0x74, 0x65, 0x67, 0x65, 0x72, 0x20, 0x7c, 0x20, 0x46, 0x6c, 0x6f, 0x61, 0x74, 0x20, 0x64, 0x75,
  0x72, 0x61, 0x74, 0x69, 0x6f, 0x6e, 0x29, 0x20, 0x2d, 0x3e, 0x20, 0x49, 0x6e, 0x74, 0x65, 0x67,
  0x65, 0x72, 0x00, 0x73, 0x6c, 0x65, 0x65, 0x70, 0x5f, 0x6d, 0x73, 0x3a, 0x20, 0x28, 0x49, 0x6e,
  0x74, 0x65, 0x67, 0x65, 0x72, 0x20, 0x6d, 0x69, 0x6c, 0x6c, 0x69, 0x73, 0x65, 0x63, 0x6f, 0x6e,
  0x64, 0x73, 0x29, 0x20, 0x2d, 0x3e, 0x20, 0x49, 0x6e, 0x74, 0x65, 0x67, 0x65, 0x72, 0x00, 0x73,
  0x70, 0x72, 0x69, 0x6e, 0x74, 0x66, 0x3a, 0x20, 0x28, 0x53, 0x74, 0x72, 0x69, 0x6e, 0x67, 0x20,
  0x66, 0x6f, 0x72, 0x6d, 0x61, 0x74, 0x2c, 0x20, 0x2a, 0x75, 0x6e, 0x74, 0x79, 0x70, 0x65, 0x64,
  0x20, 0x61, 0x72, 0x67, 0x75, 0x6d, 0x65, 0x6e, 0x74, 0x73, 0x29, 0x20, 0x2d, 0x3e, 0x20, 0x53,
  0x74, 0x72, 0x69, 0x6e, 0x67, 0x00, 0x74, 0x6f, 0x5f, 0x73, 0x3a, 0x20, 0x28, 0x29, 0x20, 0x2d,
  0x3e, 0x20, 0x53, 0x74, 0x72, 0x69, 0x6e, 0x67, 0x00, 0x61, 0x6e, 0x63, 0x65, 0x73, 0x74, 0x6f,
  0x72, 0x73, 0x3a, 0x20, 0x28, 0x29, 0x20, 0x2d, 0x3e, 0x20, 0x41, 0x72, 0x72, 0x61, 0x79, 0x5b,
  0x43, 0x6c, 0x61, 0x73, 0x73, 0x5d, 0x00, 0x73, 0x6c, 0x65, 0x65, 0x70, 0x3a, 0x20, 0x28, 0x49,
  0x6e, 0x74, 0x65, 0x67, 0x65, 0x72, 0x20, 0x7c, 0x20, 0x46, 0x6c, 0x6f, 0x61, 0x74, 0x29, 0x20,
  0x2d, 0x3e, 0x20, 0x49, 0x6e, 0x74, 0x65, 0x67, 0x65, 0x72, 0x00, 0x73, 0x6c, 0x65, 0x65, 0x70,
  0x5f, 0x6d, 0x73, 0x3a, 0x20, 0x28, 0x49, 0x6e, 0x74, 0x65, 0x67, 0x65, 0x72, 0x29, 0x20, 0x2d,
  0x3e, 0x20, 0x49, 0x6e, 0x74, 0x65, 0x67, 0x65, 0x72, 0x00, 0x25, 0x3a, 0x20, 0x28, 0x49, 0x6e,
  0x74, 0x65, 0x67, 0x65, 0x72, 0x20, 0x7c, 0x20, 0x46, 0x6c, 0x6f, 0x61, 0x74, 0x20, 0x6f, 0x74,
  0x68, 0x65, 0x72, 0x29, 0x20, 0x2d, 0x3e, 0x20, 0x28, 0x49, 0x6e, 0x74, 0x65, 0x67, 0x65, 0x72,
  0x20, 0x7c, 0x20, 0x46, 0x6c, 0x6f, 0x61, 0x74, 0x29, 0x00, 0x26, 0x3a, 0x20, 0x28, 0x49, 0x6e,
  0x74, 0x65, 0x67, 0x65, 0x72, 0x20, 0x6f, 0x74, 0x68, 0x65, 0x72, 0x29, 0x20, 0x2d, 0x3e, 0x20,
  0x49, 0x6e, 0x74, 0x65, 0x67, 0x65, 0x72, 0x00, 0x2a, 0x3a, 0x20, 0x28, 0x49, 0x6e, 0x74, 0x65,
  0x67, 0x65, 0x72, 0x20, 0x7c, 0x20, 0x46, 0x6c, 0x6f, 0x61, 0x74, 0x20, 0x6f, 0x74, 0x68, 0x65,
  0x72, 0x29, 0x20, 0x2d, 0x3e, 0x20, 0x28, 0x49, 0x6e, 0x74, 0x65, 0x67, 0x65, 0x72, 0x20, 0x7c,
  0x20, 0x46, 0x6c, 0x6f, 0x61, 0x74, 0x29, 0x00, 0x2a, 0x2a, 0x3a, 0x20, 0x28, 0x49, 0x6e, 0x74,
  0x65, 0x67, 0x65, 0x72, 0x20, 0x7c, 0x20, 0x46, 0x6c, 0x6f, 0x61, 0x74, 0x20, 0x6f, 0x74, 0x68,
  0x65, 0x72, 0x29, 0x20, 0x2d, 0x3e, 0x20, 0x49, 0x6e, 0x74, 0x65, 0x67, 0x65, 0x72, 0x00, 0x2b,
  0x3a, 0x20, 0x28, 0x49, 0x6e, 0x74, 0x65, 0x67, 0x65, 0x72, 0x20, 0x7c, 0x20, 0x46, 0x6c, 0x6f,
  0x61, 0x74, 0x20, 0x6f, 0x74, 0x68, 0x65, 0x72, 0x29, 0x20, 0x2d, 0x3e, 0x20, 0x28, 0x49, 0x6e,
  0x74, 0x65, 0x67, 0x65, 0x72, 0x20, 0x7c, 0x20, 0x46, 0x6c, 0x6f, 0x61, 0x74, 0x29, 0x00, 0x2b,
  0x40, 0x3a, 0x20, 0x28, 0x29, 0x20, 0x2d, 0x3e, 0x20, 0x49, 0x6e, 0x74, 0x65, 0x67, 0x65, 0x72,
  0x00, 0x2d, 0x3a, 0x20, 0x28, 0x49, 0x6e, 0x74, 0x65, 0x67, 0x65, 0x72, 0x20, 0x7c, 0x20, 0x46,
  0x6c, 0x6f, 0x61, 0x74, 0x20, 0x6f, 0x74, 0x68, 0x65, 0x72, 0x29, 0x20, 0x2d, 0x3e, 0x20, 0x28,
  0x49, 0x6e, 0x74, 0x65, 0x67, 0x65, 0x72, 0x20, 0x7c, 0x20, 0x46, 0x6c, 0x6f, 0x61, 0x74, 0x29,
  0x00, 0x2d, 0x40, 0x3a, 0x20, 0x28, 0x29, 0x20, 0x2d, 0x3e, 0x20, 0x49, 0x6e, 0x74, 0x65, 0x67,
  0x65, 0x72, 0x00, 0x2f, 0x3a, 0x20, 0x28, 0x49, 0x6e, 0x74, 0x65, 0x67, 0x65, 0x72, 0x20, 0x7c,
  0x20, 0x46, 0x6c, 0x6f, 0x61, 0x74, 0x20, 0x6f, 0x74, 0x68, 0x65, 0x72, 0x29, 0x20, 0x2d, 0x3e,
  0x20, 0x28, 0x49, 0x6e, 0x74, 0x65, 0x67, 0x65, 0x72, 0x20, 0x7c, 0x20, 0x46, 0x6c, 0x6f, 0x61,
  0x74, 0x29, 0x00, 0x3c, 0x3a, 0x20, 0x28, 0x49, 0x6e, 0x74, 0x65, 0x67, 0x65, 0x72, 0x20, 0x7c,
  0x20, 0x46, 0x6c, 0x6f, 0x61, 0x74, 0x20, 0x6f, 0x74, 0x68, 0x65, 0x72, 0x29, 0x20, 0x2d, 0x3e,
  0x20, 0x62, 0x6f, 0x6f, 0x6c, 0x00, 0x3c, 0x3c, 0x3a, 0x20, 0x28, 0x49, 0x6e, 0x74, 0x65, 0x67,
  0x65, 0x72, 0x20, 0x6f, 0x74, 0x68, 0x65, 0x72, 0x29, 0x20, 0x2d, 0x3e, 0x20, 0x49, 0x6e, 0x74,
  0x65, 0x67, 0x65, 0x72, 0x00, 0x3c, 0x3d, 0x3a, 0x20, 0x28, 0x49, 0x6e, 0x74, 0x65, 0x67, 0x65,
  0x72, 0x20, 0x7c, 0x20, 0x46, 0x6c, 0x6f, 0x61, 0x74, 0x20, 0x6f, 0x74, 0x68, 0x65, 0x72, 0x29,
  0x20, 0x2d, 0x3e, 0x20, 0x62, 0x6f, 0x6f, 0x6c, 0x00, 0x3c, 0x3d, 0x3e, 0x3a, 0x20, 0x28, 0x49,
  0x6e, 0x74, 0x65, 0x67, 0x65, 0x72, 0x20, 0x7c, 0x20, 0x75, 0x6e, 0x74, 0x79, 0x70, 0x65, 0x64,
  0x20, 0x6f, 0x74, 0x68, 0x65, 0x72, 0x29, 0x20, 0x2d, 0x3e, 0x20, 0x49, 0x6e, 0x74, 0x65, 0x67,
  0x65, 0x72, 0x00, 0x3e, 0x3a, 0x20, 0x28, 0x49, 0x6e, 0x74, 0x65, 0x67, 0x65, 0x72, 0x20, 0x7c,
  0x20, 0x46, 0x6c, 0x6f, 0x61, 0x74, 0x20, 0x6f, 0x74, 0x68, 0x65, 0x72, 0x29, 0x20, 0x2d, 0x3e,
  0x20, 0x62, 0x6f, 0x6f, 0x6c, 0x00, 0x3e, 0x3d, 0x3a, 0x20, 0x28, 0x49, 0x6e, 0x74, 0x65, 0x67,
  0x65, 0x72, 0x20, 0x7c, 0x20, 0x46, 0x6c, 0x6f, 0x61, 0x74, 0x20, 0x6f, 0x74, 0x68, 0x65, 0x72,
  0x29, 0x20, 0x2d, 0x3e, 0x20, 0x62, 0x6f, 0x6f, 0x6c, 0x00, 0x3e, 0x3e, 0x3a, 0x20, 0x28, 0x49,
  0x6e, 0x74, 0x65, 0x67, 0x65, 0x72, 0x20, 0x6f, 0x74, 0x68, 0x65, 0x72, 0x29, 0x20, 0x2d, 0x3e,
  0x20, 0x49, 0x6e, 0x74, 0x65, 0x67, 0x65, 0x72, 0x00, 0x5b, 0x5d, 0x3a, 0x20, 0x28, 0x75, 0x6e,
  0x74, 0x79, 0x70, 0x65, 0x64, 0x20, 0x69, 0x6e, 0x64, 0x65, 0x78, 0x29, 0x20, 0x2d, 0x3e, 0x20,
  0x49, 0x6e, 0x74, 0x65, 0x67, 0x65, 0x72, 0x00, 0x5e, 0x3a, 0x20, 0x28, 0x49, 0x6e, 0x74, 0x65,
  0x67, 0x65, 0x72, 0x20, 0x6f, 0x74, 0x68, 0x65, 0x72, 0x29, 0x20, 0x2d, 0x3e, 0x20, 0x49, 0x6e,
  0x74, 0x65, 0x67, 0x65, 0x72, 0x00, 0x61, 0x62, 0x73, 0x3a, 0x20, 0x28, 0x29, 0x20, 0x2d, 0x3e,
  0x20, 0x49, 0x6e, 0x74, 0x65, 0x67, 0x65, 0x72, 0x00, 0x63, 0x68, 0x72, 0x3a, 0x20, 0x28, 0x29,
  0x20, 0x2d, 0x3e, 0x20, 0x53, 0x74, 0x72, 0x69, 0x6e, 0x67, 0x00, 0x64, 0x6f, 0x77, 0x6e, 0x74,
  0x6f, 0x3a, 0x20, 0x28, 0x49, 0x6e, 0x74, 0x65, 0x67, 0x65, 0x72, 0x20, 0x6c, 0x69, 0x6d, 0x69,
  0x74, 0x29, 0x20, 0x7b, 0x20, 0x28, 0x49, 0x6e, 0x74, 0x65, 0x67, 0x65, 0x72, 0x20, 0x62, 0x6c,
  0x6f, 0x63, 0x6b, 0x5f, 0x6c, 0x69, 0x6d, 0x69, 0x74, 0x29, 0x20, 0x2d, 0x3e, 0x20, 0x75, 0x6e,
  0x74, 0x79, 0x70, 0x65, 0x64, 0x20, 0x7d, 0x20, 0x2d, 0x3e, 0x20, 0x49, 0x6e, 0x74, 0x65, 0x67,
  0x65, 0x72, 0x00, 0x74, 0x69, 0x6d, 0x65, 0x73, 0x3a, 0x20, 0x28, 0x29, 0x20, 0x7b, 0x20, 0x28,
  0x49, 0x6e, 0x74, 0x65, 0x67, 0x65, 0x72, 0x20, 0x69, 0x6e, 0x64, 0x65, 0x78, 0x29, 0x20, 0x2d,
  0x3e, 0x20, 0x75, 0x6e, 0x74, 0x79, 0x70, 0x65, 0x64, 0x20, 0x7d, 0x20, 0x2d, 0x3e, 0x20, 0x49,
  0x6e, 0x74, 0x65, 0x67, 0x65, 0x72, 0x00, 0x74, 0x6f, 0x5f, 0x66, 0x3a, 0x20, 0x28, 0x29, 0x20,
  0x2d, 0x3e, 0x20, 0x46, 0x6c, 0x6f, 0x61, 0x74, 0x00, 0x74, 0x6f, 0x5f, 0x69, 0x3a, 0x20, 0x28,
  0x29, 0x20, 0x2d, 0x3e, 0x20, 0x49, 0x6e, 0x74, 0x65, 0x67, 0x65, 0x72, 0x00, 0x74, 0x6f, 0x5f,
  0x73, 0x3a, 0x20, 0x28, 0x3f, 0x49, 0x6e, 0x74, 0x65, 0x67, 0x65, 0x72, 0x20, 0x62, 0x61, 0x73,
  0x65, 0x29, 0x20, 0x2d, 0x3e, 0x20, 0x53, 0x74, 0x72, 0x69, 0x6e, 0x67, 0x00, 0x7c, 0x3a, 0x20,
  0x28, 0x49, 0x6e, 0x74, 0x65, 0x67, 0x65, 0x72, 0x20, 0x6f, 0x74, 0x68, 0x65, 0x72, 0x29, 0x20,
  0x2d, 0x3e, 0x20, 0x49, 0x6e, 0x74, 0x65, 0x67, 0x65, 0x72, 0x00, 0x7e, 0x3a, 0x20, 0x28, 0x29,
  0x20, 0x2d, 0x3e, 0x20, 0x49, 0x6e, 0x74, 0x65, 0x67, 0x65, 0x72, 0x00, 0x25, 0x3a, 0x20, 0x28,
  0x49, 0x6e, 0x74, 0x65, 0x67, 0x65, 0x72, 0x20, 0x7c, 0x20, 0x46, 0x6c, 0x6f, 0x61, 0x74, 0x20,
  0x6f, 0x74, 0x68, 0x65, 0x72, 0x29, 0x20, 0x2d, 0x3e, 0x20, 0x46, 0x6c, 0x6f, 0x61, 0x74, 0x00,
  0x2a, 0x3a, 0x20, 0x28, 0x49, 0x6e, 0x74, 0x65, 0x67, 0x65, 0x72, 0x20, 0x7c, 0x20, 0x46, 0x6c,
  0x6f, 0x61, 0x74, 0x20, 0x6f, 0x74, 0x68, 0x65, 0x72, 0x29, 0x20, 0x2d, 0x3e, 0x20, 0x46, 0x6c,
  0x6f, 0x61, 0x74, 0x00, 0x2a, 0x2a, 0x3a, 0x20, 0x28, 0x49, 0x6e, 0x74, 0x65, 0x67, 0x65, 0x72,
  0x20, 0x7c, 0x20, 0x46, 0x6c, 0x6f, 0x61, 0x74, 0x20, 0x6f, 0x74, 0x68, 0x65, 0x72, 0x29, 0x20,
  0x2d, 0x3e, 0x20, 0x46, 0x6c, 0x6f, 0x61, 0x74, 0x00, 0x2b, 0x3a, 0x20, 0x28, 0x49, 0x6e, 0x74,
  0x65, 0x67, 0x65, 0x72, 0x20, 0x7c, 0x20, 0x46, 0x6c, 0x6f, 0x61, 0x74, 0x20, 0x6f, 0x74, 0x68,
  0x65, 0x72, 0x29, 0x20, 0x2d, 0x3e, 0x20, 0x46, 0x6c, 0x6f, 0x61, 0x74, 0x00, 0x2b, 0x40, 0x3a,
  0x20, 0x28, 0x29, 0x20, 0x2d, 0x3e, 0x20, 0x46, 0x6c, 0x6f, 0x61, 0x74, 0x00, 0x2d, 0x3a, 0x20,
  0x28, 0x49, 0x6e, 0x74, 0x65, 0x67, 0x65, 0x72, 0x20, 0x7c, 0x20, 0x46, 0x6c, 0x6f, 0x61, 0x74,
  0x20, 0x6f, 0x74, 0x68, 0x65, 0x72, 0x29, 0x20, 0x2d, 0x3e, 0x20, 0x46, 0x6c, 0x6f, 0x61, 0x74,
  0x00, 0x2d, 0x40, 0x3a, 0x20, 0x28, 0x29, 0x20, 0x2d, 0x3e, 0x20, 0x46, 0x6c, 0x6f, 0x61, 0x74,
  0x00, 0x2f, 0x3a, 0x20, 0x28, 0x49, 0x6e, 0x74, 0x65, 0x67, 0x65, 0x72, 0x20, 0x7c, 0x20, 0x46,
  0x6c, 0x6f, 0x61, 0x74, 0x20, 0x6f, 0x74, 0x68, 0x65, 0x72, 0x29, 0x20, 0x2d, 0x3e, 0x20, 0x46,
  0x6c, 0x6f, 0x61, 0x74, 0x00, 0x3c, 0x3d, 0x3e, 0x3a, 0x20, 0x28, 0x49, 0x6e, 0x74, 0x65, 0x67,
  0x65, 0x72, 0x20, 0x7c, 0x20, 0x46, 0x6c, 0x6f, 0x61, 0x74, 0x20, 0x6f, 0x74, 0x68, 0x65, 0x72,
  0x29, 0x20, 0x2d, 0x3e, 0x20, 0x28, 0x49, 0x6e, 0x74, 0x65, 0x67, 0x65, 0x72, 0x20, 0x7c, 0x20,
  0x6e, 0x69, 0x6c, 0x29, 0x00, 0x61, 0x62, 0x73, 0x3a, 0x20, 0x28, 0x29, 0x20, 0x2d, 0x3e, 0x20,
  0x46, 0x6c, 0x6f, 0x61, 0x74, 0x00, 0x21, 0x3a, 0x20, 0x28, 0x29, 0x20, 0x2d, 0x3e, 0x20, 0x62,
  0x6f, 0x6f, 0x6c, 0x00, 0x2a, 0x3a, 0x20, 0x28, 0x49, 0x6e, 0x74, 0x65, 0x67, 0x65, 0x72, 0x20,
  0x63, 0x6f, 0x75, 0x6e, 0x74, 0x29, 0x20, 0x2d, 0x3e, 0x20, 0x53, 0x74, 0x72, 0x69, 0x6e, 0x67,
  0x00, 0x2b, 0x3a, 0x20, 0x28, 0x53, 0x74, 0x72, 0x69, 0x6e, 0x67, 0x20, 0x6f, 0x74, 0x68, 0x65,
  0x72, 0x29, 0x20, 0x2d, 0x3e, 0x20, 0x53, 0x74, 0x72, 0x69, 0x6e, 0x67, 0x00, 0x3c, 0x3a, 0x20,
  0x28, 0x53, 0x74, 0x72, 0x69, 0x6e, 0x67, 0x20, 0x6f, 0x74, 0x68, 0x65, 0x72, 0x29, 0x20, 0x2d,
  0x3e, 0x20, 0x62, 0x6f, 0x6f, 0x6c, 0x00, 0x3c, 0x3c, 0x3a, 0x20, 0x28, 0x53, 0x74, 0x72, 0x69,
  0x6e, 0x67, 0x20, 0x7c, 0x20, 0x49, 0x6e, 0x74, 0x65, 0x67, 0x65, 0x72, 0x20, 0x73, 0x74, 0x72,
  0x69, 0x6e, 0x67, 0x5f, 0x6f, 0x72, 0x5f, 0x63, 0x6f, 0x64, 0x65, 0x70, 0x6f, 0x69, 0x6e, 0x74,
  0x29, 0x20, 0x2d, 0x3e, 0x20, 0x53, 0x74, 0x72, 0x69, 0x6e, 0x67, 0x00, 0x3c, 0x3d, 0x3a, 0x20,
  0x28, 0x53, 0x74, 0x72, 0x69, 0x6e, 0x67, 0x20, 0x6f, 0x74, 0x68, 0x65, 0x72, 0x29, 0x20, 0x2d,
  0x3e, 0x20, 0x62, 0x6f, 0x6f, 0x6c, 0x00, 0x3c, 0x3d, 0x3e, 0x3a, 0x20, 0x28, 0x53, 0x74, 0x72,
  0x69, 0x6e, 0x67, 0x20, 0x6f, 0x74, 0x68, 0x65, 0x72, 0x29, 0x20, 0x2d, 0x3e, 0x20, 0x49, 0x6e,
  0x74, 0x65, 0x67, 0x65, 0x72, 0x00, 0x3e, 0x3a, 0x20, 0x28, 0x53, 0x74, 0x72, 0x69, 0x6e, 0x67,
  0x20, 0x6f, 0x74, 0x68, 0x65, 0x72, 0x29, 0x20, 0x2d, 0x3e, 0x20, 0x62, 0x6f, 0x6f, 0x6c, 0x00,
  0x3e, 0x3d, 0x3a, 0x20, 0x28, 0x53, 0x74, 0x72, 0x69, 0x6e, 0x67, 0x20, 0x6f, 0x74, 0x68, 0x65,
  0x72, 0x29, 0x20, 0x2d, 0x3e, 0x20, 0x62, 0x6f, 0x6f, 0x6c, 0x00, 0x5b, 0x5d, 0x3a, 0x20, 0x28,
  0x75, 0x6e, 0x74, 0x79, 0x70, 0x65, 0x64, 0x20, 0x69, 0x6e, 0x64, 0x65, 0x78, 0x5f, 0x6f, 0x72,
  0x5f, 0x72, 0x61, 0x6e, 0x67, 0x65, 0x29, 0x20, 0x2d, 0x3e, 0x20, 0x28, 0x53, 0x74, 0x72, 0x69,
  0x6e, 0x67, 0x20, 0x7c, 0x20, 0x6e, 0x69, 0x6c, 0x29, 0x00, 0x5b, 0x5d, 0x3d, 0x3a, 0x20, 0x28,
  0x75, 0x6e, 0x74, 0x79, 0x70, 0x65, 0x64, 0x20, 0x69, 0x6e, 0x64, 0x65, 0x78, 0x5f, 0x6f, 0x72,
  0x5f, 0x72, 0x61, 0x6e, 0x67, 0x65, 0x2c, 0x20, 0x53, 0x74, 0x72, 0x69, 0x6e, 0x67, 0x20, 0x72,
  0x65, 0x70, 0x6c, 0x61, 0x63, 0x65, 0x6d, 0x65, 0x6e, 0x74, 0x29, 0x20, 0x2d, 0x3e, 0x20, 0x53,
  0x74, 0x72, 0x69, 0x6e, 0x67, 0x00, 0x5f, 0x5f, 0x6c, 0x6a, 0x75, 0x73, 0x74, 0x5f, 0x72, 0x6a,
  0x75, 0x73, 0x74, 0x5f, 0x61, 0x72, 0x67, 0x63, 0x68, 0x65, 0x63, 0x6b, 0x3a, 0x20, 0x28, 0x49,
  0x6e, 0x74, 0x65, 0x67, 0x65, 0x72, 0x20, 0x7c, 0x20, 0x53, 0x74, 0x72, 0x69, 0x6e, 0x67, 0x20,
  0x77, 0x69, 0x64, 0x74, 0x68, 0x5f, 0x6f, 0x72, 0x5f, 0x70, 0x61, 0x64, 0x64, 0x69, 0x6e, 0x67,
  0x29, 0x20, 0x2d, 0x3e, 0x20, 0x6e, 0x69, 0x6c, 0x00, 0x62, 0x79, 0x74, 0x65, 0x73, 0x3a, 0x20,
  0x28, 0x29, 0x20, 0x2d, 0x3e, 0x20, 0x41, 0x72, 0x72, 0x61, 0x79, 0x5b, 0x49, 0x6e, 0x74, 0x65,
  0x67, 0x65, 0x72, 0x5d, 0x00, 0x63, 0x68, 0x61, 0x72, 0x73, 0x3a, 0x20, 0x28, 0x29, 0x20, 0x2d,
  0x3e, 0x20, 0x41, 0x72, 0x72, 0x61, 0x79, 0x5b, 0x53, 0x74, 0x72, 0x69, 0x6e, 0x67, 0x5d, 0x00,
  0x63, 0x68, 0x6f, 0x6d, 0x70, 0x3a, 0x20, 0x28, 0x29, 0x20, 0x2d, 0x3e, 0x20, 0x53, 0x74, 0x72,
  0x69, 0x6e, 0x67, 0x00, 0x63, 0x68, 0x6f, 0x6d, 0x70, 0x21, 0x3a, 0x20, 0x28, 0x29, 0x20, 0x2d,
  0x3e, 0x20, 0x28, 0x53, 0x74, 0x72, 0x69, 0x6e, 0x67, 0x20, 0x7c, 0x20, 0x6e, 0x69, 0x6c, 0x29,
  0x00, 0x63, 0x6c, 0x65, 0x61, 0x72, 0x3a, 0x20, 0x28, 0x29, 0x20, 0x2d, 0x3e, 0x20, 0x53, 0x74,
  0x72, 0x69, 0x6e, 0x67, 0x00, 0x64, 0x6f, 0x77, 0x6e, 0x63, 0x61, 0x73, 0x65, 0x3a, 0x20, 0x28,
  0x29, 0x20, 0x2d, 0x3e, 0x20, 0x53, 0x74, 0x72, 0x69, 0x6e, 0x67, 0x00, 0x64, 0x6f, 0x77, 0x6e,
  0x63, 0x61, 0x73, 0x65, 0x21, 0x3a, 0x20, 0x28, 0x29, 0x20, 0x2d, 0x3e, 0x20, 0x28, 0x53, 0x74,
  0x72, 0x69, 0x6e, 0x67, 0x20, 0x7c, 0x20, 0x6e, 0x69, 0x6c, 0x29, 0x00, 0x65, 0x61, 0x63, 0x68,
  0x5f, 0x62, 0x79, 0x74, 0x65, 0x3a, 0x20, 0x28, 0x29, 0x20, 0x7b, 0x20, 0x28, 0x49, 0x6e, 0x74,
  0x65, 0x67, 0x65, 0x72, 0x20, 0x62, 0x79, 0x74, 0x65, 0x29, 0x20, 0x2d, 0x3e, 0x20, 0x75, 0x6e,
  0x74, 0x79, 0x70, 0x65, 0x64, 0x20, 0x7d, 0x20, 0x2d, 0x3e, 0x20, 0x73, 0x65, 0x6c, 0x66, 0x00,
  0x65, 0x61, 0x63, 0x68, 0x5f, 0x63, 0x68, 0x61, 0x72, 0x3a, 0x20, 0x28, 0x29, 0x20, 0x7b, 0x20,
  0x28, 0x53, 0x74, 0x72, 0x69, 0x6e, 0x67, 0x20, 0x63, 0x68, 0x61, 0x72, 0x61, 0x63, 0x74, 0x65,
  0x72, 0x29, 0x20, 0x2d, 0x3e, 0x20, 0x75, 0x6e, 0x74, 0x79, 0x70, 0x65, 0x64, 0x20, 0x7d, 0x20,
  0x2d, 0x3e, 0x20, 0x73, 0x65, 0x6c, 0x66, 0x00, 0x65, 0x61, 0x63, 0x68, 0x5f, 0x6c, 0x69, 0x6e,
  0x65, 0x3a, 0x20, 0x28, 0x3f, 0x53, 0x74, 0x72, 0x69, 0x6e, 0x67, 0x20, 0x73, 0x65, 0x70, 0x61,
  0x72, 0x61, 0x74, 0x6f, 0x72, 0x2c, 0x20, 0x3f, 0x63, 0x68, 0x6f, 0x6d, 0x70, 0x3a, 0x20, 0x62,
  0x6f, 0x6f, 0x6c, 0x29, 0x20, 0x7b, 0x20, 0x28, 0x53, 0x74, 0x72, 0x69, 0x6e, 0x67, 0x20, 0x6c,
  0x69, 0x6e, 0x65, 0x29, 0x20, 0x2d, 0x3e, 0x20, 0x75, 0x6e, 0x74, 0x79, 0x70, 0x65, 0x64, 0x20,
  0x7d, 0x20, 0x2d, 0x3e, 0x20, 0x53, 0x74, 0x72, 0x69, 0x6e, 0x67, 0x00, 0x65, 0x6d, 0x70, 0x74,
  0x79, 0x3f, 0x3a, 0x20, 0x28, 0x29, 0x20, 0x2d, 0x3e, 0x20, 0x62, 0x6f, 0x6f, 0x6c, 0x00, 0x65,
  0x6e, 0x64, 0x5f, 0x77, 0x69, 0x74, 0x68, 0x3f, 0x3a, 0x20, 0x28, 0x53, 0x74, 0x72, 0x69, 0x6e,
  0x67, 0x20, 0x73, 0x75, 0x66, 0x66, 0x69, 0x78, 0x29, 0x20, 0x2d, 0x3e, 0x20, 0x62, 0x6f, 0x6f,
  0x6c, 0x00, 0x67, 0x65, 0x74, 0x62, 0x79, 0x74, 0x65, 0x3a, 0x20, 0x28, 0x49, 0x6e, 0x74, 0x65,
  0x67, 0x65, 0x72, 0x20, 0x69, 0x6e, 0x64, 0x65, 0x78, 0x29, 0x20, 0x2d, 0x3e, 0x20, 0x28, 0x49,
  0x6e, 0x74, 0x65, 0x67, 0x65, 0x72, 0x20, 0x7c, 0x20, 0x6e, 0x69, 0x6c, 0x29, 0x00, 0x69, 0x6e,
  0x63, 0x6c, 0x75, 0x64, 0x65, 0x3f, 0x3a, 0x20, 0x28, 0x53, 0x74, 0x72, 0x69, 0x6e, 0x67, 0x20,
  0x6f, 0x74, 0x68, 0x65, 0x72, 0x29, 0x20, 0x2d, 0x3e, 0x20, 0x62, 0x6f, 0x6f, 0x6c, 0x00, 0x69,
  0x6e, 0x64, 0x65, 0x78, 0x3a, 0x20, 0x28, 0x53, 0x74, 0x72, 0x69, 0x6e, 0x67, 0x20, 0x7c, 0x20,
  0x49, 0x6e, 0x74, 0x65, 0x67, 0x65, 0x72, 0x20, 0x73, 0x75, 0x62, 0x73, 0x74, 0x72, 0x69, 0x6e,
  0x67, 0x5f, 0x6f, 0x72, 0x5f, 0x63, 0x6f, 0x64, 0x65, 0x70, 0x6f, 0x69, 0x6e, 0x74, 0x2c, 0x20,
  0x3f, 0x49, 0x6e, 0x74, 0x65, 0x67, 0x65, 0x72, 0x20, 0x6f, 0x66, 0x66, 0x73, 0x65, 0x74, 0x29,
  0x20, 0x2d, 0x3e, 0x20, 0x28, 0x49, 0x6e, 0x74, 0x65, 0x67, 0x65, 0x72, 0x20, 0x7c, 0x20, 0x6e,
  0x69, 0x6c, 0x29, 0x00, 0x69, 0x6e, 0x74, 0x65, 0x72, 0x6e, 0x3a, 0x20, 0x28, 0x29, 0x20, 0x2d,
  0x3e, 0x20, 0x53, 0x79, 0x6d, 0x62, 0x6f, 0x6c, 0x00, 0x6c, 0x65, 0x6e, 0x67, 0x74, 0x68, 0x3a,
  0x20, 0x28, 0x29, 0x20, 0x2d, 0x3e, 0x20, 0x49, 0x6e, 0x74, 0x65, 0x67, 0x65, 0x72, 0x00, 0x6c,
  0x6a, 0x75, 0x73, 0x74, 0x3a, 0x20, 0x28, 0x49, 0x6e, 0x74, 0x65, 0x67, 0x65, 0x72, 0x20, 0x77,
  0x69, 0x64, 0x74, 0x68, 0x2c, 0x20, 0x3f, 0x53, 0x74, 0x72, 0x69, 0x6e, 0x67, 0x20, 0x70, 0x61,
  0x64, 0x64, 0x69, 0x6e, 0x67, 0x29, 0x20, 0x2d, 0x3e, 0x20, 0x53, 0x74, 0x72, 0x69, 0x6e, 0x67,
  0x00, 0x6c, 0x73, 0x74, 0x72, 0x69, 0x70, 0x3a, 0x20, 0x28, 0x29, 0x20, 0x2d, 0x3e, 0x20, 0x53,
  0x74, 0x72, 0x69, 0x6e, 0x67, 0x00, 0x6c, 0x73, 0x74, 0x72, 0x69, 0x70, 0x21, 0x3a, 0x20, 0x28,
  0x29, 0x20, 0x2d, 0x3e, 0x20, 0x28, 0x53, 0x74, 0x72, 0x69, 0x6e, 0x67, 0x20, 0x7c, 0x20, 0x6e,
  0x69, 0x6c, 0x29, 0x00, 0x6f, 0x72, 0x64, 0x3a, 0x20, 0x28, 0x29, 0x20, 0x2d, 0x3e, 0x20, 0x49,
  0x6e, 0x74, 0x65, 0x67, 0x65, 0x72, 0x00, 0x72, 0x6a, 0x75, 0x73, 0x74, 0x3a, 0x20, 0x28, 0x49,
  0x6e, 0x74, 0x65, 0x67, 0x65, 0x72, 0x20, 0x77, 0x69, 0x64, 0x74, 0x68, 0x2c, 0x20, 0x3f, 0x53,
  0x74, 0x72, 0x69, 0x6e, 0x67, 0x20, 0x70, 0x61, 0x64, 0x64, 0x69, 0x6e, 0x67, 0x29, 0x20, 0x2d,
  0x3e, 0x20, 0x53, 0x74, 0x72, 0x69, 0x6e, 0x67, 0x00, 0x72, 0x73, 0x74, 0x72, 0x69, 0x70, 0x3a,
  0x20, 0x28, 0x29, 0x20, 0x2d, 0x3e, 0x20, 0x53, 0x74, 0x72, 0x69, 0x6e, 0x67, 0x00, 0x72, 0x73,
  0x74, 0x72, 0x69, 0x70, 0x21, 0x3a, 0x20, 0x28, 0x29, 0x20, 0x2d, 0x3e, 0x20, 0x28, 0x53, 0x74,
  0x72, 0x69, 0x6e, 0x67, 0x20, 0x7c, 0x20, 0x6e, 0x69, 0x6c, 0x29, 0x00, 0x73, 0x69, 0x7a, 0x65,
  0x3a, 0x20, 0x28, 0x29, 0x20, 0x2d, 0x3e, 0x20, 0x49, 0x6e, 0x74, 0x65, 0x67, 0x65, 0x72, 0x00,
  0x73, 0x6c, 0x69, 0x63, 0x65, 0x3a, 0x20, 0x28, 0x75, 0x6e, 0x74, 0x79, 0x70, 0x65, 0x64, 0x20,
  0x69, 0x6e, 0x64, 0x65, 0x78, 0x5f, 0x6f, 0x72, 0x5f, 0x72, 0x61, 0x6e, 0x67, 0x65, 0x29, 0x20,
  0x2d, 0x3e, 0x20, 0x28, 0x53, 0x74, 0x72, 0x69, 0x6e, 0x67, 0x20, 0x7c, 0x20, 0x6e, 0x69, 0x6c,
  0x29, 0x00, 0x73, 0x70, 0x6c, 0x69, 0x74, 0x3a, 0x20, 0x28, 0x3f, 0x53, 0x74, 0x72, 0x69, 0x6e,
  0x67, 0x20, 0x73, 0x65, 0x70, 0x61, 0x72, 0x61, 0x74, 0x6f, 0x72, 0x2c, 0x20, 0x3f, 0x49, 0x6e,
  0x74, 0x65, 0x67, 0x65, 0x72, 0x20, 0x6c, 0x69, 0x6d, 0x69, 0x74, 0x29, 0x20, 0x2d, 0x3e, 0x20,
  0x41, 0x72, 0x72, 0x61, 0x79, 0x5b, 0x53, 0x74, 0x72, 0x69, 0x6e, 0x67, 0x5d, 0x00, 0x73, 0x74,
  0x61, 0x72, 0x74, 0x5f, 0x77, 0x69, 0x74, 0x68, 0x3f, 0x3a, 0x20, 0x28, 0x53, 0x74, 0x72, 0x69,
  0x6e, 0x67, 0x20, 0x70, 0x72, 0x65, 0x66, 0x69, 0x78, 0x29, 0x20, 0x2d, 0x3e, 0x20, 0x62, 0x6f,
  0x6f, 0x6c, 0x00, 0x73, 0x74, 0x72, 0x69, 0x70, 0x3a, 0x20, 0x28, 0x29, 0x20, 0x2d, 0x3e, 0x20,
  0x53, 0x74, 0x72, 0x69, 0x6e, 0x67, 0x00, 0x73, 0x74, 0x72, 0x69, 0x70, 0x21, 0x3a, 0x20, 0x28,
  0x29, 0x20, 0x2d, 0x3e, 0x20, 0x28, 0x53, 0x74, 0x72, 0x69, 0x6e, 0x67, 0x20, 0x7c, 0x20, 0x6e,
  0x69, 0x6c, 0x29, 0x00, 0x74, 0x6f, 0x5f, 0x69, 0x3a, 0x20, 0x28, 0x3f, 0x49, 0x6e, 0x74, 0x65,
  0x67, 0x65, 0x72, 0x20, 0x62, 0x61, 0x73, 0x65, 0x29, 0x20, 0x2d, 0x3e, 0x20, 0x49, 0x6e, 0x74,
  0x65, 0x67, 0x65, 0x72, 0x00, 0x74, 0x6f, 0x5f, 0x73, 0x79, 0x6d, 0x3a, 0x20, 0x28, 0x29, 0x20,
  0x2d, 0x3e, 0x20, 0x53, 0x79, 0x6d, 0x62, 0x6f, 0x6c, 0x00, 0x74, 0x72, 0x3a, 0x20, 0x28, 0x53,
  0x74, 0x72, 0x69, 0x6e, 0x67, 0x20, 0x73, 0x6f, 0x75, 0x72, 0x63, 0x65, 0x2c, 0x20, 0x53, 0x74,
  0x72, 0x69, 0x6e, 0x67, 0x20, 0x72, 0x65, 0x70, 0x6c, 0x61, 0x63, 0x65, 0x6d, 0x65, 0x6e, 0x74,
  0x29, 0x20, 0x2d, 0x3e, 0x20, 0x53, 0x74, 0x72, 0x69, 0x6e, 0x67, 0x00, 0x74, 0x72, 0x21, 0x3a,
  0x20, 0x28, 0x53, 0x74, 0x72, 0x69, 0x6e, 0x67, 0x20, 0x73, 0x6f, 0x75, 0x72, 0x63, 0x65, 0x2c,
  0x20, 0x53, 0x74, 0x72, 0x69, 0x6e, 0x67, 0x20, 0x72, 0x65, 0x70, 0x6c, 0x61, 0x63, 0x65, 0x6d,
  0x65, 0x6e, 0x74, 0x29, 0x20, 0x2d, 0x3e, 0x20, 0x28, 0x53, 0x74, 0x72, 0x69, 0x6e, 0x67, 0x20,
  0x7c, 0x20, 0x6e, 0x69, 0x6c, 0x29, 0x00, 0x75, 0x70, 0x63, 0x61, 0x73, 0x65, 0x3a, 0x20, 0x28,
  0x29, 0x20, 0x2d, 0x3e, 0x20, 0x53, 0x74, 0x72, 0x69, 0x6e, 0x67, 0x00, 0x75, 0x70, 0x63, 0x61,
  0x73, 0x65, 0x21, 0x3a, 0x20, 0x28, 0x29, 0x20, 0x2d, 0x3e, 0x20, 0x28, 0x53, 0x74, 0x72, 0x69,
  0x6e, 0x67, 0x20, 0x7c, 0x20, 0x6e, 0x69, 0x6c, 0x29, 0x00, 0x3c, 0x3d, 0x3e, 0x3a, 0x20, 0x28,
  0x53, 0x79, 0x6d, 0x62, 0x6f, 0x6c, 0x20, 0x7c, 0x20, 0x75, 0x6e, 0x74, 0x79, 0x70, 0x65, 0x64,
  0x20, 0x6f, 0x74, 0x68, 0x65, 0x72, 0x29, 0x20, 0x2d, 0x3e, 0x20, 0x49, 0x6e, 0x74, 0x65, 0x67,
  0x65, 0x72, 0x00, 0x26, 0x3a, 0x20, 0x28, 0x41, 0x72, 0x72, 0x61, 0x79, 0x20, 0x6f, 0x74, 0x68,
  0x65, 0x72, 0x29, 0x20, 0x2d, 0x3e, 0x20, 0x73, 0x65, 0x6c, 0x66, 0x00, 0x2b, 0x3a, 0x20, 0x28,
  0x41, 0x72, 0x72, 0x61, 0x79, 0x20, 0x6f, 0x74, 0x68, 0x65, 0x72, 0x29, 0x20, 0x2d, 0x3e, 0x20,
  0x41, 0x72, 0x72, 0x61, 0x79, 0x00, 0x2d, 0x3a, 0x20, 0x28, 0x41, 0x72, 0x72, 0x61, 0x79, 0x20,
  0x6f, 0x74, 0x68, 0x65, 0x72, 0x29, 0x20, 0x2d, 0x3e, 0x20, 0x73, 0x65, 0x6c, 0x66, 0x00, 0x5b,
  0x5d, 0x3a, 0x20, 0x28, 0x49, 0x6e, 0x74, 0x65, 0x67, 0x65, 0x72, 0x20, 0x69, 0x6e, 0x64, 0x65,
  0x78, 0x29, 0x20, 0x2d, 0x3e, 0x20, 0x75, 0x6e, 0x74, 0x79, 0x70, 0x65, 0x64, 0x00, 0x5b, 0x5d,
  0x3d, 0x3a, 0x20, 0x28, 0x49, 0x6e, 0x74, 0x65, 0x67, 0x65, 0x72, 0x20, 0x69, 0x6e, 0x64, 0x65,
  0x78, 0x2c, 0x20, 0x75, 0x6e, 0x74, 0x79, 0x70, 0x65, 0x64, 0x20, 0x76, 0x61, 0x6c, 0x75, 0x65,
  0x29, 0x20, 0x2d, 0x3e, 0x20, 0x75, 0x6e, 0x74, 0x79, 0x70, 0x65, 0x64, 0x0a, 0x5b, 0x5d, 0x3d,
  0x3a, 0x20, 0x28, 0x49, 0x6e, 0x74, 0x65, 0x67, 0x65, 0x72, 0x20, 0x73, 0x74, 0x61, 0x72, 0x74,
  0x2c, 0x20, 0x49, 0x6e, 0x74, 0x65, 0x67, 0x65, 0x72, 0x20, 0x6c, 0x65, 0x6e, 0x67, 0x74, 0x68,
  0x2c, 0x20, 0x75, 0x6e, 0x74, 0x79, 0x70, 0x65, 0x64, 0x20, 0x76, 0x61, 0x6c, 0x75, 0x65, 0x29,
  0x20, 0x2d, 0x3e, 0x20, 0x75, 0x6e, 0x74, 0x79, 0x70, 0x65, 0x64, 0x00, 0x61, 0x6c, 0x6c, 0x3f,
  0x3a, 0x20, 0x28, 0x2a, 0x75, 0x6e, 0x74, 0x79, 0x70, 0x65, 0x64, 0x20, 0x70, 0x61, 0x74, 0x74,
  0x65, 0x72, 0x6e, 0x73, 0x29, 0x20, 0x2d, 0x3e, 0x20, 0x62, 0x6f, 0x6f, 0x6c, 0x0a, 0x61, 0x6c,
  0x6c, 0x3f, 0x3a, 0x20, 0x28, 0x2a, 0x75, 0x6e, 0x74, 0x79, 0x70, 0x65, 0x64, 0x20, 0x70, 0x61,
  0x74, 0x74, 0x65, 0x72, 0x6e, 0x73, 0x29, 0x20, 0x7b, 0x20, 0x28, 0x75, 0x6e, 0x74, 0x79, 0x70,
  0x65, 0x64, 0x20, 0x65, 0x6c, 0x65, 0x6d, 0x65, 0x6e, 0x74, 0x29, 0x20, 0x2d, 0x3e, 0x20, 0x75,
  0x6e, 0x74, 0x79, 0x70, 0x65, 0x64, 0x20, 0x7d, 0x20, 0x2d, 0x3e, 0x20, 0x62, 0x6f, 0x6f, 0x6c,
  0x00, 0x61, 0x74, 0x3a, 0x20, 0x28, 0x49, 0x6e, 0x74, 0x65, 0x67, 0x65, 0x72, 0x20, 0x69, 0x6e,
  0x64, 0x65, 0x78, 0x29, 0x20, 0x2d, 0x3e, 0x20, 0x75, 0x6e, 0x74, 0x79, 0x70, 0x65, 0x64, 0x00,
  0x63, 0x6c, 0x65, 0x61, 0x72, 0x3a, 0x20, 0x28, 0x29, 0x20, 0x2d, 0x3e, 0x20, 0x41, 0x72, 0x72,
  0x61, 0x79, 0x00, 0x63, 0x6f, 0x6c, 0x6c, 0x65, 0x63, 0x74, 0x3a, 0x20, 0x28, 0x29, 0x20, 0x7b,
  0x20, 0x28, 0x75, 0x6e, 0x74, 0x79, 0x70, 0x65, 0x64, 0x20, 0x65, 0x6c, 0x65, 0x6d, 0x65, 0x6e,
  0x74, 0x29, 0x20, 0x2d, 0x3e, 0x20, 0x75, 0x6e, 0x74, 0x79, 0x70, 0x65, 0x64, 0x20, 0x7d, 0x20,
  0x2d, 0x3e, 0x20, 0x41, 0x72, 0x72, 0x61, 0x79, 0x5b, 0x75, 0x6e, 0x74, 0x79, 0x70, 0x65, 0x64,
  0x5d, 0x00, 0x63, 0x6f, 0x6c, 0x6c, 0x65, 0x63, 0x74, 0x21, 0x3a, 0x20, 0x28, 0x29, 0x20, 0x7b,
  0x20, 0x28, 0x75, 0x6e, 0x74, 0x79, 0x70, 0x65, 0x64, 0x20, 0x65, 0x6c, 0x65, 0x6d, 0x65, 0x6e,
  0x74, 0x29, 0x20, 0x2d, 0x3e, 0x20, 0x75, 0x6e, 0x74, 0x79, 0x70, 0x65, 0x64, 0x20, 0x7d, 0x20,
  0x2d, 0x3e, 0x20, 0x41, 0x72, 0x72, 0x61, 0x79, 0x5b, 0x75, 0x6e, 0x74, 0x79, 0x70, 0x65, 0x64,
  0x5d, 0x00, 0x63, 0x6f, 0x75, 0x6e, 0x74, 0x3a, 0x20, 0x28, 0x29, 0x20, 0x2d, 0x3e, 0x20, 0x49,
  0x6e, 0x74, 0x65, 0x67, 0x65, 0x72, 0x00, 0x64, 0x65, 0x6c, 0x65, 0x74, 0x65, 0x5f, 0x61, 0x74,
  0x3a, 0x20, 0x28, 0x49, 0x6e, 0x74, 0x65, 0x67, 0x65, 0x72, 0x20, 0x69, 0x6e, 0x64, 0x65, 0x78,
  0x29, 0x20, 0x2d, 0x3e, 0x20, 0x75, 0x6e, 0x74, 0x79, 0x70, 0x65, 0x64, 0x00, 0x64, 0x65, 0x6c,
  0x65, 0x74, 0x65, 0x5f, 0x69, 0x66, 0x3a, 0x20, 0x28, 0x29, 0x20, 0x7b, 0x20, 0x28, 0x75, 0x6e,
  0x74, 0x79, 0x70, 0x65, 0x64, 0x20, 0x65, 0x6c, 0x65, 0x6d, 0x65, 0x6e, 0x74, 0x29, 0x20, 0x2d,
  0x3e, 0x20, 0x75, 0x6e, 0x74, 0x79, 0x70, 0x65, 0x64, 0x20, 0x7d, 0x20, 0x2d, 0x3e, 0x20, 0x73,
  0x65, 0x6c, 0x66, 0x00, 0x65, 0x61, 0x63, 0x68, 0x3a, 0x20, 0x28, 0x29, 0x20, 0x7b, 0x20, 0x28,
  0x75, 0x6e, 0x74, 0x79, 0x70, 0x65, 0x64, 0x20, 0x65, 0x6c, 0x65, 0x6d, 0x65, 0x6e, 0x74, 0x29,
  0x20, 0x2d, 0x3e, 0x20, 0x75, 0x6e, 0x74, 0x79, 0x70, 0x65, 0x64, 0x20, 0x7d, 0x20, 0x2d, 0x3e,
  0x20, 0x73, 0x65, 0x6c, 0x66, 0x00, 0x65, 0x61, 0x63, 0x68, 0x5f, 0x69, 0x6e, 0x64, 0x65, 0x78,
  0x3a, 0x20, 0x28, 0x29, 0x20, 0x7b, 0x20, 0x28, 0x49, 0x6e, 0x74, 0x65, 0x67, 0x65, 0x72, 0x20,
  0x69, 0x6e, 0x64, 0x65, 0x78, 0x29, 0x20, 0x2d, 0x3e, 0x20, 0x75, 0x6e, 0x74, 0x79, 0x70, 0x65,
  0x64, 0x20, 0x7d, 0x20, 0x2d, 0x3e, 0x20, 0x73, 0x65, 0x6c, 0x66, 0x00, 0x65, 0x61, 0x63, 0x68,
  0x5f, 0x77, 0x69, 0x74, 0x68, 0x5f, 0x69, 0x6e, 0x64, 0x65, 0x78, 0x3a, 0x20, 0x28, 0x29, 0x20,
  0x7b, 0x20, 0x28, 0x75, 0x6e, 0x74, 0x79, 0x70, 0x65, 0x64, 0x20, 0x65, 0x6c, 0x65, 0x6d, 0x65,
  0x6e, 0x74, 0x2c, 0x20, 0x49, 0x6e, 0x74, 0x65, 0x67, 0x65, 0x72, 0x20, 0x69, 0x6e, 0x64, 0x65,
  0x78, 0x29, 0x20, 0x2d, 0x3e, 0x20, 0x75, 0x6e, 0x74, 0x79, 0x70, 0x65, 0x64, 0x20, 0x7d, 0x20,
  0x2d, 0x3e, 0x20, 0x73, 0x65, 0x6c, 0x66, 0x00, 0x66, 0x69, 0x72, 0x73, 0x74, 0x3a, 0x20, 0x28,
  0x29, 0x20, 0x2d, 0x3e, 0x20, 0x75, 0x6e, 0x74, 0x79, 0x70, 0x65, 0x64, 0x00, 0x69, 0x6e, 0x63,
  0x6c, 0x75, 0x64, 0x65, 0x3f, 0x3a, 0x20, 0x28, 0x75, 0x6e, 0x74, 0x79, 0x70, 0x65, 0x64, 0x20,
  0x6f, 0x62, 0x6a, 0x65, 0x63, 0x74, 0x29, 0x20, 0x2d, 0x3e, 0x20, 0x62, 0x6f, 0x6f, 0x6c, 0x00,
  0x6a, 0x6f, 0x69, 0x6e, 0x3a, 0x20, 0x28, 0x3f, 0x53, 0x74, 0x72, 0x69, 0x6e, 0x67, 0x20, 0x73,
  0x65, 0x70, 0x61, 0x72, 0x61, 0x74, 0x6f, 0x72, 0x29, 0x20, 0x2d, 0x3e, 0x20, 0x53, 0x74, 0x72,
  0x69, 0x6e, 0x67, 0x00, 0x6c, 0x61, 0x73, 0x74, 0x3a, 0x20, 0x28, 0x29, 0x20, 0x2d, 0x3e, 0x20,
  0x75, 0x6e, 0x74, 0x79, 0x70, 0x65, 0x64, 0x00, 0x6d, 0x61, 0x78, 0x3a, 0x20, 0x28, 0x29, 0x20,
  0x2d, 0x3e, 0x20, 0x75, 0x6e, 0x74, 0x79, 0x70, 0x65, 0x64, 0x0a, 0x6d, 0x61, 0x78, 0x3a, 0x20,
  0x28, 0x29, 0x20, 0x7b, 0x20, 0x28, 0x75, 0x6e, 0x74, 0x79, 0x70, 0x65, 0x64, 0x20, 0x6c, 0x65,
  0x66, 0x74, 0x2c, 0x20, 0x75, 0x6e, 0x74, 0x79, 0x70, 0x65, 0x64, 0x20, 0x72, 0x69, 0x67, 0x68,
  0x74, 0x29, 0x20, 0x2d, 0x3e, 0x20, 0x75, 0x6e, 0x74, 0x79, 0x70, 0x65, 0x64, 0x20, 0x7d, 0x20,
  0x2d, 0x3e, 0x20, 0x75, 0x6e, 0x74, 0x79, 0x70, 0x65, 0x64, 0x00, 0x6d, 0x69, 0x6e, 0x3a, 0x20,
  0x28, 0x29, 0x20, 0x2d, 0x3e, 0x20, 0x75, 0x6e, 0x74, 0x79, 0x70, 0x65, 0x64, 0x0a, 0x6d, 0x69,
  0x6e, 0x3a, 0x20, 0x28, 0x29, 0x20, 0x7b, 0x20, 0x28, 0x75, 0x6e, 0x74, 0x79, 0x70, 0x65, 0x64,
  0x20, 0x6c, 0x65, 0x66, 0x74, 0x2c, 0x20, 0x75, 0x6e, 0x74, 0x79, 0x70, 0x65, 0x64, 0x20, 0x72,
  0x69, 0x67, 0x68, 0x74, 0x29, 0x20, 0x2d, 0x3e, 0x20, 0x75, 0x6e, 0x74, 0x79, 0x70, 0x65, 0x64,
  0x20, 0x7d, 0x20, 0x2d, 0x3e, 0x20, 0x75, 0x6e, 0x74, 0x79, 0x70, 0x65, 0x64, 0x00, 0x70, 0x6f,
  0x70, 0x3a, 0x20, 0x28, 0x3f, 0x49, 0x6e, 0x74, 0x65, 0x67, 0x65, 0x72, 0x20, 0x63, 0x6f, 0x75,
  0x6e, 0x74, 0x29, 0x20, 0x2d, 0x3e, 0x20, 0x28, 0x75, 0x6e, 0x74, 0x79, 0x70, 0x65, 0x64, 0x20,
  0x7c, 0x20, 0x73, 0x65, 0x6c, 0x66, 0x29, 0x00, 0x70, 0x75, 0x73, 0x68, 0x3a, 0x20, 0x28, 0x75,
  0x6e, 0x74, 0x79, 0x70, 0x65, 0x64, 0x20, 0x6f, 0x62, 0x6a, 0x65, 0x63, 0x74, 0x29, 0x20, 0x2d,
  0x3e, 0x20, 0x41, 0x72, 0x72, 0x61, 0x79, 0x00, 0x72, 0x65, 0x6a, 0x65, 0x63, 0x74, 0x3a, 0x20,
  0x28, 0x29, 0x20, 0x7b, 0x20, 0x28, 0x75, 0x6e, 0x74, 0x79, 0x70, 0x65, 0x64, 0x20, 0x65, 0x6c,
  0x65, 0x6d, 0x65, 0x6e, 0x74, 0x29, 0x20, 0x2d, 0x3e, 0x20, 0x75, 0x6e, 0x74, 0x79, 0x70, 0x65,
  0x64, 0x20, 0x7d, 0x20, 0x2d, 0x3e, 0x20, 0x73, 0x65, 0x6c, 0x66, 0x00, 0x72, 0x65, 0x6a, 0x65,
  0x63, 0x74, 0x21, 0x3a, 0x20, 0x28, 0x29, 0x20, 0x7b, 0x20, 0x28, 0x75, 0x6e, 0x74, 0x79, 0x70,
  0x65, 0x64, 0x20, 0x65, 0x6c, 0x65, 0x6d, 0x65, 0x6e, 0x74, 0x29, 0x20, 0x2d, 0x3e, 0x20, 0x75,
  0x6e, 0x74, 0x79, 0x70, 0x65, 0x64, 0x20, 0x7d, 0x20, 0x2d, 0x3e, 0x20, 0x73, 0x65, 0x6c, 0x66,
  0x00, 0x73, 0x68, 0x69, 0x66, 0x74, 0x3a, 0x20, 0x28, 0x3f, 0x49, 0x6e, 0x74, 0x65, 0x67, 0x65,
  0x72, 0x20, 0x63, 0x6f, 0x75, 0x6e, 0x74, 0x29, 0x20, 0x2d, 0x3e, 0x20, 0x28, 0x75, 0x6e, 0x74,
  0x79, 0x70, 0x65, 0x64, 0x20, 0x7c, 0x20, 0x73, 0x65, 0x6c, 0x66, 0x29, 0x00, 0x73, 0x6c, 0x69,
  0x63, 0x65, 0x3a, 0x20, 0x28, 0x75, 0x6e, 0x74, 0x79, 0x70, 0x65, 0x64, 0x20, 0x69, 0x6e, 0x64,
  0x65, 0x78, 0x5f, 0x6f, 0x72, 0x5f, 0x72, 0x61, 0x6e, 0x67, 0x65, 0x29, 0x20, 0x2d, 0x3e, 0x20,
  0x75, 0x6e, 0x74, 0x79, 0x70, 0x65, 0x64, 0x00, 0x73, 0x6f, 0x72, 0x74, 0x3a, 0x20, 0x28, 0x29,
  0x20, 0x2d, 0x3e, 0x20, 0x73, 0x65, 0x6c, 0x66, 0x0a, 0x73, 0x6f, 0x72, 0x74, 0x3a, 0x20, 0x28,
  0x29, 0x20, 0x7b, 0x20, 0x28, 0x75, 0x6e, 0x74, 0x79, 0x70, 0x65, 0x64, 0x20, 0x6c, 0x65, 0x66,
  0x74, 0x2c, 0x20, 0x75, 0x6e, 0x74, 0x79, 0x70, 0x65, 0x64, 0x20, 0x72, 0x69, 0x67, 0x68, 0x74,
  0x29, 0x20, 0x2d, 0x3e, 0x20, 0x75, 0x6e, 0x74, 0x79, 0x70, 0x65, 0x64, 0x20, 0x7d, 0x20, 0x2d,
  0x3e, 0x20, 0x73, 0x65, 0x6c, 0x66, 0x00, 0x73, 0x6f, 0x72, 0x74, 0x21, 0x3a, 0x20, 0x28, 0x29,
  0x20, 0x2d, 0x3e, 0x20, 0x73, 0x65, 0x6c, 0x66, 0x0a, 0x73, 0x6f, 0x72, 0x74, 0x21, 0x3a, 0x20,
  0x28, 0x29, 0x20, 0x7b, 0x20, 0x28, 0x75, 0x6e, 0x74, 0x79, 0x70, 0x65, 0x64, 0x20, 0x6c, 0x65,
  0x66, 0x74, 0x2c, 0x20, 0x75, 0x6e, 0x74, 0x79, 0x70, 0x65, 0x64, 0x20, 0x72, 0x69, 0x67, 0x68,
  0x74, 0x29, 0x20, 0x2d, 0x3e, 0x20, 0x75, 0x6e, 0x74, 0x79, 0x70, 0x65, 0x64, 0x20, 0x7d, 0x20,
  0x2d, 0x3e, 0x20, 0x73, 0x65, 0x6c, 0x66, 0x00, 0x75, 0x6e, 0x69, 0x71, 0x3a, 0x20, 0x28, 0x29,
  0x20, 0x2d, 0x3e, 0x20, 0x73, 0x65, 0x6c, 0x66, 0x00, 0x75, 0x6e, 0x69, 0x71, 0x21, 0x3a, 0x20,
  0x28, 0x29, 0x20, 0x2d, 0x3e, 0x20, 0x73, 0x65, 0x6c, 0x66, 0x00, 0x75, 0x6e, 0x73, 0x68, 0x69,
  0x66, 0x74, 0x3a, 0x20, 0x28, 0x75, 0x6e, 0x74, 0x79, 0x70, 0x65, 0x64, 0x20, 0x6f, 0x62, 0x6a,
  0x65, 0x63, 0x74, 0x29, 0x20, 0x2d, 0x3e, 0x20, 0x41, 0x72, 0x72, 0x61, 0x79, 0x00, 0x7c, 0x3a,
  0x20, 0x28, 0x41, 0x72, 0x72, 0x61, 0x79, 0x20, 0x6f, 0x74, 0x68, 0x65, 0x72, 0x29, 0x20, 0x2d,
  0x3e, 0x20, 0x41, 0x72, 0x72, 0x61, 0x79, 0x00, 0x6e, 0x65, 0x77, 0x3a, 0x20, 0x28, 0x3f, 0x49,
  0x6e, 0x74, 0x65, 0x67, 0x65, 0x72, 0x20, 0x73, 0x69, 0x7a, 0x65, 0x2c, 0x20, 0x3f, 0x75, 0x6e,
  0x74, 0x79, 0x70, 0x65, 0x64, 0x20, 0x6f, 0x62, 0x6a, 0x65, 0x63, 0x74, 0x29, 0x20, 0x2d, 0x3e,
  0x20, 0x41, 0x72, 0x72, 0x61, 0x79, 0x00, 0x5b, 0x5d, 0x3a, 0x20, 0x28, 0x75, 0x6e, 0x74, 0x79,
  0x70, 0x65, 0x64, 0x20, 0x6b, 0x65, 0x79, 0x29, 0x20, 0x2d, 0x3e, 0x20, 0x75, 0x6e, 0x74, 0x79,
  0x70, 0x65, 0x64, 0x00, 0x5b, 0x5d, 0x3d, 0x3a, 0x20, 0x28, 0x75, 0x6e, 0x74, 0x79, 0x70, 0x65,
  0x64, 0x20, 0x6b, 0x65, 0x79, 0x2c, 0x20, 0x75, 0x6e, 0x74, 0x79, 0x70, 0x65, 0x64, 0x20, 0x76,
  0x61, 0x6c, 0x75, 0x65, 0x29, 0x20, 0x2d, 0x3e, 0x20, 0x73, 0x65, 0x6c, 0x66, 0x00, 0x63, 0x6c,
  0x65, 0x61, 0x72, 0x3a, 0x20, 0x28, 0x29, 0x20, 0x2d, 0x3e, 0x20, 0x48, 0x61, 0x73, 0x68, 0x00,
  0x64, 0x65, 0x6c, 0x65, 0x74, 0x65, 0x3a, 0x20, 0x28, 0x75, 0x6e, 0x74, 0x79, 0x70, 0x65, 0x64,
  0x20, 0x6b, 0x65, 0x79, 0x29, 0x20, 0x2d, 0x3e, 0x20, 0x28, 0x75, 0x6e, 0x74, 0x79, 0x70, 0x65,
  0x64, 0x20, 0x7c, 0x20, 0x6e, 0x69, 0x6c, 0x29, 0x00, 0x65, 0x61, 0x63, 0x68, 0x3a, 0x20, 0x28,
  0x29, 0x20, 0x7b, 0x20, 0x28, 0x75, 0x6e, 0x74, 0x79, 0x70, 0x65, 0x64, 0x20, 0x6b, 0x65, 0x79,
  0x2c, 0x20, 0x75, 0x6e, 0x74, 0x79, 0x70, 0x65, 0x64, 0x20, 0x76, 0x61, 0x6c, 0x75, 0x65, 0x29,
  0x20, 0x2d, 0x3e, 0x20, 0x75, 0x6e, 0x74, 0x79, 0x70, 0x65, 0x64, 0x20, 0x7d, 0x20, 0x2d, 0x3e,
  0x20, 0x73, 0x65, 0x6c, 0x66, 0x00, 0x68, 0x61, 0x73, 0x5f, 0x6b, 0x65, 0x79, 0x3f, 0x3a, 0x20,
  0x28, 0x75, 0x6e, 0x74, 0x79, 0x70, 0x65, 0x64, 0x20, 0x6b, 0x65, 0x79, 0x29, 0x20, 0x2d, 0x3e,
  0x20, 0x62, 0x6f, 0x6f, 0x6c, 0x00, 0x68, 0x61, 0x73, 0x5f, 0x76, 0x61, 0x6c, 0x75, 0x65, 0x3f,
  0x3a, 0x20, 0x28, 0x75, 0x6e, 0x74, 0x79, 0x70, 0x65, 0x64, 0x20, 0x76, 0x61, 0x6c, 0x75, 0x65,
  0x29, 0x20, 0x2d, 0x3e, 0x20, 0x62, 0x6f, 0x6f, 0x6c, 0x00, 0x6b, 0x65, 0x79, 0x3a, 0x20, 0x28,
  0x75, 0x6e, 0x74, 0x79, 0x70, 0x65, 0x64, 0x20, 0x76, 0x61, 0x6c, 0x75, 0x65, 0x29, 0x20, 0x2d,
  0x3e, 0x20, 0x28, 0x75, 0x6e, 0x74, 0x79, 0x70, 0x65, 0x64, 0x20, 0x7c, 0x20, 0x6e, 0x69, 0x6c,
  0x29, 0x00, 0x6b, 0x65, 0x79, 0x73, 0x3a, 0x20, 0x28, 0x29, 0x20, 0x2d, 0x3e, 0x20, 0x41, 0x72,
  0x72, 0x61, 0x79, 0x5b, 0x75, 0x6e, 0x74, 0x79, 0x70, 0x65, 0x64, 0x5d, 0x00, 0x6d, 0x65, 0x72,
  0x67, 0x65, 0x3a, 0x20, 0x28, 0x48, 0x61, 0x73, 0x68, 0x20, 0x6f, 0x74, 0x68, 0x65, 0x72, 0x29,
  0x20, 0x2d, 0x3e, 0x20, 0x73, 0x65, 0x6c, 0x66, 0x00, 0x6d, 0x65, 0x72, 0x67, 0x65, 0x21, 0x3a,
  0x20, 0x28, 0x48, 0x61, 0x73, 0x68, 0x20, 0x6f, 0x74, 0x68, 0x65, 0x72, 0x29, 0x20, 0x2d, 0x3e,
  0x20, 0x73, 0x65, 0x6c, 0x66, 0x00, 0x74, 0x6f, 0x5f, 0x68, 0x3a, 0x20, 0x28, 0x29, 0x20, 0x2d,
  0x3e, 0x20, 0x73, 0x65, 0x6c, 0x66, 0x00, 0x76, 0x61, 0x6c, 0x75, 0x65, 0x73, 0x3a, 0x20, 0x28,
  0x29, 0x20, 0x2d, 0x3e, 0x20, 0x41, 0x72, 0x72, 0x61, 0x79, 0x5b, 0x75, 0x6e, 0x74, 0x79, 0x70,
  0x65, 0x64, 0x5d, 0x00, 0x6e, 0x65, 0x77, 0x3a, 0x20, 0x28, 0x29, 0x20, 0x2d, 0x3e, 0x20, 0x48,
  0x61, 0x73, 0x68, 0x00, 0x3d, 0x3d, 0x3d, 0x3a, 0x20, 0x28, 0x75, 0x6e, 0x74, 0x79, 0x70, 0x65,
  0x64, 0x20, 0x6f, 0x62, 0x6a, 0x65, 0x63, 0x74, 0x29, 0x20, 0x2d, 0x3e, 0x20, 0x62, 0x6f, 0x6f,
  0x6c, 0x00, 0x65, 0x78, 0x63, 0x6c, 0x75, 0x64, 0x65, 0x5f, 0x65, 0x6e, 0x64, 0x3f, 0x3a, 0x20,
  0x28, 0x29, 0x20, 0x2d, 0x3e, 0x20, 0x62, 0x6f, 0x6f, 0x6c, 0x00, 0x6e, 0x65, 0x77, 0x3a, 0x20,
  0x28, 0x75, 0x6e, 0x74, 0x79, 0x70, 0x65, 0x64, 0x20, 0x66, 0x69, 0x72, 0x73, 0x74, 0x2c, 0x20,
  0x75, 0x6e, 0x74, 0x79, 0x70, 0x65, 0x64, 0x20, 0x6c, 0x61, 0x73, 0x74, 0x2c, 0x20, 0x3f, 0x62,
  0x6f, 0x6f, 0x6c, 0x20, 0x65, 0x78, 0x63, 0x6c, 0x75, 0x64, 0x65, 0x5f, 0x65, 0x6e, 0x64, 0x29,
  0x20, 0x2d, 0x3e, 0x20, 0x52, 0x61, 0x6e, 0x67, 0x65, 0x00, 0x5f, 0x67, 0x65, 0x74, 0x5f, 0x73,
  0x65, 0x6c, 0x66, 0x3a, 0x20, 0x28, 0x29, 0x20, 0x2d, 0x3e, 0x20, 0x4f, 0x62, 0x6a, 0x65, 0x63,
  0x74, 0x00, 0x5f, 0x73, 0x65, 0x74, 0x5f, 0x73, 0x65, 0x6c, 0x66, 0x3a, 0x20, 0x28, 0x4f, 0x62,
  0x6a, 0x65, 0x63, 0x74, 0x29, 0x20, 0x2d, 0x3e, 0x20, 0x4f, 0x62, 0x6a, 0x65, 0x63, 0x74, 0x00,
  0x63, 0x61, 0x6c, 0x6c, 0x3a, 0x20, 0x28, 0x2a, 0x75, 0x6e, 0x74, 0x79, 0x70, 0x65, 0x64, 0x20,
  0x61, 0x72, 0x67, 0x75, 0x6d, 0x65, 0x6e, 0x74, 0x73, 0x29, 0x20, 0x2d, 0x3e, 0x20, 0x75, 0x6e,
  0x74, 0x79, 0x70, 0x65, 0x64, 0x00, 0x6e, 0x65, 0x77, 0x3a, 0x20, 0x28, 0x29, 0x20, 0x7b, 0x20,
  0x28, 0x75, 0x6e, 0x74, 0x79, 0x70, 0x65, 0x64, 0x20, 0x61, 0x72, 0x67, 0x75, 0x6d, 0x65, 0x6e,
  0x74, 0x29, 0x20, 0x2d, 0x3e, 0x20, 0x75, 0x6e, 0x74, 0x79, 0x70, 0x65, 0x64, 0x20, 0x7d, 0x20,
  0x2d, 0x3e, 0x20, 0x50, 0x72, 0x6f, 0x63, 0x00, 0x26, 0x3a, 0x20, 0x28, 0x75, 0x6e, 0x74, 0x79,
  0x70, 0x65, 0x64, 0x20, 0x6f, 0x74, 0x68, 0x65, 0x72, 0x29, 0x20, 0x2d, 0x3e, 0x20, 0x62, 0x6f,
  0x6f, 0x6c, 0x00, 0x5e, 0x3a, 0x20, 0x28, 0x75, 0x6e, 0x74, 0x79, 0x70, 0x65, 0x64, 0x20, 0x6f,
  0x74, 0x68, 0x65, 0x72, 0x29, 0x20, 0x2d, 0x3e, 0x20, 0x62, 0x6f, 0x6f, 0x6c, 0x00, 0x7c, 0x3a,
  0x20, 0x28, 0x75, 0x6e, 0x74, 0x79, 0x70, 0x65, 0x64, 0x20, 0x6f, 0x74, 0x68, 0x65, 0x72, 0x29,
  0x20, 0x2d, 0x3e, 0x20, 0x62, 0x6f, 0x6f, 0x6c, 0x00, 0x74, 0x6f, 0x5f, 0x68, 0x3a, 0x20, 0x28,
  0x29, 0x20, 0x2d, 0x3e, 0x20, 0x48, 0x61, 0x73, 0x68, 0x00, 0x74, 0x6f, 0x5f, 0x69, 0x6e, 0x74,
  0x3a, 0x20, 0x28, 0x29, 0x20, 0x2d, 0x3e, 0x20, 0x49, 0x6e, 0x74, 0x65, 0x67, 0x65, 0x72, 0x00,
  0x6e, 0x61, 0x6d, 0x65, 0x3a, 0x20, 0x28, 0x29, 0x20, 0x2d, 0x3e, 0x20, 0x53, 0x74, 0x72, 0x69,
  0x6e, 0x67, 0x00, 0x2d, 0x3e, 0x3a, 0x20, 0x28, 0x75, 0x6e, 0x74, 0x79, 0x70, 0x65, 0x64, 0x20,
  0x61, 0x72, 0x67, 0x75, 0x6d, 0x65, 0x6e, 0x74, 0x29, 0x20, 0x7b, 0x20, 0x28, 0x75, 0x6e, 0x74,
  0x79, 0x70, 0x65, 0x64, 0x20, 0x62, 0x6c, 0x6f, 0x63, 0x6b, 0x5f, 0x61, 0x72, 0x67, 0x75, 0x6d,
  0x65, 0x6e, 0x74, 0x29, 0x20, 0x2d, 0x3e, 0x20, 0x75, 0x6e, 0x74, 0x79, 0x70, 0x65, 0x64, 0x20,
  0x7d, 0x20, 0x2d, 0x3e, 0x20, 0x50, 0x72, 0x6f, 0x63, 0x00, 0x6c, 0x61, 0x6d, 0x62, 0x64, 0x61,
  0x3a, 0x20, 0x28, 0x29, 0x20, 0x7b, 0x20, 0x28, 0x75, 0x6e, 0x74, 0x79, 0x70, 0x65, 0x64, 0x20,
  0x61, 0x72, 0x67, 0x75, 0x6d, 0x65, 0x6e, 0x74, 0x29, 0x20, 0x2d, 0x3e, 0x20, 0x75, 0x6e, 0x74,
  0x79, 0x70, 0x65, 0x64, 0x20, 0x7d, 0x20, 0x2d, 0x3e, 0x20, 0x50, 0x72, 0x6f, 0x63, 0x00, 0x70,
  0x3a, 0x20, 0x28, 0x2a, 0x75, 0x6e, 0x74, 0x79, 0x70, 0x65, 0x64, 0x20, 0x6f, 0x62, 0x6a, 0x65,
  0x63, 0x74, 0x73, 0x29, 0x20, 0x2d, 0x3e, 0x20, 0x73, 0x65, 0x6c, 0x66, 0x00, 0x70, 0x72, 0x69,
  0x6e, 0x74, 0x3a, 0x20, 0x28, 0x2a, 0x75, 0x6e, 0x74, 0x79, 0x70, 0x65, 0x64, 0x20, 0x6f, 0x62,
  0x6a, 0x65, 0x63, 0x74, 0x73, 0x29, 0x20, 0x2d, 0x3e, 0x20, 0x6e, 0x69, 0x6c, 0x00, 0x70, 0x72,
  0x6f, 0x63, 0x3a, 0x20, 0x28, 0x29, 0x20, 0x7b, 0x20, 0x28, 0x75, 0x6e, 0x74, 0x79, 0x70, 0x65,
  0x64, 0x20, 0x61, 0x72, 0x67, 0x75, 0x6d, 0x65, 0x6e, 0x74, 0x29, 0x20, 0x2d, 0x3e, 0x20, 0x75,
  0x6e, 0x74, 0x79, 0x70, 0x65, 0x64, 0x20, 0x7d, 0x20, 0x2d, 0x3e, 0x20, 0x50, 0x72, 0x6f, 0x63,
  0x00, 0x70, 0x75, 0x74, 0x73, 0x3a, 0x20, 0x28, 0x2a, 0x75, 0x6e, 0x74, 0x79, 0x70, 0x65, 0x64,
  0x20, 0x6f, 0x62, 0x6a, 0x65, 0x63, 0x74, 0x73, 0x29, 0x20, 0x2d, 0x3e, 0x20, 0x6e, 0x69, 0x6c,
  0x00, 0x79, 0x69, 0x65, 0x6c, 0x64, 0x3a, 0x20, 0x28, 0x2a, 0x75, 0x6e, 0x74, 0x79, 0x70, 0x65,
  0x64, 0x20, 0x61, 0x72, 0x67, 0x75, 0x6d, 0x65, 0x6e, 0x74, 0x73, 0x29, 0x20, 0x2d, 0x3e, 0x20,
  0x73, 0x65, 0x6c, 0x66, 0x00, 0x63, 0x6c, 0x6f, 0x73, 0x65, 0x3a, 0x20, 0x28, 0x29, 0x20, 0x2d,
  0x3e, 0x20, 0x6e, 0x69, 0x6c, 0x00, 0x72, 0x65, 0x61, 0x64, 0x3a, 0x20, 0x28, 0x29, 0x20, 0x2d,
  0x3e, 0x20, 0x28, 0x53, 0x74, 0x72, 0x69, 0x6e, 0x67, 0x20, 0x7c, 0x20, 0x6e, 0x69, 0x6c, 0x29,
  0x00, 0x65, 0x78, 0x69, 0x73, 0x74, 0x3f, 0x3a, 0x20, 0x28, 0x53, 0x74, 0x72, 0x69, 0x6e, 0x67,
  0x20, 0x70, 0x61, 0x74, 0x68, 0x29, 0x20, 0x2d, 0x3e, 0x20, 0x62, 0x6f, 0x6f, 0x6c, 0x00, 0x6d,
  0x6b, 0x64, 0x69, 0x72, 0x3a, 0x20, 0x28, 0x53, 0x74, 0x72, 0x69, 0x6e, 0x67, 0x20, 0x70, 0x61,
  0x74, 0x68, 0x29, 0x20, 0x2d, 0x3e, 0x20, 0x49, 0x6e, 0x74, 0x65, 0x67, 0x65, 0x72, 0x00, 0x6e,
  0x65, 0x77, 0x3a, 0x20, 0x28, 0x53, 0x74, 0x72, 0x69, 0x6e, 0x67, 0x20, 0x70, 0x61, 0x74, 0x68,
  0x29, 0x20, 0x2d, 0x3e, 0x20, 0x44, 0x69, 0x72, 0x00, 0x6f, 0x70, 0x65, 0x6e, 0x3a, 0x20, 0x28,
  0x53, 0x74, 0x72, 0x69, 0x6e, 0x67, 0x20, 0x70, 0x61, 0x74, 0x68, 0x29, 0x20, 0x2d, 0x3e, 0x20,
  0x44, 0x69, 0x72, 0x0a, 0x6f, 0x70, 0x65, 0x6e, 0x3a, 0x20, 0x28, 0x53, 0x74, 0x72, 0x69, 0x6e,
  0x67, 0x20, 0x70, 0x61, 0x74, 0x68, 0x29, 0x20, 0x7b, 0x20, 0x28, 0x44, 0x69, 0x72, 0x20, 0x64,
  0x69, 0x72, 0x65, 0x63, 0x74, 0x6f, 0x72, 0x79, 0x29, 0x20, 0x2d, 0x3e, 0x20, 0x75, 0x6e, 0x74,
  0x79, 0x70, 0x65, 0x64, 0x20, 0x7d, 0x20, 0x2d, 0x3e, 0x20, 0x75, 0x6e, 0x74, 0x79, 0x70, 0x65,
  0x64, 0x00, 0x72, 0x6d, 0x64, 0x69, 0x72, 0x3a, 0x20, 0x28, 0x53, 0x74, 0x72, 0x69, 0x6e, 0x67,
  0x20, 0x70, 0x61, 0x74, 0x68, 0x29, 0x20, 0x2d, 0x3e, 0x20, 0x49, 0x6e, 0x74, 0x65, 0x67, 0x65,
  0x72, 0x00, 0x62, 0x72, 0x69, 0x67, 0x68, 0x74, 0x6e, 0x65, 0x73, 0x73, 0x3d, 0x3a, 0x20, 0x28,
  0x49, 0x6e, 0x74, 0x65, 0x67, 0x65, 0x72, 0x20, 0x62, 0x72, 0x69, 0x67, 0x68, 0x74, 0x6e, 0x65,
  0x73, 0x73, 0x29, 0x20, 0x2d, 0x3e, 0x20, 0x75, 0x6e, 0x74, 0x79, 0x70, 0x65, 0x64, 0x00, 0x63,
  0x6f, 0x6e, 0x73, 0x6f, 0x6c, 0x65, 0x3a, 0x20, 0x28, 0x29, 0x20, 0x2d, 0x3e, 0x20, 0x75, 0x6e,
  0x74, 0x79, 0x70, 0x65, 0x64, 0x00, 0x66, 0x69, 0x6c, 0x6c, 0x5f, 0x73, 0x63, 0x72, 0x65, 0x65,
  0x6e, 0x3a, 0x20, 0x28, 0x49, 0x6e, 0x74, 0x65, 0x67, 0x65, 0x72, 0x20, 0x63, 0x6f, 0x6c, 0x6f,
  0x72, 0x29, 0x20, 0x2d, 0x3e, 0x20, 0x75, 0x6e, 0x74, 0x79, 0x70, 0x65, 0x64, 0x00, 0x68, 0x65,
  0x69, 0x67, 0x68, 0x74, 0x3a, 0x20, 0x28, 0x29, 0x20, 0x2d, 0x3e, 0x20, 0x49, 0x6e, 0x74, 0x65,
  0x67, 0x65, 0x72, 0x00, 0x77, 0x69, 0x64, 0x74, 0x68, 0x3a, 0x20, 0x28, 0x29, 0x20, 0x2d, 0x3e,
  0x20, 0x49, 0x6e, 0x74, 0x65, 0x67, 0x65, 0x72, 0x00, 0x72, 0x65, 0x61, 0x64, 0x3a, 0x20, 0x28,
  0x29, 0x20, 0x2d, 0x3e, 0x20, 0x53, 0x74, 0x72, 0x69, 0x6e, 0x67, 0x00, 0x64, 0x69, 0x72, 0x65,
  0x63, 0x74, 0x6f, 0x72, 0x79, 0x3f, 0x3a, 0x20, 0x28, 0x53, 0x74, 0x72, 0x69, 0x6e, 0x67, 0x20,
  0x70, 0x61, 0x74, 0x68, 0x29, 0x20, 0x2d, 0x3e, 0x20, 0x62, 0x6f, 0x6f, 0x6c, 0x00, 0x66, 0x69,
  0x6c, 0x65, 0x3f, 0x3a, 0x20, 0x28, 0x53, 0x74, 0x72, 0x69, 0x6e, 0x67, 0x20, 0x70, 0x61, 0x74,
  0x68, 0x29, 0x20, 0x2d, 0x3e, 0x20, 0x62, 0x6f, 0x6f, 0x6c, 0x00, 0x6e, 0x65, 0x77, 0x3a, 0x20,
  0x28, 0x53, 0x74, 0x72, 0x69, 0x6e, 0x67, 0x20, 0x70, 0x61, 0x74, 0x68, 0x2c, 0x20, 0x3f, 0x53,
  0x74, 0x72, 0x69, 0x6e, 0x67, 0x20, 0x6d, 0x6f, 0x64, 0x65, 0x29, 0x20, 0x2d, 0x3e, 0x20, 0x46,
  0x69, 0x6c, 0x65, 0x00, 0x6f, 0x70, 0x65, 0x6e, 0x3a, 0x20, 0x28, 0x53, 0x74, 0x72, 0x69, 0x6e,
  0x67, 0x20, 0x70, 0x61, 0x74, 0x68, 0x2c, 0x20, 0x3f, 0x53, 0x74, 0x72, 0x69, 0x6e, 0x67, 0x20,
  0x6d, 0x6f, 0x64, 0x65, 0x29, 0x20, 0x7b, 0x20, 0x28, 0x46, 0x69, 0x6c, 0x65, 0x20, 0x66, 0x69,
  0x6c, 0x65, 0x29, 0x20, 0x2d, 0x3e, 0x20, 0x75, 0x6e, 0x74, 0x79, 0x70, 0x65, 0x64, 0x20, 0x7d,
  0x20, 0x2d, 0x3e, 0x20, 0x75, 0x6e, 0x74, 0x79, 0x70, 0x65, 0x64, 0x00, 0x72, 0x65, 0x6e, 0x61,
  0x6d, 0x65, 0x3a, 0x20, 0x28, 0x53, 0x74, 0x72, 0x69, 0x6e, 0x67, 0x20, 0x73, 0x6f, 0x75, 0x72,
  0x63, 0x65, 0x5f, 0x70, 0x61, 0x74, 0x68, 0x2c, 0x20, 0x53, 0x74, 0x72, 0x69, 0x6e, 0x67, 0x20,
  0x64, 0x65, 0x73, 0x74, 0x69, 0x6e, 0x61, 0x74, 0x69, 0x6f, 0x6e, 0x5f, 0x70, 0x61, 0x74, 0x68,
  0x29, 0x20, 0x2d, 0x3e, 0x20, 0x49, 0x6e, 0x74, 0x65, 0x67, 0x65, 0x72, 0x00, 0x75, 0x6e, 0x6c,
  0x69, 0x6e, 0x6b, 0x3a, 0x20, 0x28, 0x53, 0x74, 0x72, 0x69, 0x6e, 0x67, 0x20, 0x70, 0x61, 0x74,
  0x68, 0x29, 0x20, 0x2d, 0x3e, 0x20, 0x49, 0x6e, 0x74, 0x65, 0x67, 0x65, 0x72, 0x00, 0x68, 0x69,
  0x67, 0x68, 0x3f, 0x3a, 0x20, 0x28, 0x29, 0x20, 0x2d, 0x3e, 0x20, 0x62, 0x6f, 0x6f, 0x6c, 0x00,
  0x6c, 0x6f, 0x77, 0x3f, 0x3a, 0x20, 0x28, 0x29, 0x20, 0x2d, 0x3e, 0x20, 0x62, 0x6f, 0x6f, 0x6c,
  0x00, 0x6f, 0x70, 0x65, 0x6e, 0x5f, 0x64, 0x72, 0x61, 0x69, 0x6e, 0x3a, 0x20, 0x28, 0x49, 0x6e,
  0x74, 0x65, 0x67, 0x65, 0x72, 0x20, 0x66, 0x6c, 0x61, 0x67, 0x73, 0x29, 0x20, 0x2d, 0x3e, 0x20,
  0x49, 0x6e, 0x74, 0x65, 0x67, 0x65, 0x72, 0x00, 0x72, 0x65, 0x61, 0x64, 0x3a, 0x20, 0x28, 0x29,
  0x20, 0x2d, 0x3e, 0x20, 0x49, 0x6e, 0x74, 0x65, 0x67, 0x65, 0x72, 0x00, 0x73, 0x65, 0x74, 0x5f,
  0x64, 0x69, 0x72, 0x3a, 0x20, 0x28, 0x49, 0x6e, 0x74, 0x65, 0x67, 0x65, 0x72, 0x20, 0x66, 0x6c,
  0x61, 0x67, 0x73, 0x29, 0x20, 0x2d, 0x3e, 0x20, 0x30, 0x00, 0x73, 0x65, 0x74, 0x5f, 0x66, 0x75,
  0x6e, 0x63, 0x74, 0x69, 0x6f, 0x6e, 0x3a, 0x20, 0x28, 0x49, 0x6e, 0x74, 0x65, 0x67, 0x65, 0x72,
  0x20, 0x66, 0x6c, 0x61, 0x67, 0x73, 0x2c, 0x20, 0x49, 0x6e, 0x74, 0x65, 0x67, 0x65, 0x72, 0x20,
  0x61, 0x6c, 0x74, 0x5f, 0x66, 0x75, 0x6e, 0x63, 0x74, 0x69, 0x6f, 0x6e, 0x29, 0x20, 0x2d, 0x3e,
  0x20, 0x30, 0x00, 0x73, 0x65, 0x74, 0x5f, 0x70, 0x75, 0x6c, 0x6c, 0x3a, 0x20, 0x28, 0x49, 0x6e,
  0x74, 0x65, 0x67, 0x65, 0x72, 0x20, 0x66, 0x6c, 0x61, 0x67, 0x73, 0x29, 0x20, 0x2d, 0x3e, 0x20,
  0x30, 0x00, 0x73, 0x65, 0x74, 0x6d, 0x6f, 0x64, 0x65, 0x3a, 0x20, 0x28, 0x49, 0x6e, 0x74, 0x65,
  0x67, 0x65, 0x72, 0x20, 0x66, 0x6c, 0x61, 0x67, 0x73, 0x2c, 0x20, 0x3f, 0x49, 0x6e, 0x74, 0x65,
  0x67, 0x65, 0x72, 0x20, 0x61, 0x6c, 0x74, 0x5f, 0x66, 0x75, 0x6e, 0x63, 0x74, 0x69, 0x6f, 0x6e,
  0x29, 0x20, 0x2d, 0x3e, 0x20, 0x30, 0x00, 0x77, 0x72, 0x69, 0x74, 0x65, 0x3a, 0x20, 0x28, 0x49,
  0x6e, 0x74, 0x65, 0x67, 0x65, 0x72, 0x20, 0x76, 0x61, 0x6c, 0x75, 0x65, 0x29, 0x20, 0x2d, 0x3e,
  0x20, 0x49, 0x6e, 0x74, 0x65, 0x67, 0x65, 0x72, 0x00, 0x68, 0x69, 0x67, 0x68, 0x5f, 0x61, 0x74,
  0x3f, 0x3a, 0x20, 0x28, 0x49, 0x6e, 0x74, 0x65, 0x67, 0x65, 0x72, 0x20, 0x7c, 0x20, 0x53, 0x74,
  0x72, 0x69, 0x6e, 0x67, 0x20, 0x7c, 0x20, 0x53, 0x79, 0x6d, 0x62, 0x6f, 0x6c, 0x20, 0x70, 0x69,
  0x6e, 0x29, 0x20, 0x2d, 0x3e, 0x20, 0x62, 0x6f, 0x6f, 0x6c, 0x00, 0x6c, 0x6f, 0x77, 0x5f, 0x61,
  0x74, 0x3f, 0x3a, 0x20, 0x28, 0x49, 0x6e, 0x74, 0x65, 0x67, 0x65, 0x72, 0x20, 0x7c, 0x20, 0x53,
  0x74, 0x72, 0x69, 0x6e, 0x67, 0x20, 0x7c, 0x20, 0x53, 0x79, 0x6d, 0x62, 0x6f, 0x6c, 0x20, 0x70,
  0x69, 0x6e, 0x29, 0x20, 0x2d, 0x3e, 0x20, 0x62, 0x6f, 0x6f, 0x6c, 0x00, 0x6e, 0x65, 0x77, 0x3a,
  0x20, 0x28, 0x49, 0x6e, 0x74, 0x65, 0x67, 0x65, 0x72, 0x20, 0x7c, 0x20, 0x53, 0x74, 0x72, 0x69,
  0x6e, 0x67, 0x20, 0x7c, 0x20, 0x53, 0x79, 0x6d, 0x62, 0x6f, 0x6c, 0x20, 0x70, 0x69, 0x6e, 0x2c,
  0x20, 0x49, 0x6e, 0x74, 0x65, 0x67, 0x65, 0x72, 0x20, 0x66, 0x6c, 0x61, 0x67, 0x73, 0x2c, 0x20,
  0x3f, 0x49, 0x6e, 0x74, 0x65, 0x67, 0x65, 0x72, 0x20, 0x61, 0x6c, 0x74, 0x5f, 0x66, 0x75, 0x6e,
  0x63, 0x74, 0x69, 0x6f, 0x6e, 0x29, 0x20, 0x2d, 0x3e, 0x20, 0x47, 0x50, 0x49, 0x4f, 0x00, 0x6f,
  0x70, 0x65, 0x6e, 0x5f, 0x64, 0x72, 0x61, 0x69, 0x6e, 0x5f, 0x61, 0x74, 0x3a, 0x20, 0x28, 0x49,
  0x6e, 0x74, 0x65, 0x67, 0x65, 0x72, 0x20, 0x7c, 0x20, 0x53, 0x74, 0x72, 0x69, 0x6e, 0x67, 0x20,
  0x7c, 0x20, 0x53, 0x79, 0x6d, 0x62, 0x6f, 0x6c, 0x20, 0x70, 0x69, 0x6e, 0x29, 0x20, 0x2d, 0x3e,
  0x20, 0x49, 0x6e, 0x74, 0x65, 0x67, 0x65, 0x72, 0x00, 0x70, 0x75, 0x6c, 0x6c, 0x5f, 0x64, 0x6f,
  0x77, 0x6e, 0x5f, 0x61, 0x74, 0x3a, 0x20, 0x28, 0x49, 0x6e, 0x74, 0x65, 0x67, 0x65, 0x72, 0x20,
  0x7c, 0x20, 0x53, 0x74, 0x72, 0x69, 0x6e, 0x67, 0x20, 0x7c, 0x20, 0x53, 0x79, 0x6d, 0x62, 0x6f,
  0x6c, 0x20, 0x70, 0x69, 0x6e, 0x29, 0x20, 0x2d, 0x3e, 0x20, 0x49, 0x6e, 0x74, 0x65, 0x67, 0x65,
  0x72, 0x00, 0x70, 0x75, 0x6c, 0x6c, 0x5f, 0x75, 0x70, 0x5f, 0x61, 0x74, 0x3a, 0x20, 0x28, 0x49,
  0x6e, 0x74, 0x65, 0x67, 0x65, 0x72, 0x20, 0x7c, 0x20, 0x53, 0x74, 0x72, 0x69, 0x6e, 0x67, 0x20,
  0x7c, 0x20, 0x53, 0x79, 0x6d, 0x62, 0x6f, 0x6c, 0x20, 0x70, 0x69, 0x6e, 0x29, 0x20, 0x2d, 0x3e,
  0x20, 0x49, 0x6e, 0x74, 0x65, 0x67, 0x65, 0x72, 0x00, 0x72, 0x65, 0x61, 0x64, 0x5f, 0x61, 0x74,
  0x3a, 0x20, 0x28, 0x49, 0x6e, 0x74, 0x65, 0x67, 0x65, 0x72, 0x20, 0x7c, 0x20, 0x53, 0x74, 0x72,
  0x69, 0x6e, 0x67, 0x20, 0x7c, 0x20, 0x53, 0x79, 0x6d, 0x62, 0x6f, 0x6c, 0x20, 0x70, 0x69, 0x6e,
  0x29, 0x20, 0x2d, 0x3e, 0x20, 0x49, 0x6e, 0x74, 0x65, 0x67, 0x65, 0x72, 0x00, 0x73, 0x65, 0x74,
  0x5f, 0x64, 0x69, 0x72, 0x5f, 0x61, 0x74, 0x3a, 0x20, 0x28, 0x49, 0x6e, 0x74, 0x65, 0x67, 0x65,
  0x72, 0x20, 0x7c, 0x20, 0x53, 0x74, 0x72, 0x69, 0x6e, 0x67, 0x20, 0x7c, 0x20, 0x53, 0x79, 0x6d,
  0x62, 0x6f, 0x6c, 0x20, 0x70, 0x69, 0x6e, 0x2c, 0x20, 0x49, 0x6e, 0x74, 0x65, 0x67, 0x65, 0x72,
  0x20, 0x66, 0x6c, 0x61, 0x67, 0x73, 0x29, 0x20, 0x2d, 0x3e, 0x20, 0x49, 0x6e, 0x74, 0x65, 0x67,
  0x65, 0x72, 0x00, 0x73, 0x65, 0x74, 0x5f, 0x66, 0x75, 0x6e, 0x63, 0x74, 0x69, 0x6f, 0x6e, 0x5f,
  0x61, 0x74, 0x3a, 0x20, 0x28, 0x49, 0x6e, 0x74, 0x65, 0x67, 0x65, 0x72, 0x20, 0x7c, 0x20, 0x53,
  0x74, 0x72, 0x69, 0x6e, 0x67, 0x20, 0x7c, 0x20, 0x53, 0x79, 0x6d, 0x62, 0x6f, 0x6c, 0x20, 0x70,
  0x69, 0x6e, 0x2c, 0x20, 0x49, 0x6e, 0x74, 0x65, 0x67, 0x65, 0x72, 0x20, 0x61, 0x6c, 0x74, 0x5f,
  0x66, 0x75, 0x6e, 0x63, 0x74, 0x69, 0x6f, 0x6e, 0x29, 0x20, 0x2d, 0x3e, 0x20, 0x49, 0x6e, 0x74,
  0x65, 0x67, 0x65, 0x72, 0x00, 0x77, 0x72, 0x69, 0x74, 0x65, 0x5f, 0x61, 0x74, 0x3a, 0x20, 0x28,
  0x49, 0x6e, 0x74, 0x65, 0x67, 0x65, 0x72, 0x20, 0x7c, 0x20, 0x53, 0x74, 0x72, 0x69, 0x6e, 0x67,
  0x20, 0x7c, 0x20, 0x53, 0x79, 0x6d, 0x62, 0x6f, 0x6c, 0x20, 0x70, 0x69, 0x6e, 0x2c, 0x20, 0x49,
  0x6e, 0x74, 0x65, 0x67, 0x65, 0x72, 0x20, 0x76, 0x61, 0x6c, 0x75, 0x65, 0x29, 0x20, 0x2d, 0x3e,
  0x20, 0x49, 0x6e, 0x74, 0x65, 0x67, 0x65, 0x72, 0x00, 0x70, 0x65, 0x72, 0x69, 0x70, 0x68, 0x65,
  0x72, 0x61, 0x6c, 0x5f, 0x65, 0x72, 0x72, 0x6f, 0x72, 0x3a, 0x20, 0x28, 0x49, 0x6e, 0x74, 0x65,
  0x67, 0x65, 0x72, 0x20, 0x63, 0x6f, 0x64, 0x65, 0x2c, 0x20, 0x3f, 0x53, 0x74, 0x72, 0x69, 0x6e,
  0x67, 0x20, 0x6e, 0x61, 0x6d, 0x65, 0x29, 0x20, 0x2d, 0x3e, 0x20, 0x76, 0x6f, 0x69, 0x64, 0x00,
  0x72, 0x65, 0x61, 0x64, 0x3a, 0x20, 0x28, 0x49, 0x6e, 0x74, 0x65, 0x67, 0x65, 0x72, 0x20, 0x69,
  0x32, 0x63, 0x5f, 0x61, 0x64, 0x72, 0x73, 0x5f, 0x37, 0x2c, 0x20, 0x49, 0x6e, 0x74, 0x65, 0x67,
  0x65, 0x72, 0x20, 0x6c, 0x65, 0x6e, 0x2c, 0x20, 0x2a, 0x49, 0x6e, 0x74, 0x65, 0x67, 0x65, 0x72,
  0x20, 0x7c, 0x20, 0x53, 0x74, 0x72, 0x69, 0x6e, 0x67, 0x20, 0x7c, 0x20, 0x41, 0x72, 0x72, 0x61,
  0x79, 0x5b, 0x49, 0x6e, 0x74, 0x65, 0x67, 0x65, 0x72, 0x5d, 0x20, 0x6f, 0x75, 0x74, 0x70, 0x75,
  0x74, 0x73, 0x2c, 0x20, 0x3f, 0x74, 0x69, 0x6d, 0x65, 0x6f, 0x75, 0x74, 0x3a, 0x20, 0x49, 0x6e,
  0x74, 0x65, 0x67, 0x65, 0x72, 0x29, 0x20, 0x2d, 0x3e, 0x20, 0x53, 0x74, 0x72, 0x69, 0x6e, 0x67,
  0x00, 0x73, 0x63, 0x61, 0x6e, 0x3a, 0x20, 0x28, 0x3f, 0x74, 0x69, 0x6d, 0x65, 0x6f, 0x75, 0x74,
  0x3a, 0x20, 0x49, 0x6e, 0x74, 0x65, 0x67, 0x65, 0x72, 0x29, 0x20, 0x2d, 0x3e, 0x20, 0x6e, 0x69,
  0x6c, 0x00, 0x77, 0x72, 0x69, 0x74, 0x65, 0x3a, 0x20, 0x28, 0x49, 0x6e, 0x74, 0x65, 0x67, 0x65,
  0x72, 0x20, 0x69, 0x32, 0x63, 0x5f, 0x61, 0x64, 0x72, 0x73, 0x5f, 0x37, 0x2c, 0x20, 0x2a, 0x49,
  0x6e, 0x74, 0x65, 0x67, 0x65, 0x72, 0x20, 0x7c, 0x20, 0x53, 0x74, 0x72, 0x69, 0x6e, 0x67, 0x20,
  0x7c, 0x20, 0x41, 0x72, 0x72, 0x61, 0x79, 0x5b, 0x49, 0x6e, 0x74, 0x65, 0x67, 0x65, 0x72, 0x5d,
  0x20, 0x6f, 0x75, 0x74, 0x70, 0x75, 0x74, 0x73, 0x2c, 0x20, 0x3f, 0x74, 0x69, 0x6d, 0x65, 0x6f,
  0x75, 0x74, 0x3a, 0x20, 0x49, 0x6e, 0x74, 0x65, 0x67, 0x65, 0x72, 0x2c, 0x20, 0x3f, 0x6e, 0x6f,
  0x73, 0x74, 0x6f, 0x70, 0x3a, 0x20, 0x62, 0x6f, 0x6f, 0x6c, 0x29, 0x20, 0x2d, 0x3e, 0x20, 0x49,
  0x6e, 0x74, 0x65, 0x67, 0x65, 0x72, 0x00, 0x6e, 0x65, 0x77, 0x3a, 0x20, 0x28, 0x75, 0x6e, 0x69,
  0x74, 0x3a, 0x20, 0x53, 0x79, 0x6d, 0x62, 0x6f, 0x6c, 0x20, 0x7c, 0x20, 0x6e, 0x69, 0x6c, 0x2c,
  0x20, 0x3f, 0x66, 0x72, 0x65, 0x71, 0x75, 0x65, 0x6e, 0x63, 0x79, 0x3a, 0x20, 0x49, 0x6e, 0x74,
  0x65, 0x67, 0x65, 0x72, 0x2c, 0x20, 0x3f, 0x73, 0x64, 0x61, 0x5f, 0x70, 0x69, 0x6e, 0x3a, 0x20,
  0x49, 0x6e, 0x74, 0x65, 0x67, 0x65, 0x72, 0x2c, 0x20, 0x3f, 0x73, 0x63, 0x6c, 0x5f, 0x70, 0x69,
  0x6e, 0x3a, 0x20, 0x49, 0x6e, 0x74, 0x65, 0x67, 0x65, 0x72, 0x2c, 0x20, 0x3f, 0x74, 0x69, 0x6d,
  0x65, 0x6f, 0x75, 0x74, 0x3a, 0x20, 0x49, 0x6e, 0x74, 0x65, 0x67, 0x65, 0x72, 0x29, 0x20, 0x2d,
  0x3e, 0x20, 0x49, 0x32, 0x43, 0x00, 0x63, 0x6f, 0x6f, 0x6b, 0x65, 0x64, 0x3a, 0x20, 0x28, 0x29,
  0x20, 0x7b, 0x20, 0x28, 0x49, 0x4f, 0x20, 0x69, 0x6f, 0x29, 0x20, 0x2d, 0x3e, 0x20, 0x75, 0x6e,
  0x74, 0x79, 0x70, 0x65, 0x64, 0x20, 0x7d, 0x20, 0x2d, 0x3e, 0x20, 0x75, 0x6e, 0x74, 0x79, 0x70,
  0x65, 0x64, 0x00, 0x63, 0x6f, 0x6f, 0x6b, 0x65, 0x64, 0x21, 0x3a, 0x20, 0x28, 0x29, 0x20, 0x2d,
  0x3e, 0x20, 0x73, 0x65, 0x6c, 0x66, 0x00, 0x65, 0x63, 0x68, 0x6f, 0x3d, 0x3a, 0x20, 0x28, 0x62,
  0x6f, 0x6f, 0x6c, 0x20, 0x6d, 0x6f, 0x64, 0x65, 0x29, 0x20, 0x2d, 0x3e, 0x20, 0x62, 0x6f, 0x6f,
  0x6c, 0x00, 0x65, 0x63, 0x68, 0x6f, 0x3f, 0x3a, 0x20, 0x28, 0x29, 0x20, 0x2d, 0x3e, 0x20, 0x62,
  0x6f, 0x6f, 0x6c, 0x00, 0x67, 0x65, 0x74, 0x63, 0x68, 0x3a, 0x20, 0x28, 0x29, 0x20, 0x2d, 0x3e,
  0x20, 0x53, 0x74, 0x72, 0x69, 0x6e, 0x67, 0x00, 0x72, 0x61, 0x77, 0x3a, 0x20, 0x28, 0x29, 0x20,
  0x7b, 0x20, 0x28, 0x49, 0x4f, 0x20, 0x69, 0x6f, 0x29, 0x20, 0x2d, 0x3e, 0x20, 0x75, 0x6e, 0x74,
  0x79, 0x70, 0x65, 0x64, 0x20, 0x7d, 0x20, 0x2d, 0x3e, 0x20, 0x75, 0x6e, 0x74, 0x79, 0x70, 0x65,
  0x64, 0x00, 0x72, 0x61, 0x77, 0x21, 0x3a, 0x20, 0x28, 0x29, 0x20, 0x2d, 0x3e, 0x20, 0x73, 0x65,
  0x6c, 0x66, 0x00, 0x72, 0x65, 0x61, 0x64, 0x5f, 0x6e, 0x6f, 0x6e, 0x62, 0x6c, 0x6f, 0x63, 0x6b,
  0x3a, 0x20, 0x28, 0x49, 0x6e, 0x74, 0x65, 0x67, 0x65, 0x72, 0x20, 0x6d, 0x61, 0x78, 0x6c, 0x65,
  0x6e, 0x29, 0x20, 0x2d, 0x3e, 0x20, 0x28, 0x53, 0x74, 0x72, 0x69, 0x6e, 0x67, 0x20, 0x7c, 0x20,
  0x6e, 0x69, 0x6c, 0x29, 0x0a, 0x72, 0x65, 0x61, 0x64, 0x5f, 0x6e, 0x6f, 0x6e, 0x62, 0x6c, 0x6f,
  0x63, 0x6b, 0x3a, 0x20, 0x28, 0x49, 0x6e, 0x74, 0x65, 0x67, 0x65, 0x72, 0x20, 0x6d, 0x61, 0x78,
  0x6c, 0x65, 0x6e, 0x2c, 0x20, 0x53, 0x74, 0x72, 0x69, 0x6e, 0x67, 0x20, 0x6f, 0x75, 0x74, 0x62,
  0x75, 0x66, 0x29, 0x20, 0x2d, 0x3e, 0x20, 0x53, 0x74, 0x72, 0x69, 0x6e, 0x67, 0x00, 0x63, 0x6c,
  0x65, 0x61, 0x72, 0x5f, 0x73, 0x63, 0x72, 0x65, 0x65, 0x6e, 0x3a, 0x20, 0x28, 0x29, 0x20, 0x2d,
  0x3e, 0x20, 0x6e, 0x69, 0x6c, 0x00, 0x67, 0x65, 0x74, 0x5f, 0x63, 0x75, 0x72, 0x73, 0x6f, 0x72,
  0x5f, 0x70, 0x6f, 0x73, 0x69, 0x74, 0x69, 0x6f, 0x6e, 0x3a, 0x20, 0x28, 0x29, 0x20, 0x2d, 0x3e,
  0x20, 0x5b, 0x20, 0x49, 0x6e, 0x74, 0x65, 0x67, 0x65, 0x72, 0x2c, 0x20, 0x49, 0x6e, 0x74, 0x65,
  0x67, 0x65, 0x72, 0x20, 0x5d, 0x00, 0x6f, 0x70, 0x65, 0x6e, 0x3a, 0x20, 0x28, 0x49, 0x6e, 0x74,
  0x65, 0x67, 0x65, 0x72, 0x20, 0x66, 0x64, 0x2c, 0x20, 0x3f, 0x53, 0x74, 0x72, 0x69, 0x6e, 0x67,
  0x20, 0x6d, 0x6f, 0x64, 0x65, 0x29, 0x20, 0x2d, 0x3e, 0x20, 0x49, 0x4f, 0x00, 0x77, 0x61, 0x69,
  0x74, 0x5f, 0x74, 0x65, 0x72, 0x6d, 0x69, 0x6e, 0x61, 0x6c, 0x3a, 0x20, 0x28, 0x3f, 0x74, 0x69,
  0x6d, 0x65, 0x6f, 0x75, 0x74, 0x3a, 0x20, 0x49, 0x6e, 0x74, 0x65, 0x67, 0x65, 0x72, 0x20, 0x7c,
  0x20, 0x46, 0x6c, 0x6f, 0x61, 0x74, 0x29, 0x20, 0x2d, 0x3e, 0x20, 0x53, 0x74, 0x72, 0x69, 0x6e,
  0x67, 0x00, 0x61, 0x63, 0x6f, 0x73, 0x3a, 0x20, 0x28, 0x46, 0x6c, 0x6f, 0x61, 0x74, 0x20, 0x78,
  0x29, 0x20, 0x2d, 0x3e, 0x20, 0x46, 0x6c, 0x6f, 0x61, 0x74, 0x00, 0x61, 0x63, 0x6f, 0x73, 0x68,
  0x3a, 0x20, 0x28, 0x46, 0x6c, 0x6f, 0x61, 0x74, 0x20, 0x78, 0x29, 0x20, 0x2d, 0x3e, 0x20, 0x46,
  0x6c, 0x6f, 0x61, 0x74, 0x00, 0x61, 0x73, 0x69, 0x6e, 0x3a, 0x20, 0x28, 0x46, 0x6c, 0x6f, 0x61,
  0x74, 0x20, 0x78, 0x29, 0x20, 0x2d, 0x3e, 0x20, 0x46, 0x6c, 0x6f, 0x61, 0x74, 0x00, 0x61, 0x73,
  0x69, 0x6e, 0x68, 0x3a, 0x20, 0x28, 0x46, 0x6c, 0x6f, 0x61, 0x74, 0x20, 0x78, 0x29, 0x20, 0x2d,
  0x3e, 0x20, 0x46, 0x6c, 0x6f, 0x61, 0x74, 0x00, 0x61, 0x74, 0x61, 0x6e, 0x3a, 0x20, 0x28, 0x46,
  0x6c, 0x6f, 0x61, 0x74, 0x20, 0x78, 0x29, 0x20, 0x2d, 0x3e, 0x20, 0x46, 0x6c, 0x6f, 0x61, 0x74,
  0x00, 0x61, 0x74, 0x61, 0x6e, 0x32, 0x3a, 0x20, 0x28, 0x46, 0x6c, 0x6f, 0x61, 0x74, 0x20, 0x79,
  0x2c, 0x20, 0x46, 0x6c, 0x6f, 0x61, 0x74, 0x20, 0x78, 0x29, 0x20, 0x2d, 0x3e, 0x20, 0x46, 0x6c,
  0x6f, 0x61, 0x74, 0x00, 0x61, 0x74, 0x61, 0x6e, 0x68, 0x3a, 0x20, 0x28, 0x46, 0x6c, 0x6f, 0x61,
  0x74, 0x20, 0x78, 0x29, 0x20, 0x2d, 0x3e, 0x20, 0x46, 0x6c, 0x6f, 0x61, 0x74, 0x00, 0x63, 0x62,
  0x72, 0x74, 0x3a, 0x20, 0x28, 0x46, 0x6c, 0x6f, 0x61, 0x74, 0x20, 0x78, 0x29, 0x20, 0x2d, 0x3e,
  0x20, 0x46, 0x6c, 0x6f, 0x61, 0x74, 0x00, 0x63, 0x6f, 0x73, 0x3a, 0x20, 0x28, 0x46, 0x6c, 0x6f,
  0x61, 0x74, 0x20, 0x78, 0x29, 0x20, 0x2d, 0x3e, 0x20, 0x46, 0x6c, 0x6f, 0x61, 0x74, 0x00, 0x63,
  0x6f, 0x73, 0x68, 0x3a, 0x20, 0x28, 0x46, 0x6c, 0x6f, 0x61, 0x74, 0x20, 0x78, 0x29, 0x20, 0x2d,
  0x3e, 0x20, 0x46, 0x6c, 0x6f, 0x61, 0x74, 0x00, 0x65, 0x72, 0x66, 0x3a, 0x20, 0x28, 0x46, 0x6c,
  0x6f, 0x61, 0x74, 0x20, 0x78, 0x29, 0x20, 0x2d, 0x3e, 0x20, 0x46, 0x6c, 0x6f, 0x61, 0x74, 0x00,
  0x65, 0x72, 0x66, 0x63, 0x3a, 0x20, 0x28, 0x46, 0x6c, 0x6f, 0x61, 0x74, 0x20, 0x78, 0x29, 0x20,
  0x2d, 0x3e, 0x20, 0x46, 0x6c, 0x6f, 0x61, 0x74, 0x00, 0x65, 0x78, 0x70, 0x3a, 0x20, 0x28, 0x46,
  0x6c, 0x6f, 0x61, 0x74, 0x20, 0x78, 0x29, 0x20, 0x2d, 0x3e, 0x20, 0x46, 0x6c, 0x6f, 0x61, 0x74,
  0x00, 0x68, 0x79, 0x70, 0x6f, 0x74, 0x3a, 0x20, 0x28, 0x46, 0x6c, 0x6f, 0x61, 0x74, 0x20, 0x78,
  0x2c, 0x20, 0x46, 0x6c, 0x6f, 0x61, 0x74, 0x20, 0x79, 0x29, 0x20, 0x2d, 0x3e, 0x20, 0x46, 0x6c,
  0x6f, 0x61, 0x74, 0x00, 0x6c, 0x64, 0x65, 0x78, 0x70, 0x3a, 0x20, 0x28, 0x46, 0x6c, 0x6f, 0x61,
  0x74, 0x20, 0x66, 0x72, 0x61, 0x63, 0x74, 0x69, 0x6f, 0x6e, 0x2c, 0x20, 0x49, 0x6e, 0x74, 0x65,
  0x67, 0x65, 0x72, 0x20, 0x65, 0x78, 0x70, 0x6f, 0x6e, 0x65, 0x6e, 0x74, 0x29, 0x20, 0x2d, 0x3e,
  0x20, 0x46, 0x6c, 0x6f, 0x61, 0x74, 0x00, 0x6c, 0x6f, 0x67, 0x3a, 0x20, 0x28, 0x46, 0x6c, 0x6f,
  0x61, 0x74, 0x20, 0x78, 0x29, 0x20, 0x2d, 0x3e, 0x20, 0x46, 0x6c, 0x6f, 0x61, 0x74, 0x00, 0x6c,
  0x6f, 0x67, 0x31, 0x30, 0x3a, 0x20, 0x28, 0x46, 0x6c, 0x6f, 0x61, 0x74, 0x20, 0x78, 0x29, 0x20,
  0x2d, 0x3e, 0x20, 0x46, 0x6c, 0x6f, 0x61, 0x74, 0x00, 0x6c, 0x6f, 0x67, 0x32, 0x3a, 0x20, 0x28,
  0x46, 0x6c, 0x6f, 0x61, 0x74, 0x20, 0x78, 0x29, 0x20, 0x2d, 0x3e, 0x20, 0x46, 0x6c, 0x6f, 0x61,
  0x74, 0x00, 0x73, 0x69, 0x6e, 0x3a, 0x20, 0x28, 0x46, 0x6c, 0x6f, 0x61, 0x74, 0x20, 0x78, 0x29,
  0x20, 0x2d, 0x3e, 0x20, 0x46, 0x6c, 0x6f, 0x61, 0x74, 0x00, 0x73, 0x69, 0x6e, 0x68, 0x3a, 0x20,
  0x28, 0x46, 0x6c, 0x6f, 0x61, 0x74, 0x20, 0x78, 0x29, 0x20, 0x2d, 0x3e, 0x20, 0x46, 0x6c, 0x6f,
  0x61, 0x74, 0x00, 0x73, 0x71, 0x72, 0x74, 0x3a, 0x20, 0x28, 0x46, 0x6c, 0x6f, 0x61, 0x74, 0x20,
  0x78, 0x29, 0x20, 0x2d, 0x3e, 0x20, 0x46, 0x6c, 0x6f, 0x61, 0x74, 0x00, 0x74, 0x61, 0x6e, 0x3a,
  0x20, 0x28, 0x46, 0x6c, 0x6f, 0x61, 0x74, 0x20, 0x78, 0x29, 0x20, 0x2d, 0x3e, 0x20, 0x46, 0x6c,
  0x6f, 0x61, 0x74, 0x00, 0x74, 0x61, 0x6e, 0x68, 0x3a, 0x20, 0x28, 0x46, 0x6c, 0x6f, 0x61, 0x74,
  0x20, 0x78, 0x29, 0x20, 0x2d, 0x3e, 0x20, 0x46, 0x6c, 0x6f, 0x61, 0x74, 0x00, 0x72, 0x61, 0x6e,
  0x64, 0x6f, 0x6d, 0x5f, 0x69, 0x6e, 0x74, 0x3a, 0x20, 0x28, 0x29, 0x20, 0x2d, 0x3e, 0x20, 0x49,
  0x6e, 0x74, 0x65, 0x67, 0x65, 0x72, 0x00, 0x72, 0x61, 0x6e, 0x64, 0x6f, 0x6d, 0x5f, 0x73, 0x74,
  0x72, 0x69, 0x6e, 0x67, 0x3a, 0x20, 0x28, 0x49, 0x6e, 0x74, 0x65, 0x67, 0x65, 0x72, 0x20, 0x6c,
  0x65, 0x6e, 0x67, 0x74, 0x68, 0x29, 0x20, 0x2d, 0x3e, 0x20, 0x53, 0x74, 0x72, 0x69, 0x6e, 0x67,
  0x00, 0x75, 0x75, 0x69, 0x64, 0x3a, 0x20, 0x28, 0x29, 0x20, 0x2d, 0x3e, 0x20, 0x53, 0x74, 0x72,
  0x69, 0x6e, 0x67, 0x00, 0x6d, 0x6f, 0x75, 0x6e, 0x74, 0x3a, 0x20, 0x28, 0x29, 0x20, 0x2d, 0x3e,
  0x20, 0x62, 0x6f, 0x6f, 0x6c, 0x00, 0x72, 0x65, 0x61, 0x64, 0x3a, 0x20, 0x28, 0x53, 0x74, 0x72,
  0x69, 0x6e, 0x67, 0x20, 0x70, 0x61, 0x74, 0x68, 0x29, 0x20, 0x2d, 0x3e, 0x20, 0x53, 0x74, 0x72,
  0x69, 0x6e, 0x67, 0x00, 0x75, 0x6e, 0x6d, 0x6f, 0x75, 0x6e, 0x74, 0x3a, 0x20, 0x28, 0x29, 0x20,
  0x2d, 0x3e, 0x20, 0x6e, 0x69, 0x6c, 0x00, 0x77, 0x72, 0x69, 0x74, 0x65, 0x3a, 0x20, 0x28, 0x53,
  0x74, 0x72, 0x69, 0x6e, 0x67, 0x20, 0x70, 0x61, 0x74, 0x68, 0x2c, 0x20, 0x53, 0x74, 0x72, 0x69,
  0x6e, 0x67, 0x20, 0x63, 0x6f, 0x6e, 0x74, 0x65, 0x6e, 0x74, 0x29, 0x20, 0x2d, 0x3e, 0x20, 0x49,
  0x6e, 0x74, 0x65, 0x67, 0x65, 0x72, 0x00, 0x61, 0x72, 0x65, 0x61, 0x35, 0x31, 0x32, 0x5f, 0x65,
  0x78, 0x65, 0x63, 0x5f, 0x6d, 0x72, 0x62, 0x5f, 0x66, 0x69, 0x6c, 0x65, 0x5f, 0x6b, 0x65, 0x65,
  0x70, 0x3a, 0x20, 0x28, 0x53, 0x74, 0x72, 0x69, 0x6e, 0x67, 0x20, 0x70, 0x61, 0x74, 0x68, 0x29,
  0x20, 0x2d, 0x3e, 0x20, 0x62, 0x6f, 0x6f, 0x6c, 0x00, 0x61, 0x72, 0x65, 0x61, 0x35, 0x31, 0x32,
  0x5f, 0x72, 0x65, 0x6c, 0x65, 0x61, 0x73, 0x65, 0x5f, 0x6b, 0x65, 0x70, 0x74, 0x5f, 0x63, 0x6f,
  0x64, 0x65, 0x3a, 0x20, 0x28, 0x29, 0x20, 0x2d, 0x3e, 0x20, 0x6e, 0x69, 0x6c, 0x00, 0x63, 0x6c,
  0x65, 0x61, 0x6e, 0x75, 0x70, 0x3a, 0x20, 0x28, 0x29, 0x20, 0x2d, 0x3e, 0x20, 0x6e, 0x69, 0x6c,
  0x00, 0x63, 0x6f, 0x6d, 0x70, 0x69, 0x6c, 0x65, 0x3a, 0x20, 0x28, 0x53, 0x74, 0x72, 0x69, 0x6e,
  0x67, 0x20, 0x73, 0x63, 0x72, 0x69, 0x70, 0x74, 0x2c, 0x20, 0x3f, 0x72, 0x65, 0x6d, 0x6f, 0x76,
  0x65, 0x5f, 0x6c, 0x76, 0x3a, 0x20, 0x62, 0x6f, 0x6f, 0x6c, 0x2c, 0x20, 0x3f, 0x66, 0x69, 0x6c,
  0x65, 0x6e, 0x61, 0x6d, 0x65, 0x3a, 0x20, 0x53, 0x74, 0x72, 0x69, 0x6e, 0x67, 0x20, 0x7c, 0x20,
  0x6e, 0x69, 0x6c, 0x29, 0x20, 0x2d, 0x3e, 0x20, 0x62, 0x6f, 0x6f, 0x6c, 0x00, 0x63, 0x6f, 0x6d,
  0x70, 0x69, 0x6c, 0x65, 0x5f, 0x66, 0x72, 0x6f, 0x6d, 0x5f, 0x6d, 0x65, 0x6d, 0x6f, 0x72, 0x79,
  0x3a, 0x20, 0x28, 0x49, 0x6e, 0x74, 0x65, 0x67, 0x65, 0x72, 0x20, 0x61, 0x64, 0x64, 0x72, 0x65,
  0x73, 0x73, 0x2c, 0x20, 0x49, 0x6e, 0x74, 0x65, 0x67, 0x65, 0x72, 0x20, 0x73, 0x69, 0x7a, 0x65,
  0x2c, 0x20, 0x3f, 0x72, 0x65, 0x6d, 0x6f, 0x76, 0x65, 0x5f, 0x6c, 0x76, 0x3a, 0x20, 0x62, 0x6f,
  0x6f, 0x6c, 0x29, 0x20, 0x2d, 0x3e, 0x20, 0x62, 0x6f, 0x6f, 0x6c, 0x00, 0x65, 0x72, 0x72, 0x6f,
  0x72, 0x3a, 0x20, 0x28, 0x29, 0x20, 0x2d, 0x3e, 0x20, 0x75, 0x6e, 0x74, 0x79, 0x70, 0x65, 0x64,
  0x00, 0x65, 0x78, 0x65, 0x63, 0x5f, 0x6d, 0x72, 0x62, 0x3a, 0x20, 0x28, 0x53, 0x74, 0x72, 0x69,
  0x6e, 0x67, 0x20, 0x6d, 0x72, 0x62, 0x29, 0x20, 0x2d, 0x3e, 0x20, 0x62, 0x6f, 0x6f, 0x6c, 0x00,
  0x65, 0x78, 0x65, 0x63, 0x5f, 0x6d, 0x72, 0x62, 0x5f, 0x66, 0x72, 0x6f, 0x6d, 0x5f, 0x6d, 0x65,
  0x6d, 0x6f, 0x72, 0x79, 0x3a, 0x20, 0x28, 0x49, 0x6e, 0x74, 0x65, 0x67, 0x65, 0x72, 0x20, 0x61,
  0x64, 0x64, 0x72, 0x65, 0x73, 0x73, 0x29, 0x20, 0x2d, 0x3e, 0x20, 0x62, 0x6f, 0x6f, 0x6c, 0x00,
  0x65, 0x78, 0x65, 0x63, 0x75, 0x74, 0x65, 0x3a, 0x20, 0x28, 0x29, 0x20, 0x2d, 0x3e, 0x20, 0x62,
  0x6f, 0x6f, 0x6c, 0x00, 0x66, 0x72, 0x65, 0x65, 0x5f, 0x70, 0x61, 0x72, 0x73, 0x65, 0x72, 0x3a,
  0x20, 0x28, 0x29, 0x20, 0x2d, 0x3e, 0x20, 0x6e, 0x69, 0x6c, 0x00, 0x6c, 0x6f, 0x61, 0x64, 0x5f,
  0x66, 0x69, 0x6c, 0x65, 0x3a, 0x20, 0x28, 0x53, 0x74, 0x72, 0x69, 0x6e, 0x67, 0x20, 0x70, 0x61,
  0x74, 0x68, 0x2c, 0x20, 0x3f, 0x6a, 0x6f, 0x69, 0x6e, 0x3a, 0x20, 0x62, 0x6f, 0x6f, 0x6c, 0x29,
  0x20, 0x2d, 0x3e, 0x20, 0x75, 0x6e, 0x74, 0x79, 0x70, 0x65, 0x64, 0x00, 0x6c, 0x6f, 0x61, 0x64,
  0x5f, 0x6d, 0x61, 0x6e, 0x69, 0x66, 0x65, 0x73, 0x74, 0x3a, 0x20, 0x28, 0x53, 0x74, 0x72, 0x69,
  0x6e, 0x67, 0x20, 0x64, 0x69, 0x72, 0x65, 0x63, 0x74, 0x6f, 0x72, 0x79, 0x2c, 0x20, 0x53, 0x74,
  0x72, 0x69, 0x6e, 0x67, 0x20, 0x6d, 0x61, 0x6e, 0x69, 0x66, 0x65, 0x73, 0x74, 0x5f, 0x70, 0x61,
  0x74, 0x68, 0x2c, 0x20, 0x3f, 0x6a, 0x6f, 0x69, 0x6e, 0x3a, 0x20, 0x62, 0x6f, 0x6f, 0x6c, 0x29,
  0x20, 0x2d, 0x3e, 0x20, 0x28, 0x62, 0x6f, 0x6f, 0x6c, 0x20, 0x7c, 0x20, 0x6e, 0x69, 0x6c, 0x29,
  0x00, 0x72, 0x65, 0x73, 0x75, 0x6c, 0x74, 0x3a, 0x20, 0x28, 0x29, 0x20, 0x2d, 0x3e, 0x20, 0x75,
  0x6e, 0x74, 0x79, 0x70, 0x65, 0x64, 0x00, 0x72, 0x65, 0x73, 0x75, 0x6d, 0x65, 0x3a, 0x20, 0x28,
  0x29, 0x20, 0x2d, 0x3e, 0x20, 0x62, 0x6f, 0x6f, 0x6c, 0x00, 0x73, 0x74, 0x61, 0x74, 0x65, 0x3a,
  0x20, 0x28, 0x29, 0x20, 0x2d, 0x3e, 0x20, 0x53, 0x79, 0x6d, 0x62, 0x6f, 0x6c, 0x00, 0x73, 0x74,
  0x6f, 0x70, 0x3a, 0x20, 0x28, 0x29, 0x20, 0x2d, 0x3e, 0x20, 0x62, 0x6f, 0x6f, 0x6c, 0x00, 0x73,
  0x75, 0x73, 0x70, 0x65, 0x6e, 0x64, 0x3a, 0x20, 0x28, 0x29, 0x20, 0x2d, 0x3e, 0x20, 0x62, 0x6f,
  0x6f, 0x6c, 0x00, 0x74, 0x65, 0x72, 0x6d, 0x69, 0x6e, 0x61, 0x74, 0x65, 0x3a, 0x20, 0x28, 0x29,
  0x20, 0x2d, 0x3e, 0x20, 0x62, 0x6f, 0x6f, 0x6c, 0x00, 0x77, 0x61, 0x69, 0x74, 0x3a, 0x20, 0x28,
  0x3f, 0x74, 0x69, 0x6d, 0x65, 0x6f, 0x75, 0x74, 0x3a, 0x20, 0x49, 0x6e, 0x74, 0x65, 0x67, 0x65,
  0x72, 0x20, 0x7c, 0x20, 0x6e, 0x69, 0x6c, 0x29, 0x20, 0x2d, 0x3e, 0x20, 0x62, 0x6f, 0x6f, 0x6c,
  0x00, 0x6e, 0x65, 0x77, 0x3a, 0x20, 0x28, 0x29, 0x20, 0x2d, 0x3e, 0x20, 0x53, 0x61, 0x6e, 0x64,
  0x62, 0x6f, 0x78, 0x00, 0x63, 0x69, 0x72, 0x63, 0x6c, 0x65, 0x3a, 0x20, 0x28, 0x49, 0x6e, 0x74,
  0x65, 0x67, 0x65, 0x72, 0x20, 0x78, 0x2c, 0x20, 0x49, 0x6e, 0x74, 0x65, 0x67, 0x65, 0x72, 0x20,
  0x79, 0x2c, 0x20, 0x49, 0x6e, 0x74, 0x65, 0x67, 0x65, 0x72, 0x20, 0x72, 0x61, 0x64, 0x69, 0x75,
  0x73, 0x2c, 0x20, 0x49, 0x6e, 0x74, 0x65, 0x67, 0x65, 0x72, 0x20, 0x63, 0x6f, 0x6c, 0x6f, 0x72,
  0x29, 0x20, 0x2d, 0x3e, 0x20, 0x53, 0x70, 0x72, 0x69, 0x74, 0x65, 0x00, 0x64, 0x65, 0x6c, 0x65,
  0x74, 0x65, 0x3a, 0x20, 0x28, 0x29, 0x20, 0x2d, 0x3e, 0x20, 0x6e, 0x69, 0x6c, 0x00, 0x66, 0x69,
  0x6c, 0x6c, 0x3a, 0x20, 0x28, 0x49, 0x6e, 0x74, 0x65, 0x67, 0x65, 0x72, 0x20, 0x63, 0x6f, 0x6c,
  0x6f, 0x72, 0x29, 0x20, 0x2d, 0x3e, 0x20, 0x53, 0x70, 0x72, 0x69, 0x74, 0x65, 0x00, 0x66, 0x69,
  0x6c, 0x6c, 0x5f, 0x63, 0x69, 0x72, 0x63, 0x6c, 0x65, 0x3a, 0x20, 0x28, 0x49, 0x6e, 0x74, 0x65,
  0x67, 0x65, 0x72, 0x20, 0x78, 0x2c, 0x20, 0x49, 0x6e, 0x74, 0x65, 0x67, 0x65, 0x72, 0x20, 0x79,
  0x2c, 0x20, 0x49, 0x6e, 0x74, 0x65, 0x67, 0x65, 0x72, 0x20, 0x72, 0x61, 0x64, 0x69, 0x75, 0x73,
  0x2c, 0x20, 0x49, 0x6e, 0x74, 0x65, 0x67, 0x65, 0x72, 0x20, 0x63, 0x6f, 0x6c, 0x6f, 0x72, 0x29,
  0x20, 0x2d, 0x3e, 0x20, 0x53, 0x70, 0x72, 0x69, 0x74, 0x65, 0x00, 0x66, 0x69, 0x6c, 0x6c, 0x5f,
  0x72, 0x65, 0x63, 0x74, 0x3a, 0x20, 0x28, 0x49, 0x6e, 0x74, 0x65, 0x67, 0x65, 0x72, 0x20, 0x78,
  0x2c, 0x20, 0x49, 0x6e, 0x74, 0x65, 0x67, 0x65, 0x72, 0x20, 0x79, 0x2c, 0x20, 0x49, 0x6e, 0x74,
  0x65, 0x67, 0x65, 0x72, 0x20, 0x77, 0x69, 0x64, 0x74, 0x68, 0x2c, 0x20, 0x49, 0x6e, 0x74, 0x65,
  0x67, 0x65, 0x72, 0x20, 0x68, 0x65, 0x69, 0x67, 0x68, 0x74, 0x2c, 0x20, 0x49, 0x6e, 0x74, 0x65,
  0x67, 0x65, 0x72, 0x20, 0x63, 0x6f, 0x6c, 0x6f, 0x72, 0x29, 0x20, 0x2d, 0x3e, 0x20, 0x53, 0x70,
  0x72, 0x69, 0x74, 0x65, 0x00, 0x6c, 0x69, 0x6e, 0x65, 0x3a, 0x20, 0x28, 0x49, 0x6e, 0x74, 0x65,
  0x67, 0x65, 0x72, 0x20, 0x78, 0x30, 0x2c, 0x20, 0x49, 0x6e, 0x74, 0x65, 0x67, 0x65, 0x72, 0x20,
  0x79, 0x30, 0x2c, 0x20, 0x49, 0x6e, 0x74, 0x65, 0x67, 0x65, 0x72, 0x20, 0x78, 0x31, 0x2c, 0x20,
  0x49, 0x6e, 0x74, 0x65, 0x67, 0x65, 0x72, 0x20, 0x79, 0x31, 0x2c, 0x20, 0x49, 0x6e, 0x74, 0x65,
  0x67, 0x65, 0x72, 0x20, 0x63, 0x6f, 0x6c, 0x6f, 0x72, 0x29, 0x20, 0x2d, 0x3e, 0x20, 0x53, 0x70,
  0x72, 0x69, 0x74, 0x65, 0x00, 0x70, 0x69, 0x78, 0x65, 0x6c, 0x3a, 0x20, 0x28, 0x49, 0x6e, 0x74,
  0x65, 0x67, 0x65, 0x72, 0x20, 0x78, 0x2c, 0x20, 0x49, 0x6e, 0x74, 0x65, 0x67, 0x65, 0x72, 0x20,
  0x79, 0x2c, 0x20, 0x49, 0x6e, 0x74, 0x65, 0x67, 0x65, 0x72, 0x20, 0x63, 0x6f, 0x6c, 0x6f, 0x72,
  0x29, 0x20, 0x2d, 0x3e, 0x20, 0x53, 0x70, 0x72, 0x69, 0x74, 0x65, 0x00, 0x70, 0x75, 0x73, 0x68,
  0x3a, 0x20, 0x28, 0x49, 0x6e, 0x74, 0x65, 0x67, 0x65, 0x72, 0x20, 0x78, 0x2c, 0x20, 0x49, 0x6e,
  0x74, 0x65, 0x67, 0x65, 0x72, 0x20, 0x79, 0x2c, 0x20, 0x3f, 0x49, 0x6e, 0x74, 0x65, 0x67, 0x65,
  0x72, 0x20, 0x74, 0x72, 0x61, 0x6e, 0x73, 0x70, 0x61, 0x72, 0x65, 0x6e, 0x74, 0x5f, 0x63, 0x6f,
  0x6c, 0x6f, 0x72, 0x29, 0x20, 0x2d, 0x3e, 0x20, 0x53, 0x70, 0x72, 0x69, 0x74, 0x65, 0x00, 0x72,
  0x65, 0x63, 0x74, 0x3a, 0x20, 0x28, 0x49, 0x6e, 0x74, 0x65, 0x67, 0x65, 0x72, 0x20, 0x78, 0x2c,
  0x20, 0x49, 0x6e, 0x74, 0x65, 0x67, 0x65, 0x72, 0x20, 0x79, 0x2c, 0x20, 0x49, 0x6e, 0x74, 0x65,
  0x67, 0x65, 0x72, 0x20, 0x77, 0x69, 0x64, 0x74, 0x68, 0x2c, 0x20, 0x49, 0x6e, 0x74, 0x65, 0x67,
  0x65, 0x72, 0x20, 0x68, 0x65, 0x69, 0x67, 0x68, 0x74, 0x2c, 0x20, 0x49, 0x6e, 0x74, 0x65, 0x67,
  0x65, 0x72, 0x20, 0x63, 0x6f, 0x6c, 0x6f, 0x72, 0x29, 0x20, 0x2d, 0x3e, 0x20, 0x53, 0x70, 0x72,
  0x69, 0x74, 0x65, 0x00, 0x74, 0x65, 0x78, 0x74, 0x3a, 0x20, 0x28, 0x49, 0x6e, 0x74, 0x65, 0x67,
  0x65, 0x72, 0x20, 0x78, 0x2c, 0x20, 0x49, 0x6e, 0x74, 0x65, 0x67, 0x65, 0x72, 0x20, 0x79, 0x2c,
  0x20, 0x53, 0x74, 0x72, 0x69, 0x6e, 0x67, 0x20, 0x73, 0x74, 0x72, 0x69, 0x6e, 0x67, 0x2c, 0x20,
  0x49, 0x6e, 0x74, 0x65, 0x67, 0x65, 0x72, 0x20, 0x63, 0x6f, 0x6c, 0x6f, 0x72, 0x29, 0x20, 0x2d,
  0x3e, 0x20, 0x53, 0x70, 0x72, 0x69, 0x74, 0x65, 0x00, 0x6e, 0x65, 0x77, 0x3a, 0x20, 0x28, 0x49,
  0x6e, 0x74, 0x65, 0x67, 0x65, 0x72, 0x20, 0x77, 0x69, 0x64, 0x74, 0x68, 0x2c, 0x20, 0x49, 0x6e,
  0x74, 0x65, 0x67, 0x65, 0x72, 0x20, 0x68, 0x65, 0x69, 0x67, 0x68, 0x74, 0x2c, 0x20, 0x3f, 0x49,
  0x6e, 0x74, 0x65, 0x67, 0x65, 0x72, 0x20, 0x66, 0x6f, 0x6e, 0x74, 0x5f, 0x73, 0x69, 0x7a, 0x65,
  0x29, 0x20, 0x2d, 0x3e, 0x20, 0x53, 0x70, 0x72, 0x69, 0x74, 0x65, 0x00, 0x61, 0x6c, 0x65, 0x72,
  0x74, 0x3a, 0x20, 0x28, 0x53, 0x70, 0x72, 0x69, 0x74, 0x65, 0x20, 0x73, 0x70, 0x72, 0x69, 0x74,
  0x65, 0x2c, 0x20, 0x53, 0x74, 0x72, 0x69, 0x6e, 0x67, 0x20, 0x6d, 0x65, 0x73, 0x73, 0x61, 0x67,
  0x65, 0x29, 0x20, 0x2d, 0x3e, 0x20, 0x6e, 0x69, 0x6c, 0x00, 0x61, 0x6d, 0x62, 0x65, 0x72, 0x3a,
  0x20, 0x28, 0x29, 0x20, 0x2d, 0x3e, 0x20, 0x49, 0x6e, 0x74, 0x65, 0x67, 0x65, 0x72, 0x00, 0x62,
  0x61, 0x64, 0x67, 0x65, 0x3a, 0x20, 0x28, 0x53, 0x70, 0x72, 0x69, 0x74, 0x65, 0x20, 0x73, 0x70,
  0x72, 0x69, 0x74, 0x65, 0x2c, 0x20, 0x49, 0x6e, 0x74, 0x65, 0x67, 0x65, 0x72, 0x20, 0x78, 0x2c,
  0x20, 0x49, 0x6e, 0x74, 0x65, 0x67, 0x65, 0x72, 0x20, 0x79, 0x2c, 0x20, 0x53, 0x74, 0x72, 0x69,
  0x6e, 0x67, 0x20, 0x74, 0x65, 0x78, 0x74, 0x29, 0x20, 0x2d, 0x3e, 0x20, 0x6e, 0x69, 0x6c, 0x00,
  0x62, 0x61, 0x72, 0x5f, 0x63, 0x68, 0x61, 0x72, 0x74, 0x3a, 0x20, 0x28, 0x53, 0x70, 0x72, 0x69,
  0x74, 0x65, 0x20, 0x73, 0x70, 0x72, 0x69, 0x74, 0x65, 0x2c, 0x20, 0x49, 0x6e, 0x74, 0x65, 0x67,
  0x65, 0x72, 0x20, 0x78, 0x2c, 0x20, 0x49, 0x6e, 0x74, 0x65, 0x67, 0x65, 0x72, 0x20, 0x79, 0x2c,
  0x20, 0x49, 0x6e, 0x74, 0x65, 0x67, 0x65, 0x72, 0x20, 0x77, 0x69, 0x64, 0x74, 0x68, 0x2c, 0x20,
  0x49, 0x6e, 0x74, 0x65, 0x67, 0x65, 0x72, 0x20, 0x68, 0x65, 0x69, 0x67, 0x68, 0x74, 0x2c, 0x20,
  0x41, 0x72, 0x72, 0x61, 0x79, 0x5b, 0x49, 0x6e, 0x74, 0x65, 0x67, 0x65, 0x72, 0x5d, 0x20, 0x76,
  0x61, 0x6c, 0x75, 0x65, 0x73, 0x2c, 0x20, 0x49, 0x6e, 0x74, 0x65, 0x67, 0x65, 0x72, 0x20, 0x6d,
  0x61, 0x78, 0x29, 0x20, 0x2d, 0x3e, 0x20, 0x6e, 0x69, 0x6c, 0x00, 0x62, 0x61, 0x74, 0x74, 0x65,
  0x72, 0x79, 0x3a, 0x20, 0x28, 0x53, 0x70, 0x72, 0x69, 0x74, 0x65, 0x20, 0x73, 0x70, 0x72, 0x69,
  0x74, 0x65, 0x2c, 0x20, 0x49, 0x6e, 0x74, 0x65, 0x67, 0x65, 0x72, 0x20, 0x78, 0x2c, 0x20, 0x49,
  0x6e, 0x74, 0x65, 0x67, 0x65, 0x72, 0x20, 0x79, 0x29, 0x20, 0x2d, 0x3e, 0x20, 0x6e, 0x69, 0x6c,
  0x00, 0x62, 0x67, 0x3a, 0x20, 0x28, 0x29, 0x20, 0x2d, 0x3e, 0x20, 0x49, 0x6e, 0x74, 0x65, 0x67,
  0x65, 0x72, 0x00, 0x62, 0x69, 0x67, 0x5f, 0x74, 0x65, 0x78, 0x74, 0x3a, 0x20, 0x28, 0x53, 0x70,
  0x72, 0x69, 0x74, 0x65, 0x20, 0x73, 0x70, 0x72, 0x69, 0x74, 0x65, 0x2c, 0x20, 0x49, 0x6e, 0x74,
  0x65, 0x67, 0x65, 0x72, 0x20, 0x78, 0x2c, 0x20, 0x49, 0x6e, 0x74, 0x65, 0x67, 0x65, 0x72, 0x20,
  0x79, 0x2c, 0x20, 0x53, 0x74, 0x72, 0x69, 0x6e, 0x67, 0x20, 0x74, 0x65, 0x78, 0x74, 0x2c, 0x20,
  0x3f, 0x49, 0x6e, 0x74, 0x65, 0x67, 0x65, 0x72, 0x20, 0x63, 0x6f, 0x6c, 0x6f, 0x72, 0x29, 0x20,
  0x2d, 0x3e, 0x20, 0x6e, 0x69, 0x6c, 0x00, 0x62, 0x6f, 0x64, 0x79, 0x5f, 0x62, 0x6f, 0x74, 0x74,
  0x6f, 0x6d, 0x3a, 0x20, 0x28, 0x29, 0x20, 0x2d, 0x3e, 0x20, 0x49, 0x6e, 0x74, 0x65, 0x67, 0x65,
  0x72, 0x00, 0x62, 0x6f, 0x64, 0x79, 0x5f, 0x68, 0x65, 0x69, 0x67, 0x68, 0x74, 0x3a, 0x20, 0x28,
  0x29, 0x20, 0x2d, 0x3e, 0x20, 0x49, 0x6e, 0x74, 0x65, 0x67, 0x65, 0x72, 0x00, 0x62, 0x6f, 0x64,
  0x79, 0x5f, 0x74, 0x6f, 0x70, 0x3a, 0x20, 0x28, 0x29, 0x20, 0x2d, 0x3e, 0x20, 0x49, 0x6e, 0x74,
  0x65, 0x67, 0x65, 0x72, 0x00, 0x62, 0x75, 0x73, 0x79, 0x3a, 0x20, 0x28, 0x53, 0x70, 0x72, 0x69,
  0x74, 0x65, 0x20, 0x73, 0x70, 0x72, 0x69, 0x74, 0x65, 0x2c, 0x20, 0x49, 0x6e, 0x74, 0x65, 0x67,
  0x65, 0x72, 0x20, 0x78, 0x2c, 0x20, 0x49, 0x6e, 0x74, 0x65, 0x67, 0x65, 0x72, 0x20, 0x79, 0x2c,
  0x20, 0x49, 0x6e, 0x74, 0x65, 0x67, 0x65, 0x72, 0x20, 0x66, 0x72, 0x61, 0x6d, 0x65, 0x29, 0x20,
  0x2d, 0x3e, 0x20, 0x6e, 0x69, 0x6c, 0x00, 0x62, 0x75, 0x74, 0x74, 0x6f, 0x6e, 0x3a, 0x20, 0x28,
  0x53, 0x70, 0x72, 0x69, 0x74, 0x65, 0x20, 0x73, 0x70, 0x72, 0x69, 0x74, 0x65, 0x2c, 0x20, 0x49,
  0x6e, 0x74, 0x65, 0x67, 0x65, 0x72, 0x20, 0x78, 0x2c, 0x20, 0x49, 0x6e, 0x74, 0x65, 0x67, 0x65,
  0x72, 0x20, 0x79, 0x2c, 0x20, 0x49, 0x6e, 0x74, 0x65, 0x67, 0x65, 0x72, 0x20, 0x77, 0x69, 0x64,
  0x74, 0x68, 0x2c, 0x20, 0x53, 0x74, 0x72, 0x69, 0x6e, 0x67, 0x20, 0x6c, 0x61, 0x62, 0x65, 0x6c,
  0x2c, 0x20, 0x62, 0x6f, 0x6f, 0x6c, 0x20, 0x66, 0x6f, 0x63, 0x75, 0x73, 0x65, 0x64, 0x29, 0x20,
  0x2d, 0x3e, 0x20, 0x6e, 0x69, 0x6c, 0x00, 0x63, 0x65, 0x6c, 0x6c, 0x3a, 0x20, 0x28, 0x53, 0x70,
  0x72, 0x69, 0x74, 0x65, 0x20, 0x73, 0x70, 0x72, 0x69, 0x74, 0x65, 0x2c, 0x20, 0x49, 0x6e, 0x74,
  0x65, 0x67, 0x65, 0x72, 0x20, 0x78, 0x2c, 0x20, 0x49, 0x6e, 0x74, 0x65, 0x67, 0x65, 0x72, 0x20,
  0x79, 0x2c, 0x20, 0x49, 0x6e, 0x74, 0x65, 0x67, 0x65, 0x72, 0x20, 0x77, 0x69, 0x64, 0x74, 0x68,
  0x2c, 0x20, 0x49, 0x6e, 0x74, 0x65, 0x67, 0x65, 0x72, 0x20, 0x68, 0x65, 0x69, 0x67, 0x68, 0x74,
  0x2c, 0x20, 0x53, 0x74, 0x72, 0x69, 0x6e, 0x67, 0x20, 0x74, 0x65, 0x78, 0x74, 0x2c, 0x20, 0x62,
  0x6f, 0x6f, 0x6c, 0x20, 0x73, 0x65, 0x6c, 0x65, 0x63, 0x74, 0x65, 0x64, 0x29, 0x20, 0x2d, 0x3e,
  0x20, 0x6e, 0x69, 0x6c, 0x00, 0x63, 0x65, 0x6e, 0x74, 0x65, 0x72, 0x5f, 0x6c, 0x69, 0x6e, 0x65,
  0x73, 0x3a, 0x20, 0x28, 0x53, 0x70, 0x72, 0x69, 0x74, 0x65, 0x20, 0x73, 0x70, 0x72, 0x69, 0x74,
  0x65, 0x2c, 0x20, 0x41, 0x72, 0x72, 0x61, 0x79, 0x20, 0x6c, 0x69, 0x6e, 0x65, 0x73, 0x29, 0x20,
  0x2d, 0x3e, 0x20, 0x6e, 0x69, 0x6c, 0x00, 0x63, 0x68, 0x61, 0x72, 0x5f, 0x77, 0x69, 0x64, 0x74,
  0x68, 0x3a, 0x20, 0x28, 0x29, 0x20, 0x2d, 0x3e, 0x20, 0x49, 0x6e, 0x74, 0x65, 0x67, 0x65, 0x72,
  0x00, 0x63, 0x68, 0x65, 0x63, 0x6b, 0x62, 0x6f, 0x78, 0x3a, 0x20, 0x28, 0x53, 0x70, 0x72, 0x69,
  0x74, 0x65, 0x20, 0x73, 0x70, 0x72, 0x69, 0x74, 0x65, 0x2c, 0x20, 0x49, 0x6e, 0x74, 0x65, 0x67,
  0x65, 0x72, 0x20, 0x78, 0x2c, 0x20, 0x49, 0x6e, 0x74, 0x65, 0x67, 0x65, 0x72, 0x20, 0x79, 0x2c,
  0x20, 0x53, 0x74, 0x72, 0x69, 0x6e, 0x67, 0x20, 0x6c, 0x61, 0x62, 0x65, 0x6c, 0x2c, 0x20, 0x62,
  0x6f, 0x6f, 0x6c, 0x20, 0x63, 0x68, 0x65, 0x63, 0x6b, 0x65, 0x64, 0x2c, 0x20, 0x62, 0x6f, 0x6f,
  0x6c, 0x20, 0x66, 0x6f, 0x63, 0x75, 0x73, 0x65, 0x64, 0x29, 0x20, 0x2d, 0x3e, 0x20, 0x6e, 0x69,
  0x6c, 0x00, 0x63, 0x6c, 0x69, 0x70, 0x3a, 0x20, 0x28, 0x53, 0x70, 0x72, 0x69, 0x74, 0x65, 0x20,
  0x73, 0x70, 0x72, 0x69, 0x74, 0x65, 0x2c, 0x20, 0x53, 0x74, 0x72, 0x69, 0x6e, 0x67, 0x20, 0x74,
  0x65, 0x78, 0x74, 0x2c, 0x20, 0x49, 0x6e, 0x74, 0x65, 0x67, 0x65, 0x72, 0x20, 0x77, 0x69, 0x64,
  0x74, 0x68, 0x29, 0x20, 0x2d, 0x3e, 0x20, 0x53, 0x74, 0x72, 0x69, 0x6e, 0x67, 0x00, 0x63, 0x6f,
  0x6e, 0x66, 0x69, 0x72, 0x6d, 0x3a, 0x20, 0x28, 0x53, 0x70, 0x72, 0x69, 0x74, 0x65, 0x20, 0x73,
  0x70, 0x72, 0x69, 0x74, 0x65, 0x2c, 0x20, 0x53, 0x74, 0x72, 0x69, 0x6e, 0x67, 0x20, 0x71, 0x75,
  0x65, 0x73, 0x74, 0x69, 0x6f, 0x6e, 0x29, 0x20, 0x2d, 0x3e, 0x20, 0x62, 0x6f, 0x6f, 0x6c, 0x00,
  0x64, 0x61, 0x72, 0x6b, 0x3a, 0x20, 0x28, 0x29, 0x20, 0x2d, 0x3e, 0x20, 0x49, 0x6e, 0x74, 0x65,
  0x67, 0x65, 0x72, 0x00, 0x64, 0x69, 0x61, 0x6c, 0x6f, 0x67, 0x3a, 0x20, 0x28, 0x53, 0x70, 0x72,
  0x69, 0x74, 0x65, 0x20, 0x73, 0x70, 0x72, 0x69, 0x74, 0x65, 0x2c, 0x20, 0x53, 0x74, 0x72, 0x69,
  0x6e, 0x67, 0x20, 0x6d, 0x65, 0x73, 0x73, 0x61, 0x67, 0x65, 0x2c, 0x20, 0x41, 0x72, 0x72, 0x61,
  0x79, 0x5b, 0x53, 0x74, 0x72, 0x69, 0x6e, 0x67, 0x5d, 0x20, 0x62, 0x75, 0x74, 0x74, 0x6f, 0x6e,
  0x73, 0x29, 0x20, 0x2d, 0x3e, 0x20, 0x28, 0x49, 0x6e, 0x74, 0x65, 0x67, 0x65, 0x72, 0x20, 0x7c,
  0x20, 0x6e, 0x69, 0x6c, 0x29, 0x00, 0x64, 0x69, 0x6d, 0x3a, 0x20, 0x28, 0x29, 0x20, 0x2d, 0x3e,
  0x20, 0x49, 0x6e, 0x74, 0x65, 0x67, 0x65, 0x72, 0x00, 0x66, 0x69, 0x65, 0x6c, 0x64, 0x3a, 0x20,
  0x28, 0x53, 0x70, 0x72, 0x69, 0x74, 0x65, 0x20, 0x73, 0x70, 0x72, 0x69, 0x74, 0x65, 0x2c, 0x20,
  0x49, 0x6e, 0x74, 0x65, 0x67, 0x65, 0x72, 0x20, 0x78, 0x2c, 0x20, 0x49, 0x6e, 0x74, 0x65, 0x67,
  0x65, 0x72, 0x20, 0x79, 0x2c, 0x20, 0x49, 0x6e, 0x74, 0x65, 0x67, 0x65, 0x72, 0x20, 0x77, 0x69,
  0x64, 0x74, 0x68, 0x2c, 0x20, 0x53, 0x74, 0x72, 0x69, 0x6e, 0x67, 0x20, 0x6c, 0x61, 0x62, 0x65,
  0x6c, 0x2c, 0x20, 0x53, 0x74, 0x72, 0x69, 0x6e, 0x67, 0x20, 0x76, 0x61, 0x6c, 0x75, 0x65, 0x2c,
  0x20, 0x62, 0x6f, 0x6f, 0x6c, 0x20, 0x66, 0x6f, 0x63, 0x75, 0x73, 0x65, 0x64, 0x29, 0x20, 0x2d,
  0x3e, 0x20, 0x6e, 0x69, 0x6c, 0x00, 0x66, 0x6f, 0x6f, 0x74, 0x65, 0x72, 0x3a, 0x20, 0x28, 0x53,
  0x70, 0x72, 0x69, 0x74, 0x65, 0x20, 0x73, 0x70, 0x72, 0x69, 0x74, 0x65, 0x2c, 0x20, 0x53, 0x74,
  0x72, 0x69, 0x6e, 0x67, 0x20, 0x6d, 0x65, 0x73, 0x73, 0x61, 0x67, 0x65, 0x29, 0x20, 0x2d, 0x3e,
  0x20, 0x6e, 0x69, 0x6c, 0x00, 0x67, 0x61, 0x75, 0x67, 0x65, 0x3a, 0x20, 0x28, 0x53, 0x70, 0x72,
  0x69, 0x74, 0x65, 0x20, 0x73, 0x70, 0x72, 0x69, 0x74, 0x65, 0x2c, 0x20, 0x49, 0x6e, 0x74, 0x65,
  0x67, 0x65, 0x72, 0x20, 0x78, 0x2c, 0x20, 0x49, 0x6e, 0x74, 0x65, 0x67, 0x65, 0x72, 0x20, 0x79,
  0x2c, 0x20, 0x49, 0x6e, 0x74, 0x65, 0x67, 0x65, 0x72, 0x20, 0x77, 0x69, 0x64, 0x74, 0x68, 0x2c,
  0x20, 0x49, 0x6e, 0x74, 0x65, 0x67, 0x65, 0x72, 0x20, 0x76, 0x61, 0x6c, 0x75, 0x65, 0x2c, 0x20,
  0x49, 0x6e, 0x74, 0x65, 0x67, 0x65, 0x72, 0x20, 0x6d, 0x61, 0x78, 0x29, 0x20, 0x2d, 0x3e, 0x20,
  0x6e, 0x69, 0x6c, 0x00, 0x67, 0x6f, 0x6c, 0x64, 0x3a, 0x20, 0x28, 0x29, 0x20, 0x2d, 0x3e, 0x20,
  0x49, 0x6e, 0x74, 0x65, 0x67, 0x65, 0x72, 0x00, 0x68, 0x65, 0x61, 0x64, 0x65, 0x72, 0x3a, 0x20,
  0x28, 0x53, 0x70, 0x72, 0x69, 0x74, 0x65, 0x20, 0x73, 0x70, 0x72, 0x69, 0x74, 0x65, 0x2c, 0x20,
  0x53, 0x74, 0x72, 0x69, 0x6e, 0x67, 0x20, 0x74, 0x69, 0x74, 0x6c, 0x65, 0x2c, 0x20, 0x3f, 0x53,
  0x74, 0x72, 0x69, 0x6e, 0x67, 0x20, 0x72, 0x69, 0x67, 0x68, 0x74, 0x29, 0x20, 0x2d, 0x3e, 0x20,
  0x6e, 0x69, 0x6c, 0x00, 0x68, 0x65, 0x61, 0x64, 0x65, 0x72, 0x5f, 0x68, 0x65, 0x69, 0x67, 0x68,
  0x74, 0x3a, 0x20, 0x28, 0x29, 0x20, 0x2d, 0x3e, 0x20, 0x49, 0x6e, 0x74, 0x65, 0x67, 0x65, 0x72,
  0x00, 0x68, 0x69, 0x6e, 0x74, 0x73, 0x3a, 0x20, 0x28, 0x53, 0x70, 0x72, 0x69, 0x74, 0x65, 0x20,
  0x73, 0x70, 0x72, 0x69, 0x74, 0x65, 0x2c, 0x20, 0x41, 0x72, 0x72, 0x61, 0x79, 0x20, 0x68, 0x69,
  0x6e, 0x74, 0x73, 0x29, 0x20, 0x2d, 0x3e, 0x20, 0x6e, 0x69, 0x6c, 0x00, 0x68, 0x73, 0x63, 0x72,
  0x6f, 0x6c, 0x6c, 0x62, 0x61, 0x72, 0x3a, 0x20, 0x28, 0x53, 0x70, 0x72, 0x69, 0x74, 0x65, 0x20,
  0x73, 0x70, 0x72, 0x69, 0x74, 0x65, 0x2c, 0x20, 0x49, 0x6e, 0x74, 0x65, 0x67, 0x65, 0x72, 0x20,
  0x78, 0x2c, 0x20, 0x49, 0x6e, 0x74, 0x65, 0x67, 0x65, 0x72, 0x20, 0x79, 0x2c, 0x20, 0x49, 0x6e,
  0x74, 0x65, 0x67, 0x65, 0x72, 0x20, 0x77, 0x69, 0x64, 0x74, 0x68, 0x2c, 0x20, 0x49, 0x6e, 0x74,
  0x65, 0x67, 0x65, 0x72, 0x20, 0x6c, 0x65, 0x66, 0x74, 0x2c, 0x20, 0x49, 0x6e, 0x74, 0x65, 0x67,
  0x65, 0x72, 0x20, 0x76, 0x69, 0x73, 0x69, 0x62, 0x6c, 0x65, 0x2c, 0x20, 0x49, 0x6e, 0x74, 0x65,
  0x67, 0x65, 0x72, 0x20, 0x74, 0x6f, 0x74, 0x61, 0x6c, 0x29, 0x20, 0x2d, 0x3e, 0x20, 0x6e, 0x69,
  0x6c, 0x00, 0x69, 0x6e, 0x70, 0x75, 0x74, 0x3a, 0x20, 0x28, 0x53, 0x70, 0x72, 0x69, 0x74, 0x65,
  0x20, 0x73, 0x70, 0x72, 0x69, 0x74, 0x65, 0x2c, 0x20, 0x53, 0x74, 0x72, 0x69, 0x6e, 0x67, 0x20,
  0x6c, 0x61, 0x62, 0x65, 0x6c, 0x2c, 0x20, 0x3f, 0x53, 0x74, 0x72, 0x69, 0x6e, 0x67, 0x20, 0x69,
  0x6e, 0x69, 0x74, 0x69, 0x61, 0x6c, 0x29, 0x20, 0x2d, 0x3e, 0x20, 0x28, 0x53, 0x74, 0x72, 0x69,
  0x6e, 0x67, 0x20, 0x7c, 0x20, 0x6e, 0x69, 0x6c, 0x29, 0x00, 0x69, 0x6e, 0x70, 0x75, 0x74, 0x5f,
  0x6e, 0x75, 0x6d, 0x62, 0x65, 0x72, 0x3a, 0x20, 0x28, 0x53, 0x70, 0x72, 0x69, 0x74, 0x65, 0x20,
  0x73, 0x70, 0x72, 0x69, 0x74, 0x65, 0x2c, 0x20, 0x53, 0x74, 0x72, 0x69, 0x6e, 0x67, 0x20, 0x6c,
  0x61, 0x62, 0x65, 0x6c, 0x2c, 0x20, 0x49, 0x6e, 0x74, 0x65, 0x67, 0x65, 0x72, 0x20, 0x69, 0x6e,
  0x69, 0x74, 0x69, 0x61, 0x6c, 0x2c, 0x20, 0x49, 0x6e, 0x74, 0x65, 0x67, 0x65, 0x72, 0x20, 0x6d,
  0x69, 0x6e, 0x2c, 0x20, 0x49, 0x6e, 0x74, 0x65, 0x67, 0x65, 0x72, 0x20, 0x6d, 0x61, 0x78, 0x29,
  0x20, 0x2d, 0x3e, 0x20, 0x28, 0x49, 0x6e, 0x74, 0x65, 0x67, 0x65, 0x72, 0x20, 0x7c, 0x20, 0x6e,
  0x69, 0x6c, 0x29, 0x00, 0x6c, 0x69, 0x6e, 0x65, 0x5f, 0x63, 0x68, 0x61, 0x72, 0x74, 0x3a, 0x20,
  0x28, 0x53, 0x70, 0x72, 0x69, 0x74, 0x65, 0x20, 0x73, 0x70, 0x72, 0x69, 0x74, 0x65, 0x2c, 0x20,
  0x49, 0x6e, 0x74, 0x65, 0x67, 0x65, 0x72, 0x20, 0x78, 0x2c, 0x20, 0x49, 0x6e, 0x74, 0x65, 0x67,
  0x65, 0x72, 0x20, 0x79, 0x2c, 0x20, 0x49, 0x6e, 0x74, 0x65, 0x67, 0x65, 0x72, 0x20, 0x77, 0x69,
  0x64, 0x74, 0x68, 0x2c, 0x20, 0x49, 0x6e, 0x74, 0x65, 0x67, 0x65, 0x72, 0x20, 0x68, 0x65, 0x69,
  0x67, 0x68, 0x74, 0x2c, 0x20, 0x41, 0x72, 0x72, 0x61, 0x79, 0x5b, 0x49, 0x6e, 0x74, 0x65, 0x67,
  0x65, 0x72, 0x5d, 0x20, 0x76, 0x61, 0x6c, 0x75, 0x65, 0x73, 0x2c, 0x20, 0x49, 0x6e, 0x74, 0x65,
  0x67, 0x65, 0x72, 0x20, 0x6d, 0x61, 0x78, 0x29, 0x20, 0x2d, 0x3e, 0x20, 0x6e, 0x69, 0x6c, 0x00,
  0x6d, 0x61, 0x72, 0x71, 0x75, 0x65, 0x65, 0x3a, 0x20, 0x28, 0x53, 0x70, 0x72, 0x69, 0x74, 0x65,
  0x20, 0x73, 0x70, 0x72, 0x69, 0x74, 0x65, 0x2c, 0x20, 0x49, 0x6e, 0x74, 0x65, 0x67, 0x65, 0x72,
  0x20, 0x78, 0x2c, 0x20, 0x49, 0x6e, 0x74, 0x65, 0x67, 0x65, 0x72, 0x20, 0x79, 0x2c, 0x20, 0x49,
  0x6e, 0x74, 0x65, 0x67, 0x65, 0x72, 0x20, 0x77, 0x69, 0x64, 0x74, 0x68, 0x2c, 0x20, 0x53, 0x74,
  0x72, 0x69, 0x6e, 0x67, 0x20, 0x74, 0x65, 0x78, 0x74, 0x2c, 0x20, 0x49, 0x6e, 0x74, 0x65, 0x67,
  0x65, 0x72, 0x20, 0x6f, 0x66, 0x66, 0x73, 0x65, 0x74, 0x29, 0x20, 0x2d, 0x3e, 0x20, 0x49, 0x6e,
  0x74, 0x65, 0x67, 0x65, 0x72, 0x00, 0x6d, 0x65, 0x6e, 0x75, 0x3a, 0x20, 0x28, 0x53, 0x70, 0x72,
  0x69, 0x74, 0x65, 0x20, 0x73, 0x70, 0x72, 0x69, 0x74, 0x65, 0x2c, 0x20, 0x53, 0x74, 0x72, 0x69,
  0x6e, 0x67, 0x20, 0x74, 0x69, 0x74, 0x6c, 0x65, 0x2c, 0x20, 0x41, 0x72, 0x72, 0x61, 0x79, 0x5b,
  0x53, 0x74, 0x72, 0x69, 0x6e, 0x67, 0x5d, 0x20, 0x69, 0x74, 0x65, 0x6d, 0x73, 0x2c, 0x20, 0x3f,
  0x49, 0x6e, 0x74, 0x65, 0x67, 0x65, 0x72, 0x20, 0x69, 0x6e, 0x69, 0x74, 0x69, 0x61, 0x6c, 0x29,
  0x20, 0x2d, 0x3e, 0x20, 0x28, 0x49, 0x6e, 0x74, 0x65, 0x67, 0x65, 0x72, 0x20, 0x7c, 0x20, 0x6e,
  0x69, 0x6c, 0x29, 0x00, 0x70, 0x61, 0x67, 0x65, 0x5f, 0x64, 0x6f, 0x74, 0x73, 0x3a, 0x20, 0x28,
  0x53, 0x70, 0x72, 0x69, 0x74, 0x65, 0x20, 0x73, 0x70, 0x72, 0x69, 0x74, 0x65, 0x2c, 0x20, 0x49,
  0x6e, 0x74, 0x65, 0x67, 0x65, 0x72, 0x20, 0x79, 0x2c, 0x20, 0x49, 0x6e, 0x74, 0x65, 0x67, 0x65,
  0x72, 0x20, 0x63, 0x6f, 0x75, 0x6e, 0x74, 0x2c, 0x20, 0x49, 0x6e, 0x74, 0x65, 0x67, 0x65, 0x72,
  0x20, 0x61, 0x63, 0x74, 0x69, 0x76, 0x65, 0x29, 0x20, 0x2d, 0x3e, 0x20, 0x6e, 0x69, 0x6c, 0x00,
  0x70, 0x61, 0x6e, 0x65, 0x6c, 0x3a, 0x20, 0x28, 0x53, 0x70, 0x72, 0x69, 0x74, 0x65, 0x20, 0x73,
  0x70, 0x72, 0x69, 0x74, 0x65, 0x2c, 0x20, 0x49, 0x6e, 0x74, 0x65, 0x67, 0x65, 0x72, 0x20, 0x78,
  0x2c, 0x20, 0x49, 0x6e, 0x74, 0x65, 0x67, 0x65, 0x72, 0x20, 0x79, 0x2c, 0x20, 0x49, 0x6e, 0x74,
  0x65, 0x67, 0x65, 0x72, 0x20, 0x77, 0x69, 0x64, 0x74, 0x68, 0x2c, 0x20, 0x49, 0x6e, 0x74, 0x65,
  0x67, 0x65, 0x72, 0x20, 0x68, 0x65, 0x69, 0x67, 0x68, 0x74, 0x29, 0x20, 0x2d, 0x3e, 0x20, 0x6e,
  0x69, 0x6c, 0x00, 0x72, 0x61, 0x64, 0x69, 0x6f, 0x3a, 0x20, 0x28, 0x53, 0x70, 0x72, 0x69, 0x74,
  0x65, 0x20, 0x73, 0x70, 0x72, 0x69, 0x74, 0x65, 0x2c, 0x20, 0x49, 0x6e, 0x74, 0x65, 0x67, 0x65,
  0x72, 0x20, 0x78, 0x2c, 0x20, 0x49, 0x6e, 0x74, 0x65, 0x67, 0x65, 0x72, 0x20, 0x79, 0x2c, 0x20,
  0x53, 0x74, 0x72, 0x69, 0x6e, 0x67, 0x20, 0x6c, 0x61, 0x62, 0x65, 0x6c, 0x2c, 0x20, 0x62, 0x6f,
  0x6f, 0x6c, 0x20, 0x73, 0x65, 0x6c, 0x65, 0x63, 0x74, 0x65, 0x64, 0x2c, 0x20, 0x62, 0x6f, 0x6f,
  0x6c, 0x20, 0x66, 0x6f, 0x63, 0x75, 0x73, 0x65, 0x64, 0x29, 0x20, 0x2d, 0x3e, 0x20, 0x6e, 0x69,
  0x6c, 0x00, 0x72, 0x65, 0x61, 0x64, 0x5f, 0x6b, 0x65, 0x79, 0x3a, 0x20, 0x28, 0x29, 0x20, 0x2d,
  0x3e, 0x20, 0x53, 0x74, 0x72, 0x69, 0x6e, 0x67, 0x00, 0x72, 0x6f, 0x77, 0x5f, 0x68, 0x65, 0x69,
  0x67, 0x68, 0x74, 0x3a, 0x20, 0x28, 0x29, 0x20, 0x2d, 0x3e, 0x20, 0x49, 0x6e, 0x74, 0x65, 0x67,
  0x65, 0x72, 0x00, 0x73, 0x63, 0x72, 0x6f, 0x6c, 0x6c, 0x62, 0x61, 0x72, 0x3a, 0x20, 0x28, 0x53,
  0x70, 0x72, 0x69, 0x74, 0x65, 0x20, 0x73, 0x70, 0x72, 0x69, 0x74, 0x65, 0x2c, 0x20, 0x49, 0x6e,
  0x74, 0x65, 0x67, 0x65, 0x72, 0x20, 0x78, 0x2c, 0x20, 0x49, 0x6e, 0x74, 0x65, 0x67, 0x65, 0x72,
  0x20, 0x79, 0x2c, 0x20, 0x49, 0x6e, 0x74, 0x65, 0x67, 0x65, 0x72, 0x20, 0x68, 0x65, 0x69, 0x67,
  0x68, 0x74, 0x2c, 0x20, 0x49, 0x6e, 0x74, 0x65, 0x67, 0x65, 0x72, 0x20, 0x74, 0x6f, 0x70, 0x2c,
  0x20, 0x49, 0x6e, 0x74, 0x65, 0x67, 0x65, 0x72, 0x20, 0x76, 0x69, 0x73, 0x69, 0x62, 0x6c, 0x65,
  0x2c, 0x20, 0x49, 0x6e, 0x74, 0x65, 0x67, 0x65, 0x72, 0x20, 0x74, 0x6f, 0x74, 0x61, 0x6c, 0x29,
  0x20, 0x2d, 0x3e, 0x20, 0x6e, 0x69, 0x6c, 0x00, 0x73, 0x65, 0x70, 0x61, 0x72, 0x61, 0x74, 0x6f,
  0x72, 0x3a, 0x20, 0x28, 0x53, 0x70, 0x72, 0x69, 0x74, 0x65, 0x20, 0x73, 0x70, 0x72, 0x69, 0x74,
  0x65, 0x2c, 0x20, 0x49, 0x6e, 0x74, 0x65, 0x67, 0x65, 0x72, 0x20, 0x79, 0x29, 0x20, 0x2d, 0x3e,
  0x20, 0x6e, 0x69, 0x6c, 0x00, 0x73, 0x6c, 0x69, 0x64, 0x65, 0x72, 0x3a, 0x20, 0x28, 0x53, 0x70,
  0x72, 0x69, 0x74, 0x65, 0x20, 0x73, 0x70, 0x72, 0x69, 0x74, 0x65, 0x2c, 0x20, 0x49, 0x6e, 0x74,
  0x65, 0x67, 0x65, 0x72, 0x20, 0x78, 0x2c, 0x20, 0x49, 0x6e, 0x74, 0x65, 0x67, 0x65, 0x72, 0x20,
  0x79, 0x2c, 0x20, 0x49, 0x6e, 0x74, 0x65, 0x67, 0x65, 0x72, 0x20, 0x77, 0x69, 0x64, 0x74, 0x68,
  0x2c, 0x20, 0x49, 0x6e, 0x74, 0x65, 0x67, 0x65, 0x72, 0x20, 0x76, 0x61, 0x6c, 0x75, 0x65, 0x2c,
  0x20, 0x49, 0x6e, 0x74, 0x65, 0x67, 0x65, 0x72, 0x20, 0x6d, 0x61, 0x78, 0x2c, 0x20, 0x62, 0x6f,
  0x6f, 0x6c, 0x20, 0x66, 0x6f, 0x63, 0x75, 0x73, 0x65, 0x64, 0x29, 0x20, 0x2d, 0x3e, 0x20, 0x6e,
  0x69, 0x6c, 0x00, 0x73, 0x70, 0x69, 0x6e, 0x6e, 0x65, 0x72, 0x3a, 0x20, 0x28, 0x53, 0x70, 0x72,
  0x69, 0x74, 0x65, 0x20, 0x73, 0x70, 0x72, 0x69, 0x74, 0x65, 0x2c, 0x20, 0x49, 0x6e, 0x74, 0x65,
  0x67, 0x65, 0x72, 0x20, 0x78, 0x2c, 0x20, 0x49, 0x6e, 0x74, 0x65, 0x67, 0x65, 0x72, 0x20, 0x79,
  0x2c, 0x20, 0x49, 0x6e, 0x74, 0x65, 0x67, 0x65, 0x72, 0x20, 0x77, 0x69, 0x64, 0x74, 0x68, 0x2c,
  0x20, 0x53, 0x74, 0x72, 0x69, 0x6e, 0x67, 0x20, 0x74, 0x65, 0x78, 0x74, 0x2c, 0x20, 0x62, 0x6f,
  0x6f, 0x6c, 0x20, 0x66, 0x6f, 0x63, 0x75, 0x73, 0x65, 0x64, 0x29, 0x20, 0x2d, 0x3e, 0x20, 0x6e,
  0x69, 0x6c, 0x00, 0x73, 0x70, 0x6c, 0x61, 0x73, 0x68, 0x3a, 0x20, 0x28, 0x53, 0x70, 0x72, 0x69,
  0x74, 0x65, 0x20, 0x73, 0x70, 0x72, 0x69, 0x74, 0x65, 0x2c, 0x20, 0x53, 0x74, 0x72, 0x69, 0x6e,
  0x67, 0x20, 0x74, 0x69, 0x74, 0x6c, 0x65, 0x2c, 0x20, 0x3f, 0x53, 0x74, 0x72, 0x69, 0x6e, 0x67,
  0x20, 0x73, 0x75, 0x62, 0x74, 0x69, 0x74, 0x6c, 0x65, 0x29, 0x20, 0x2d, 0x3e, 0x20, 0x6e, 0x69,
  0x6c, 0x00, 0x74, 0x61, 0x62, 0x6c, 0x65, 0x5f, 0x68, 0x65, 0x61, 0x64, 0x65, 0x72, 0x3a, 0x20,
  0x28, 0x53, 0x70, 0x72, 0x69, 0x74, 0x65, 0x20, 0x73, 0x70, 0x72, 0x69, 0x74, 0x65, 0x2c, 0x20,
  0x49, 0x6e, 0x74, 0x65, 0x67, 0x65, 0x72, 0x20, 0x78, 0x2c, 0x20, 0x49, 0x6e, 0x74, 0x65, 0x67,
  0x65, 0x72, 0x20, 0x79, 0x2c, 0x20, 0x41, 0x72, 0x72, 0x61, 0x79, 0x5b, 0x49, 0x6e, 0x74, 0x65,
  0x67, 0x65, 0x72, 0x5d, 0x20, 0x77, 0x69, 0x64, 0x74, 0x68, 0x73, 0x2c, 0x20, 0x41, 0x72, 0x72,
  0x61, 0x79, 0x5b, 0x53, 0x74, 0x72, 0x69, 0x6e, 0x67, 0x5d, 0x20, 0x6c, 0x61, 0x62, 0x65, 0x6c,
  0x73, 0x29, 0x20, 0x2d, 0x3e, 0x20, 0x6e, 0x69, 0x6c, 0x00, 0x74, 0x61, 0x62, 0x6c, 0x65, 0x5f,
  0x72, 0x6f, 0x77, 0x3a, 0x20, 0x28, 0x53, 0x70, 0x72, 0x69, 0x74, 0x65, 0x20, 0x73, 0x70, 0x72,
  0x69, 0x74, 0x65, 0x2c, 0x20, 0x49, 0x6e, 0x74, 0x65, 0x67, 0x65, 0x72, 0x20, 0x78, 0x2c, 0x20,
  0x49, 0x6e, 0x74, 0x65, 0x67, 0x65, 0x72, 0x20, 0x79, 0x2c, 0x20, 0x41, 0x72, 0x72, 0x61, 0x79,
  0x5b, 0x49, 0x6e, 0x74, 0x65, 0x67, 0x65, 0x72, 0x5d, 0x20, 0x77, 0x69, 0x64, 0x74, 0x68, 0x73,
  0x2c, 0x20, 0x41, 0x72, 0x72, 0x61, 0x79, 0x5b, 0x53, 0x74, 0x72, 0x69, 0x6e, 0x67, 0x5d, 0x20,
  0x74, 0x65, 0x78, 0x74, 0x73, 0x2c, 0x20, 0x62, 0x6f, 0x6f, 0x6c, 0x20, 0x73, 0x65, 0x6c, 0x65,
  0x63, 0x74, 0x65, 0x64, 0x29, 0x20, 0x2d, 0x3e, 0x20, 0x6e, 0x69, 0x6c, 0x00, 0x74, 0x61, 0x62,
  0x73, 0x3a, 0x20, 0x28, 0x53, 0x70, 0x72, 0x69, 0x74, 0x65, 0x20, 0x73, 0x70, 0x72, 0x69, 0x74,
  0x65, 0x2c, 0x20, 0x49, 0x6e, 0x74, 0x65, 0x67, 0x65, 0x72, 0x20, 0x79, 0x2c, 0x20, 0x41, 0x72,
  0x72, 0x61, 0x79, 0x5b, 0x53, 0x74, 0x72, 0x69, 0x6e, 0x67, 0x5d, 0x20, 0x6c, 0x61, 0x62, 0x65,
  0x6c, 0x73, 0x2c, 0x20, 0x49, 0x6e, 0x74, 0x65, 0x67, 0x65, 0x72, 0x20, 0x61, 0x63, 0x74, 0x69,
  0x76, 0x65, 0x29, 0x20, 0x2d, 0x3e, 0x20, 0x6e, 0x69, 0x6c, 0x00, 0x74, 0x65, 0x78, 0x74, 0x5f,
  0x63, 0x65, 0x6e, 0x74, 0x65, 0x72, 0x3a, 0x20, 0x28, 0x53, 0x70, 0x72, 0x69, 0x74, 0x65, 0x20,
  0x73, 0x70, 0x72, 0x69, 0x74, 0x65, 0x2c, 0x20, 0x49, 0x6e, 0x74, 0x65, 0x67, 0x65, 0x72, 0x20,
  0x79, 0x2c, 0x20, 0x53, 0x74, 0x72, 0x69, 0x6e, 0x67, 0x20, 0x74, 0x65, 0x78, 0x74, 0x2c, 0x20,
  0x3f, 0x49, 0x6e, 0x74, 0x65, 0x67, 0x65, 0x72, 0x20, 0x63, 0x6f, 0x6c, 0x6f, 0x72, 0x29, 0x20,
  0x2d, 0x3e, 0x20, 0x6e, 0x69, 0x6c, 0x00, 0x74, 0x65, 0x78, 0x74, 0x5f, 0x72, 0x69, 0x67, 0x68,
  0x74, 0x3a, 0x20, 0x28, 0x53, 0x70, 0x72, 0x69, 0x74, 0x65, 0x20, 0x73, 0x70, 0x72, 0x69, 0x74,
  0x65, 0x2c, 0x20, 0x49, 0x6e, 0x74, 0x65, 0x67, 0x65, 0x72, 0x20, 0x72, 0x69, 0x67, 0x68, 0x74,
  0x5f, 0x78, 0x2c, 0x20, 0x49, 0x6e, 0x74, 0x65, 0x67, 0x65, 0x72, 0x20, 0x79, 0x2c, 0x20, 0x53,
  0x74, 0x72, 0x69, 0x6e, 0x67, 0x20, 0x74, 0x65, 0x78, 0x74, 0x2c, 0x20, 0x3f, 0x49, 0x6e, 0x74,
  0x65, 0x67, 0x65, 0x72, 0x20, 0x63, 0x6f, 0x6c, 0x6f, 0x72, 0x29, 0x20, 0x2d, 0x3e, 0x20, 0x6e,
  0x69, 0x6c, 0x00, 0x74, 0x65, 0x78, 0x74, 0x5f, 0x77, 0x69, 0x64, 0x74, 0x68, 0x3a, 0x20, 0x28,
  0x53, 0x70, 0x72, 0x69, 0x74, 0x65, 0x20, 0x73, 0x70, 0x72, 0x69, 0x74, 0x65, 0x2c, 0x20, 0x53,
  0x74, 0x72, 0x69, 0x6e, 0x67, 0x20, 0x74, 0x65, 0x78, 0x74, 0x29, 0x20, 0x2d, 0x3e, 0x20, 0x49,
  0x6e, 0x74, 0x65, 0x67, 0x65, 0x72, 0x00, 0x74, 0x69, 0x74, 0x6c, 0x65, 0x64, 0x5f, 0x70, 0x61,
  0x6e, 0x65, 0x6c, 0x3a, 0x20, 0x28, 0x53, 0x70, 0x72, 0x69, 0x74, 0x65, 0x20, 0x73, 0x70, 0x72,
  0x69, 0x74, 0x65, 0x2c, 0x20, 0x49, 0x6e, 0x74, 0x65, 0x67, 0x65, 0x72, 0x20, 0x78, 0x2c, 0x20,
  0x49, 0x6e, 0x74, 0x65, 0x67, 0x65, 0x72, 0x20, 0x79, 0x2c, 0x20, 0x49, 0x6e, 0x74, 0x65, 0x67,
  0x65, 0x72, 0x20, 0x77, 0x69, 0x64, 0x74, 0x68, 0x2c, 0x20, 0x49, 0x6e, 0x74, 0x65, 0x67, 0x65,
  0x72, 0x20, 0x68, 0x65, 0x69, 0x67, 0x68, 0x74, 0x2c, 0x20, 0x53, 0x74, 0x72, 0x69, 0x6e, 0x67,
  0x20, 0x74, 0x69, 0x74, 0x6c, 0x65, 0x29, 0x20, 0x2d, 0x3e, 0x20, 0x6e, 0x69, 0x6c, 0x00, 0x74,
  0x6f, 0x61, 0x73, 0x74, 0x3a, 0x20, 0x28, 0x53, 0x70, 0x72, 0x69, 0x74, 0x65, 0x20, 0x73, 0x70,
  0x72, 0x69, 0x74, 0x65, 0x2c, 0x20, 0x53, 0x74, 0x72, 0x69, 0x6e, 0x67, 0x20, 0x6d, 0x65, 0x73,
  0x73, 0x61, 0x67, 0x65, 0x29, 0x20, 0x2d, 0x3e, 0x20, 0x6e, 0x69, 0x6c, 0x00, 0x74, 0x6f, 0x67,
  0x67, 0x6c, 0x65, 0x3a, 0x20, 0x28, 0x53, 0x70, 0x72, 0x69, 0x74, 0x65, 0x20, 0x73, 0x70, 0x72,
  0x69, 0x74, 0x65, 0x2c, 0x20, 0x49, 0x6e, 0x74, 0x65, 0x67, 0x65, 0x72, 0x20, 0x78, 0x2c, 0x20,
  0x49, 0x6e, 0x74, 0x65, 0x67, 0x65, 0x72, 0x20, 0x79, 0x2c, 0x20, 0x62, 0x6f, 0x6f, 0x6c, 0x20,
  0x6f, 0x6e, 0x2c, 0x20, 0x62, 0x6f, 0x6f, 0x6c, 0x20, 0x66, 0x6f, 0x63, 0x75, 0x73, 0x65, 0x64,
  0x29, 0x20, 0x2d, 0x3e, 0x20, 0x6e, 0x69, 0x6c, 0x00, 0x76, 0x73, 0x65, 0x70, 0x61, 0x72, 0x61,
  0x74, 0x6f, 0x72, 0x3a, 0x20, 0x28, 0x53, 0x70, 0x72, 0x69, 0x74, 0x65, 0x20, 0x73, 0x70, 0x72,
  0x69, 0x74, 0x65, 0x2c, 0x20, 0x49, 0x6e, 0x74, 0x65, 0x67, 0x65, 0x72, 0x20, 0x78, 0x2c, 0x20,
  0x49, 0x6e, 0x74, 0x65, 0x67, 0x65, 0x72, 0x20, 0x79, 0x2c, 0x20, 0x49, 0x6e, 0x74, 0x65, 0x67,
  0x65, 0x72, 0x20, 0x68, 0x65, 0x69, 0x67, 0x68, 0x74, 0x29, 0x20, 0x2d, 0x3e, 0x20, 0x6e, 0x69,
  0x6c, 0x00, 0x77, 0x72, 0x61, 0x70, 0x5f, 0x74, 0x65, 0x78, 0x74, 0x3a, 0x20, 0x28, 0x53, 0x70,
  0x72, 0x69, 0x74, 0x65, 0x20, 0x73, 0x70, 0x72, 0x69, 0x74, 0x65, 0x2c, 0x20, 0x49, 0x6e, 0x74,
  0x65, 0x67, 0x65, 0x72, 0x20, 0x78, 0x2c, 0x20, 0x49, 0x6e, 0x74, 0x65, 0x67, 0x65, 0x72, 0x20,
  0x79, 0x2c, 0x20, 0x49, 0x6e, 0x74, 0x65, 0x67, 0x65, 0x72, 0x20, 0x77, 0x69, 0x64, 0x74, 0x68,
  0x2c, 0x20, 0x49, 0x6e, 0x74, 0x65, 0x67, 0x65, 0x72, 0x20, 0x68, 0x65, 0x69, 0x67, 0x68, 0x74,
  0x2c, 0x20, 0x53, 0x74, 0x72, 0x69, 0x6e, 0x67, 0x20, 0x74, 0x65, 0x78, 0x74, 0x2c, 0x20, 0x3f,
  0x49, 0x6e, 0x74, 0x65, 0x67, 0x65, 0x72, 0x20, 0x63, 0x6f, 0x6c, 0x6f, 0x72, 0x29, 0x20, 0x2d,
  0x3e, 0x20, 0x49, 0x6e, 0x74, 0x65, 0x67, 0x65, 0x72, 0x00, 0x61, 0x64, 0x64, 0x3a, 0x20, 0x28,
  0x53, 0x74, 0x72, 0x69, 0x6e, 0x67, 0x20, 0x74, 0x65, 0x78, 0x74, 0x2c, 0x20, 0x3f, 0x53, 0x74,
  0x72, 0x69, 0x6e, 0x67, 0x20, 0x74, 0x61, 0x67, 0x29, 0x20, 0x2d, 0x3e, 0x20, 0x6e, 0x69, 0x6c,
  0x00, 0x61, 0x72, 0x65, 0x61, 0x3a, 0x20, 0x28, 0x49, 0x6e, 0x74, 0x65, 0x67, 0x65, 0x72, 0x20,
  0x78, 0x2c, 0x20, 0x49, 0x6e, 0x74, 0x65, 0x67, 0x65, 0x72, 0x20, 0x79, 0x2c, 0x20, 0x49, 0x6e,
  0x74, 0x65, 0x67, 0x65, 0x72, 0x20, 0x77, 0x69, 0x64, 0x74, 0x68, 0x2c, 0x20, 0x49, 0x6e, 0x74,
  0x65, 0x67, 0x65, 0x72, 0x20, 0x68, 0x65, 0x69, 0x67, 0x68, 0x74, 0x29, 0x20, 0x2d, 0x3e, 0x20,
  0x6e, 0x69, 0x6c, 0x00, 0x63, 0x6c, 0x65, 0x61, 0x72, 0x3a, 0x20, 0x28, 0x29, 0x20, 0x2d, 0x3e,
  0x20, 0x6e, 0x69, 0x6c, 0x00, 0x64, 0x72, 0x61, 0x77, 0x3a, 0x20, 0x28, 0x53, 0x70, 0x72, 0x69,
  0x74, 0x65, 0x20, 0x73, 0x70, 0x72, 0x69, 0x74, 0x65, 0x29, 0x20, 0x2d, 0x3e, 0x20, 0x6e, 0x69,
  0x6c, 0x00, 0x65, 0x6d, 0x70, 0x74, 0x79, 0x5f, 0x74, 0x65, 0x78, 0x74, 0x3d, 0x3a, 0x20, 0x28,
  0x53, 0x74, 0x72, 0x69, 0x6e, 0x67, 0x20, 0x74, 0x65, 0x78, 0x74, 0x29, 0x20, 0x2d, 0x3e, 0x20,
  0x53, 0x74, 0x72, 0x69, 0x6e, 0x67, 0x00, 0x68, 0x61, 0x6e, 0x64, 0x6c, 0x65, 0x3a, 0x20, 0x28,
  0x53, 0x74, 0x72, 0x69, 0x6e, 0x67, 0x20, 0x6b, 0x65, 0x79, 0x29, 0x20, 0x2d, 0x3e, 0x20, 0x62,
  0x6f, 0x6f, 0x6c, 0x00, 0x69, 0x6e, 0x64, 0x65, 0x78, 0x3a, 0x20, 0x28, 0x29, 0x20, 0x2d, 0x3e,
  0x20, 0x49, 0x6e, 0x74, 0x65, 0x67, 0x65, 0x72, 0x00, 0x69, 0x6e, 0x64, 0x65, 0x78, 0x3d, 0x3a,
  0x20, 0x28, 0x49, 0x6e, 0x74, 0x65, 0x67, 0x65, 0x72, 0x20, 0x69, 0x6e, 0x64, 0x65, 0x78, 0x29,
  0x20, 0x2d, 0x3e, 0x20, 0x49, 0x6e, 0x74, 0x65, 0x67, 0x65, 0x72, 0x00, 0x6d, 0x61, 0x72, 0x6b,
  0x3a, 0x20, 0x28, 0x49, 0x6e, 0x74, 0x65, 0x67, 0x65, 0x72, 0x20, 0x69, 0x6e, 0x64, 0x65, 0x78,
  0x2c, 0x20, 0x62, 0x6f, 0x6f, 0x6c, 0x20, 0x6d, 0x61, 0x72, 0x6b, 0x65, 0x64, 0x29, 0x20, 0x2d,
  0x3e, 0x20, 0x6e, 0x69, 0x6c, 0x00, 0x6d, 0x61, 0x72, 0x6b, 0x65, 0x64, 0x3f, 0x3a, 0x20, 0x28,
  0x49, 0x6e, 0x74, 0x65, 0x67, 0x65, 0x72, 0x20, 0x69, 0x6e, 0x64, 0x65, 0x78, 0x29, 0x20, 0x2d,
  0x3e, 0x20, 0x62, 0x6f, 0x6f, 0x6c, 0x00, 0x73, 0x68, 0x6f, 0x77, 0x5f, 0x6d, 0x61, 0x72, 0x6b,
  0x73, 0x3d, 0x3a, 0x20, 0x28, 0x62, 0x6f, 0x6f, 0x6c, 0x20, 0x73, 0x68, 0x6f, 0x77, 0x5f, 0x6d,
  0x61, 0x72, 0x6b, 0x73, 0x29, 0x20, 0x2d, 0x3e, 0x20, 0x62, 0x6f, 0x6f, 0x6c, 0x00, 0x74, 0x6f,
  0x67, 0x67, 0x6c, 0x65, 0x5f, 0x6d, 0x61, 0x72, 0x6b, 0x3a, 0x20, 0x28, 0x29, 0x20, 0x2d, 0x3e,
  0x20, 0x6e, 0x69, 0x6c, 0x00, 0x74, 0x6f, 0x70, 0x3a, 0x20, 0x28, 0x29, 0x20, 0x2d, 0x3e, 0x20,
  0x49, 0x6e, 0x74, 0x65, 0x67, 0x65, 0x72, 0x00, 0x6e, 0x65, 0x77, 0x3a, 0x20, 0x28, 0x29, 0x20,
  0x2d, 0x3e, 0x20, 0x57, 0x69, 0x64, 0x67, 0x65, 0x74, 0x4c, 0x69, 0x73, 0x74, 0x00, 0x73, 0x63,
  0x72, 0x6f, 0x6c, 0x6c, 0x3a, 0x20, 0x28, 0x29, 0x20, 0x2d, 0x3e, 0x20, 0x49, 0x6e, 0x74, 0x65,
  0x67, 0x65, 0x72, 0x00, 0x73, 0x63, 0x72, 0x6f, 0x6c, 0x6c, 0x3d, 0x3a, 0x20, 0x28, 0x49, 0x6e,
  0x74, 0x65, 0x67, 0x65, 0x72, 0x20, 0x73, 0x63, 0x72, 0x6f, 0x6c, 0x6c, 0x29, 0x20, 0x2d, 0x3e,
  0x20, 0x49, 0x6e, 0x74, 0x65, 0x67, 0x65, 0x72, 0x00, 0x74, 0x65, 0x78, 0x74, 0x3d, 0x3a, 0x20,
  0x28, 0x53, 0x74, 0x72, 0x69, 0x6e, 0x67, 0x20, 0x74, 0x65, 0x78, 0x74, 0x29, 0x20, 0x2d, 0x3e,
  0x20, 0x53, 0x74, 0x72, 0x69, 0x6e, 0x67, 0x00, 0x6e, 0x65, 0x77, 0x3a, 0x20, 0x28, 0x29, 0x20,
  0x2d, 0x3e, 0x20, 0x57, 0x69, 0x64, 0x67, 0x65, 0x74, 0x54, 0x65, 0x78, 0x74, 0x56, 0x69, 0x65,
  0x77, 0x00,
};

const char ti_builtin_document_pool[] = {
  0x00, 0x50, 0x65, 0x72, 0x66, 0x6f, 0x72, 0x6d, 0x20, 0x69, 0x6e, 0x65, 0x71, 0x75, 0x61, 0x6c,
  0x69, 0x74, 0x79, 0x20, 0x63, 0x6f, 0x6d, 0x70, 0x61, 0x72, 0x69, 0x73, 0x6f, 0x6e, 0x00, 0x43,
  0x6f, 0x6d, 0x70, 0x61, 0x72, 0x69, 0x73, 0x6f, 0x6e, 0x20, 0x6f, 0x70, 0x65, 0x72, 0x61, 0x74,
  0x6f, 0x72, 0x00, 0x50, 0x65, 0x72, 0x66, 0x6f, 0x72, 0x6d, 0x20, 0x65, 0x71, 0x75, 0x61, 0x6c,
  0x69, 0x74, 0x79, 0x20, 0x63, 0x6f, 0x6d, 0x70, 0x61, 0x72, 0x69, 0x73, 0x6f, 0x6e, 0x00, 0x4a,
  0x75, 0x64, 0x67, 0x65, 0x20, 0x63, 0x61, 0x73, 0x65, 0x20, 0x65, 0x71, 0x75, 0x61, 0x6c, 0x69,
  0x74, 0x79, 0x00, 0x52, 0x65, 0x74, 0x75, 0x72, 0x6e, 0x20, 0x6f, 0x62, 0x6a, 0x65, 0x63, 0x74,
  0x20, 0x63, 0x6c, 0x61, 0x73, 0x73, 0x00, 0x44, 0x75, 0x70, 0x6c, 0x69, 0x63, 0x61, 0x74, 0x65,
  0x20, 0x6f, 0x62, 0x6a, 0x65, 0x63, 0x74, 0x00, 0x52, 0x65, 0x74, 0x75, 0x72, 0x6e, 0x20, 0x73,
  0x74, 0x72, 0x69, 0x6e, 0x67, 0x20, 0x72, 0x65, 0x70, 0x72, 0x65, 0x73, 0x65, 0x6e, 0x74, 0x61,
  0x74, 0x69, 0x6f, 0x6e, 0x20, 0x66, 0x6f, 0x72, 0x20, 0x64, 0x65, 0x62, 0x75, 0x67, 0x67, 0x69,
  0x6e, 0x67, 0x00, 0x43, 0x68, 0x65, 0x63, 0x6b, 0x20, 0x69, 0x66, 0x20, 0x69, 0x6e, 0x73, 0x74,
  0x61, 0x6e, 0x63, 0x65, 0x20, 0x6f, 0x66, 0x20, 0x73, 0x70, 0x65, 0x63, 0x69, 0x66, 0x69, 0x65,
  0x64, 0x20, 0x63, 0x6c, 0x61, 0x73, 0x73, 0x20, 0x6f, 0x72, 0x20, 0x6d, 0x6f, 0x64, 0x75, 0x6c,
  0x65, 0x00, 0x43, 0x68, 0x65, 0x63, 0x6b, 0x20, 0x69, 0x66, 0x20, 0x6e, 0x69, 0x6c, 0x00, 0x52,
  0x65, 0x74, 0x75, 0x72, 0x6e, 0x20, 0x73, 0x74, 0x72, 0x69, 0x6e, 0x67, 0x20, 0x72, 0x65, 0x70,
  0x72, 0x65, 0x73, 0x65, 0x6e, 0x74, 0x61, 0x74, 0x69, 0x6f, 0x6e, 0x00, 0x67, 0x65, 0x74, 0x20,
  0x6f, 0x62, 0x6a, 0x65, 0x63, 0x74, 0x20, 0x6d, 0x65, 0x74, 0x68, 0x6f, 0x64, 0x20, 0x6c, 0x69,
  0x73, 0x74, 0x00, 0x43, 0x61, 0x6c, 0x63, 0x75, 0x6c, 0x61, 0x74, 0x65, 0x20, 0x6d, 0x6f, 0x64,
  0x75, 0x6c, 0x6f, 0x00, 0x50, 0x65, 0x72, 0x66, 0x6f, 0x72, 0x6d, 0x20, 0x62, 0x69, 0x74, 0x77,
  0x69, 0x73, 0x65, 0x20, 0x41, 0x4e, 0x44, 0x20, 0x6f, 0x70, 0x65, 0x72, 0x61, 0x74, 0x69, 0x6f,
  0x6e, 0x00, 0x50, 0x65, 0x72, 0x66, 0x6f, 0x72, 0x6d, 0x20, 0x6d, 0x75, 0x6c, 0x74, 0x69, 0x70,
  0x6c, 0x69, 0x63, 0x61, 0x74, 0x69, 0x6f, 0x6e, 0x00, 0x43, 0x61, 0x6c, 0x63, 0x75, 0x6c, 0x61,
  0x74, 0x65, 0x20, 0x70, 0x6f, 0x77, 0x65, 0x72, 0x00, 0x50, 0x65, 0x72, 0x66, 0x6f, 0x72, 0x6d,
  0x20, 0x61, 0x64, 0x64, 0x69, 0x74, 0x69, 0x6f, 0x6e, 0x00, 0x55, 0x6e, 0x61, 0x72, 0x79, 0x20,
  0x70, 0x6c, 0x75, 0x73, 0x20, 0x6f, 0x70, 0x65, 0x72, 0x61, 0x74, 0x6f, 0x72, 0x2e, 0x20, 0x52,
  0x65, 0x74, 0x75, 0x72, 0x6e, 0x73, 0x20, 0x73, 0x65, 0x6c, 0x66, 0x00, 0x50, 0x65, 0x72, 0x66,
  0x6f, 0x72, 0x6d, 0x20, 0x73, 0x75, 0x62, 0x74, 0x72, 0x61, 0x63, 0x74, 0x69, 0x6f, 0x6e, 0x00,
  0x55, 0x6e, 0x61, 0x72, 0x79, 0x20, 0x6d, 0x69, 0x6e, 0x75, 0x73, 0x20, 0x6f, 0x70, 0x65, 0x72,
  0x61, 0x74, 0x6f, 0x72, 0x2e, 0x20, 0x49, 0x6e, 0x76, 0x65, 0x72, 0x74, 0x73, 0x20, 0x73, 0x69,
  0x67, 0x6e, 0x00, 0x50, 0x65, 0x72, 0x66, 0x6f, 0x72, 0x6d, 0x20, 0x64, 0x69, 0x76, 0x69, 0x73,
  0x69, 0x6f, 0x6e, 0x00, 0x50, 0x65, 0x72, 0x66, 0x6f, 0x72, 0x6d, 0x20, 0x6c, 0x65, 0x73, 0x73,
  0x20, 0x74, 0x68, 0x61, 0x6e, 0x20, 0x63, 0x6f, 0x6d, 0x70, 0x61, 0x72, 0x69, 0x73, 0x6f, 0x6e,
  0x00, 0x50, 0x65, 0x72, 0x66, 0x6f, 0x72, 0x6d, 0x20, 0x6c, 0x65, 0x66, 0x74, 0x20, 0x62, 0x69,
  0x74, 0x20, 0x73, 0x68, 0x69, 0x66, 0x74, 0x00, 0x50, 0x65, 0x72, 0x66, 0x6f, 0x72, 0x6d, 0x20,
  0x6c, 0x65, 0x73, 0x73, 0x20, 0x74, 0x68, 0x61, 0x6e, 0x20, 0x6f, 0x72, 0x20, 0x65, 0x71, 0x75,
  0x61, 0x6c, 0x20, 0x63, 0x6f, 0x6d, 0x70, 0x61, 0x72, 0x69, 0x73, 0x6f, 0x6e, 0x00, 0x43, 0x6f,
  0x6d, 0x70, 0x61, 0x72, 0x69, 0x73, 0x6f, 0x6e, 0x20, 0x6f, 0x70, 0x65, 0x72, 0x61, 0x74, 0x6f,
  0x72, 0x2e, 0x20, 0x52, 0x65, 0x74, 0x75, 0x72, 0x6e, 0x73, 0x20, 0x2d, 0x31, 0x20, 0x69, 0x66,
  0x20, 0x73, 0x65, 0x6c, 0x66, 0x20, 0x3c, 0x20, 0x6f, 0x74, 0x68, 0x65, 0x72, 0x2c, 0x20, 0x30,
  0x20, 0x69, 0x66, 0x20, 0x73, 0x65, 0x6c, 0x66, 0x20, 0x3d, 0x3d, 0x20, 0x6f, 0x74, 0x68, 0x65,
  0x72, 0x2c, 0x20, 0x31, 0x20, 0x69, 0x66, 0x20, 0x73, 0x65, 0x6c, 0x66, 0x20, 0x3e, 0x20, 0x6f,
  0x74, 0x68, 0x65, 0x72, 0x00, 0x50, 0x65, 0x72, 0x66, 0x6f, 0x72, 0x6d, 0x20, 0x67, 0x72, 0x65,
  0x61, 0x74, 0x65, 0x72, 0x20, 0x74, 0x68, 0x61, 0x6e, 0x20, 0x63, 0x6f, 0x6d, 0x70, 0x61, 0x72,
  0x69, 0x73, 0x6f, 0x6e, 0x00, 0x50, 0x65, 0x72, 0x66, 0x6f, 0x72, 0x6d, 0x20, 0x67, 0x72, 0x65,
  0x61, 0x74, 0x65, 0x72, 0x20, 0x74, 0x68, 0x61, 0x6e, 0x20, 0x6f, 0x72, 0x20, 0x65, 0x71, 0x75,
  0x61, 0x6c, 0x20, 0x63, 0x6f, 0x6d, 0x70, 0x61, 0x72, 0x69, 0x73, 0x6f, 0x6e, 0x00, 0x50, 0x65,
  0x72, 0x66, 0x6f, 0x72, 0x6d, 0x20, 0x72, 0x69, 0x67, 0x68, 0x74, 0x20, 0x62, 0x69, 0x74, 0x20,
  0x73, 0x68, 0x69, 0x66, 0x74, 0x00, 0x47, 0x65, 0x74, 0x20, 0x76, 0x61, 0x6c, 0x75, 0x65, 0x20,
  0x61, 0x74, 0x20, 0x73, 0x70, 0x65, 0x63, 0x69, 0x66, 0x69, 0x65, 0x64, 0x20, 0x62, 0x69, 0x74,
  0x20, 0x70, 0x6f, 0x73, 0x69, 0x74, 0x69, 0x6f, 0x6e, 0x00, 0x50, 0x65, 0x72, 0x66, 0x6f, 0x72,
  0x6d, 0x20, 0x62, 0x69, 0x74, 0x77, 0x69, 0x73, 0x65, 0x20, 0x58, 0x4f, 0x52, 0x20, 0x6f, 0x70,
  0x65, 0x72, 0x61, 0x74, 0x69, 0x6f, 0x6e, 0x00, 0x47, 0x65, 0x74, 0x20, 0x61, 0x62, 0x73, 0x6f,
  0x6c, 0x75, 0x74, 0x65, 0x20, 0x76, 0x61, 0x6c, 0x75, 0x65, 0x00, 0x52, 0x65, 0x74, 0x75, 0x72,
  0x6e, 0x20, 0x73, 0x69, 0x6e, 0x67, 0x6c, 0x65, 0x20, 0x63, 0x68, 0x61, 0x72, 0x61, 0x63, 0x74,
  0x65, 0x72, 0x20, 0x73, 0x74, 0x72, 0x69, 0x6e, 0x67, 0x20, 0x63, 0x6f, 0x72, 0x72, 0x65, 0x73,
  0x70, 0x6f, 0x6e, 0x64, 0x69, 0x6e, 0x67, 0x20, 0x74, 0x6f, 0x20, 0x63, 0x68, 0x61, 0x72, 0x61,
  0x63, 0x74, 0x65, 0x72, 0x20, 0x63, 0x6f, 0x64, 0x65, 0x00, 0x45, 0x78, 0x65, 0x63, 0x75, 0x74,
  0x65, 0x20, 0x62, 0x6c, 0x6f, 0x63, 0x6b, 0x20, 0x77, 0x68, 0x69, 0x6c, 0x65, 0x20, 0x64, 0x65,
  0x63, 0x72, 0x65, 0x61, 0x73, 0x69, 0x6e, 0x67, 0x20, 0x66, 0x72, 0x6f, 0x6d, 0x20, 0x73, 0x65,
  0x6c, 0x66, 0x20, 0x74, 0x6f, 0x20, 0x61, 0x72, 0x67, 0x75, 0x6d, 0x65, 0x6e, 0x74, 0x20, 0x62,
  0x79, 0x20, 0x31, 0x00, 0x45, 0x78, 0x65, 0x63, 0x75, 0x74, 0x65, 0x20, 0x62, 0x6c, 0x6f, 0x63,
  0x6b, 0x20, 0x73, 0x65, 0x6c, 0x66, 0x20, 0x74, 0x69, 0x6d, 0x65, 0x73, 0x00, 0x43, 0x6f, 0x6e,
  0x76, 0x65, 0x72, 0x74, 0x20, 0x74, 0x6f, 0x20, 0x66, 0x6c, 0x6f, 0x61, 0x74, 0x69, 0x6e, 0x67,
  0x20, 0x70, 0x6f, 0x69, 0x6e, 0x74, 0x20, 0x6e, 0x75, 0x6d, 0x62, 0x65, 0x72, 0x00, 0x52, 0x65,
  0x74, 0x75, 0x72, 0x6e, 0x20, 0x73, 0x65, 0x6c, 0x66, 0x20, 0x61, 0x73, 0x20, 0x69, 0x6e, 0x74,
  0x65, 0x67, 0x65, 0x72, 0x20, 0x76, 0x61, 0x6c, 0x75, 0x65, 0x00, 0x43, 0x6f, 0x6e, 0x76, 0x65,
  0x72, 0x74, 0x20, 0x74, 0x6f, 0x20, 0x73, 0x74, 0x72, 0x69, 0x6e, 0x67, 0x2e, 0x20, 0x42, 0x61,
  0x73, 0x65, 0x20, 0x63, 0x61, 0x6e, 0x20, 0x62, 0x65, 0x20, 0x73, 0x70, 0x65, 0x63, 0x69, 0x66,
  0x69, 0x65, 0x64, 0x20, 0x77, 0x69, 0x74, 0x68, 0x20, 0x61, 0x72, 0x67, 0x75, 0x6d, 0x65, 0x6e,
  0x74, 0x00, 0x50, 0x65, 0x72, 0x66, 0x6f, 0x72, 0x6d, 0x20, 0x62, 0x69, 0x74, 0x77, 0x69, 0x73,
  0x65, 0x20, 0x4f, 0x52, 0x20, 0x6f, 0x70, 0x65, 0x72, 0x61, 0x74, 0x69, 0x6f, 0x6e, 0x00, 0x50,
  0x65, 0x72, 0x66, 0x6f, 0x72, 0x6d, 0x20, 0x62, 0x69, 0x74, 0x77, 0x69, 0x73, 0x65, 0x20, 0x4e,
  0x4f, 0x54, 0x20, 0x6f, 0x70, 0x65, 0x72, 0x61, 0x74, 0x69, 0x6f, 0x6e, 0x00, 0x52, 0x65, 0x74,
  0x75, 0x72, 0x6e, 0x20, 0x73, 0x65, 0x6c, 0x66, 0x20, 0x61, 0x73, 0x20, 0x66, 0x6c, 0x6f, 0x61,
  0x74, 0x69, 0x6e, 0x67, 0x20, 0x70, 0x6f, 0x69, 0x6e, 0x74, 0x20, 0x6e, 0x75, 0x6d, 0x62, 0x65,
  0x72, 0x00, 0x43, 0x6f, 0x6e, 0x76, 0x65, 0x72, 0x74, 0x20, 0x74, 0x6f, 0x20, 0x69, 0x6e, 0x74,
  0x65, 0x67, 0x65, 0x72, 0x20, 0x28, 0x74, 0x72, 0x75, 0x6e, 0x63, 0x61, 0x74, 0x65, 0x29, 0x00,
  0x43, 0x6f, 0x6e, 0x76, 0x65, 0x72, 0x74, 0x20, 0x74, 0x6f, 0x20, 0x73, 0x74, 0x72, 0x69, 0x6e,
  0x67, 0x00, 0x52, 0x65, 0x74, 0x75, 0x72, 0x6e, 0x20, 0x6c, 0x6f, 0x67, 0x69, 0x63, 0x61, 0x6c,
  0x20, 0x4e, 0x4f, 0x54, 0x00, 0x52, 0x65, 0x70, 0x65, 0x61, 0x74, 0x20, 0x73, 0x74, 0x72, 0x69,
  0x6e, 0x67, 0x20, 0x73, 0x70, 0x65, 0x63, 0x69, 0x66, 0x69, 0x65, 0x64, 0x20, 0x6e, 0x75, 0x6d,
  0x62, 0x65, 0x72, 0x20, 0x6f, 0x66, 0x20, 0x74, 0x69, 0x6d, 0x65, 0x73, 0x00, 0x43, 0x6f, 0x6e,
  0x63, 0x61, 0x74, 0x65, 0x6e, 0x61, 0x74, 0x65, 0x20, 0x73, 0x74, 0x72, 0x69, 0x6e, 0x67, 0x73,
  0x00, 0x43, 0x68, 0x65, 0x63, 0x6b, 0x20, 0x69, 0x66, 0x20, 0x6c, 0x65, 0x78, 0x69, 0x63, 0x6f,
  0x67, 0x72, 0x61, 0x70, 0x68, 0x69, 0x63, 0x61, 0x6c, 0x6c, 0x79, 0x20, 0x73, 0x6d, 0x61, 0x6c,
  0x6c, 0x65, 0x72, 0x00, 0x41, 0x70, 0x70, 0x65, 0x6e, 0x64, 0x20, 0x73, 0x74, 0x72, 0x69, 0x6e,
  0x67, 0x20, 0x6f, 0x72, 0x20, 0x63, 0x68, 0x61, 0x72, 0x61, 0x63, 0x74, 0x65, 0x72, 0x20, 0x63,
  0x6f, 0x64, 0x65, 0x00, 0x43, 0x68, 0x65, 0x63, 0x6b, 0x20, 0x69, 0x66, 0x20, 0x6c, 0x65, 0x78,
  0x69, 0x63, 0x6f, 0x67, 0x72, 0x61, 0x70, 0x68, 0x69, 0x63, 0x61, 0x6c, 0x6c, 0x79, 0x20, 0x6c,
  0x65, 0x73, 0x73, 0x20, 0x74, 0x68, 0x61, 0x6e, 0x20, 0x6f, 0x72, 0x20, 0x65, 0x71, 0x75, 0x61,
  0x6c, 0x00, 0x43, 0x6f, 0x6d, 0x70, 0x61, 0x72, 0x65, 0x20, 0x6c, 0x65, 0x78, 0x69, 0x63, 0x6f,
  0x67, 0x72, 0x61, 0x70, 0x68, 0x69, 0x63, 0x61, 0x6c, 0x6c, 0x79, 0x2e, 0x20, 0x52, 0x65, 0x74,
  0x75, 0x72, 0x6e, 0x73, 0x20, 0x2d, 0x31, 0x20, 0x69, 0x66, 0x20, 0x73, 0x65, 0x6c, 0x66, 0x20,
  0x3c, 0x20, 0x6f, 0x74, 0x68, 0x65, 0x72, 0x2c, 0x20, 0x30, 0x20, 0x69, 0x66, 0x20, 0x73, 0x65,
  0x6c, 0x66, 0x20, 0x3d, 0x3d, 0x20, 0x6f, 0x74, 0x68, 0x65, 0x72, 0x2c, 0x20, 0x31, 0x20, 0x69,
  0x66, 0x20, 0x73, 0x65, 0x6c, 0x66, 0x20, 0x3e, 0x20, 0x6f, 0x74, 0x68, 0x65, 0x72, 0x00, 0x50,
  0x65, 0x72, 0x66, 0x6f, 0x72, 0x6d, 0x20, 0x65, 0x71, 0x75, 0x61, 0x6c, 0x69, 0x74, 0x79, 0x20,
  0x63, 0x6f, 0x6d, 0x70, 0x61, 0x72, 0x69, 0x73, 0x6f, 0x6e, 0x20, 0x28, 0x66, 0x6f, 0x72, 0x20,
  0x63, 0x61, 0x73, 0x65, 0x20, 0x73, 0x74, 0x61, 0x74, 0x65, 0x6d, 0x65, 0x6e, 0x74, 0x73, 0x29,
  0x00, 0x43, 0x68, 0x65, 0x63, 0x6b, 0x20, 0x69, 0x66, 0x20, 0x6c, 0x65, 0x78, 0x69, 0x63, 0x6f,
  0x67, 0x72, 0x61, 0x70, 0x68, 0x69, 0x63, 0x61, 0x6c, 0x6c, 0x79, 0x20, 0x67, 0x72, 0x65, 0x61,
  0x74, 0x65, 0x72, 0x00, 0x43, 0x68, 0x65, 0x63, 0x6b, 0x20, 0x69, 0x66, 0x20, 0x6c, 0x65, 0x78,
  0x69, 0x63, 0x6f, 0x67, 0x72, 0x61, 0x70, 0x68, 0x69, 0x63, 0x61, 0x6c, 0x6c, 0x79, 0x20, 0x67,
  0x72, 0x65, 0x61, 0x74, 0x65, 0x72, 0x20, 0x74, 0x68, 0x61, 0x6e, 0x20, 0x6f, 0x72, 0x20, 0x65,
  0x71, 0x75, 0x61, 0x6c, 0x00, 0x47, 0x65, 0x74, 0x20, 0x63, 0x68, 0x61, 0x72, 0x61, 0x63, 0x74,
  0x65, 0x72, 0x20, 0x6f, 0x72, 0x20, 0x73, 0x75, 0x62, 0x73, 0x74, 0x72, 0x69, 0x6e, 0x67, 0x20,
  0x61, 0x74, 0x20, 0x73, 0x70, 0x65, 0x63, 0x69, 0x66, 0x69, 0x65, 0x64, 0x20, 0x70, 0x6f, 0x73,
  0x69, 0x74, 0x69, 0x6f, 0x6e, 0x00, 0x52, 0x65, 0x70, 0x6c, 0x61, 0x63, 0x65, 0x20, 0x63, 0x68,
  0x61, 0x72, 0x61, 0x63, 0x74, 0x65, 0x72, 0x20, 0x6f, 0x72, 0x20, 0x73, 0x75, 0x62, 0x73, 0x74,
  0x72, 0x69, 0x6e, 0x67, 0x20, 0x61, 0x74, 0x20, 0x73, 0x70, 0x65, 0x63, 0x69, 0x66, 0x69, 0x65,
  0x64, 0x20, 0x70, 0x6f, 0x73, 0x69, 0x74, 0x69, 0x6f, 0x6e, 0x00, 0x49, 0x6e, 0x74, 0x65, 0x72,
  0x6e, 0x61, 0x6c, 0x20, 0x6d, 0x65, 0x74, 0x68, 0x6f, 0x64, 0x20, 0x66, 0x6f, 0x72, 0x20, 0x61,
  0x72, 0x67, 0x75, 0x6d, 0x65, 0x6e, 0x74, 0x20, 0x63, 0x68, 0x65, 0x63, 0x6b, 0x69, 0x6e, 0x67,
  0x20, 0x6f, 0x66, 0x20, 0x6c, 0x6a, 0x75, 0x73, 0x74, 0x20, 0x61, 0x6e, 0x64, 0x20, 0x72, 0x6a,
  0x75, 0x73, 0x74, 0x00, 0x52, 0x65, 0x74, 0x75, 0x72, 0x6e, 0x20, 0x62, 0x79, 0x74, 0x65, 0x20,
  0x73, 0x65, 0x71, 0x75, 0x65, 0x6e, 0x63, 0x65, 0x20, 0x6f, 0x66, 0x20, 0x73, 0x74, 0x72, 0x69,
  0x6e, 0x67, 0x20, 0x61, 0x73, 0x20, 0x61, 0x72, 0x72, 0x61, 0x79, 0x00, 0x52, 0x65, 0x74, 0x75,
  0x72, 0x6e, 0x20, 0x63, 0x68, 0x61, 0x72, 0x61, 0x63, 0x74, 0x65, 0x72, 0x73, 0x20, 0x6f, 0x66,
  0x20, 0x73, 0x74, 0x72, 0x69, 0x6e, 0x67, 0x20, 0x61, 0x73, 0x20, 0x61, 0x72, 0x72, 0x61, 0x79,
  0x00, 0x52, 0x65, 0x74, 0x75, 0x72, 0x6e, 0x20, 0x73, 0x74, 0x72, 0x69, 0x6e, 0x67, 0x20, 0x77,
  0x69, 0x74, 0x68, 0x20, 0x74, 0x72, 0x61, 0x69, 0x6c, 0x69, 0x6e, 0x67, 0x20, 0x6e, 0x65, 0x77,
  0x6c, 0x69, 0x6e, 0x65, 0x20, 0x72, 0x65, 0x6d, 0x6f, 0x76, 0x65, 0x64, 0x00, 0x52, 0x65, 0x6d,
  0x6f, 0x76, 0x65, 0x20, 0x74, 0x72, 0x61, 0x69, 0x6c, 0x69, 0x6e, 0x67, 0x20, 0x6e, 0x65, 0x77,
  0x6c, 0x69, 0x6e, 0x65, 0x20, 0x64, 0x65, 0x73, 0x74, 0x72, 0x75, 0x63, 0x74, 0x69, 0x76, 0x65,
  0x6c, 0x79, 0x00, 0x43, 0x6c, 0x65, 0x61, 0x72, 0x20, 0x73, 0x74, 0x72, 0x69, 0x6e, 0x67, 0x20,
  0x63, 0x6f, 0x6e, 0x74, 0x65, 0x6e, 0x74, 0x73, 0x00, 0x52, 0x65, 0x74, 0x75, 0x72, 0x6e, 0x20,
  0x73, 0x74, 0x72, 0x69, 0x6e, 0x67, 0x20, 0x63, 0x6f, 0x6e, 0x76, 0x65, 0x72, 0x74, 0x65, 0x64,
  0x20, 0x74, 0x6f, 0x20, 0x6c, 0x6f, 0x77, 0x65, 0x72, 0x63, 0x61, 0x73, 0x65, 0x00, 0x43, 0x6f,
  0x6e, 0x76, 0x65, 0x72, 0x74, 0x20, 0x74, 0x6f, 0x20, 0x6c, 0x6f, 0x77, 0x65, 0x72, 0x63, 0x61,
  0x73, 0x65, 0x20, 0x64, 0x65, 0x73, 0x74, 0x72, 0x75, 0x63, 0x74, 0x69, 0x76, 0x65, 0x6c, 0x79,
  0x00, 0x45, 0x78, 0x65, 0x63, 0x75, 0x74, 0x65, 0x20, 0x62, 0x6c, 0x6f, 0x63, 0x6b, 0x20, 0x66,
  0x6f, 0x72, 0x20, 0x65, 0x61, 0x63, 0x68, 0x20, 0x62, 0x79, 0x74, 0x65, 0x00, 0x45, 0x78, 0x65,
  0x63, 0x75, 0x74, 0x65, 0x20, 0x62, 0x6c, 0x6f, 0x63, 0x6b, 0x20, 0x66, 0x6f, 0x72, 0x20, 0x65,
  0x61, 0x63, 0x68, 0x20, 0x63, 0x68, 0x61, 0x72, 0x61, 0x63, 0x74, 0x65, 0x72, 0x00, 0x45, 0x78,
  0x65, 0x63, 0x75, 0x74, 0x65, 0x20, 0x62, 0x6c, 0x6f, 0x63, 0x6b, 0x20, 0x66, 0x6f, 0x72, 0x20,
  0x65, 0x61, 0x63, 0x68, 0x20, 0x6c, 0x69, 0x6e, 0x65, 0x00, 0x43, 0x68, 0x65, 0x63, 0x6b, 0x20,
  0x69, 0x66, 0x20, 0x73, 0x74, 0x72, 0x69, 0x6e, 0x67, 0x20, 0x69, 0x73, 0x20, 0x65, 0x6d, 0x70,
  0x74, 0x79, 0x00, 0x43, 0x68, 0x65, 0x63, 0x6b, 0x20, 0x69, 0x66, 0x20, 0x65, 0x6e, 0x64, 0x73,
  0x20, 0x77, 0x69, 0x74, 0x68, 0x20, 0x73, 0x70, 0x65, 0x63, 0x69, 0x66, 0x69, 0x65, 0x64, 0x20,
  0x73, 0x74, 0x72, 0x69, 0x6e, 0x67, 0x00, 0x47, 0x65, 0x74, 0x20, 0x62, 0x79, 0x74, 0x65, 0x20,
  0x76, 0x61, 0x6c, 0x75, 0x65, 0x20, 0x61, 0x74, 0x20, 0x73, 0x70, 0x65, 0x63, 0x69, 0x66, 0x69,
  0x65, 0x64, 0x20, 0x70, 0x6f, 0x73, 0x69, 0x74, 0x69, 0x6f, 0x6e, 0x00, 0x43, 0x68, 0x65, 0x63,
  0x6b, 0x20, 0x69, 0x66, 0x20, 0x63, 0x6f, 0x6e, 0x74, 0x61, 0x69, 0x6e, 0x73, 0x20, 0x73, 0x70,
  0x65, 0x63, 0x69, 0x66, 0x69, 0x65, 0x64, 0x20, 0x73, 0x74, 0x72, 0x69, 0x6e, 0x67, 0x00, 0x52,
  0x65, 0x74, 0x75, 0x72, 0x6e, 0x20, 0x66, 0x69, 0x72, 0x73, 0x74, 0x20, 0x70, 0x6f, 0x73, 0x69,
  0x74, 0x69, 0x6f, 0x6e, 0x20, 0x6f, 0x66, 0x20, 0x73, 0x70, 0x65, 0x63, 0x69, 0x66, 0x69, 0x65,
  0x64, 0x20, 0x73, 0x74, 0x72, 0x69, 0x6e, 0x67, 0x00, 0x43, 0x6f, 0x6e, 0x76, 0x65, 0x72, 0x74,
  0x20, 0x74, 0x6f, 0x20, 0x73, 0x79, 0x6d, 0x62, 0x6f, 0x6c, 0x00, 0x52, 0x65, 0x74, 0x75, 0x72,
  0x6e, 0x20, 0x73, 0x74, 0x72, 0x69, 0x6e, 0x67, 0x20, 0x6c, 0x65, 0x6e, 0x67, 0x74, 0x68, 0x00,
  0x52, 0x65, 0x74, 0x75, 0x72, 0x6e, 0x20, 0x73, 0x74, 0x72, 0x69, 0x6e, 0x67, 0x20, 0x6c, 0x65,
  0x66, 0x74, 0x2d, 0x6a, 0x75, 0x73, 0x74, 0x69, 0x66, 0x69, 0x65, 0x64, 0x20, 0x74, 0x6f, 0x20,
  0x73, 0x70, 0x65, 0x63, 0x69, 0x66, 0x69, 0x65, 0x64, 0x20, 0x77, 0x69, 0x64, 0x74, 0x68, 0x00,
  0x52, 0x65, 0x74, 0x75, 0x72, 0x6e, 0x20, 0x73, 0x74, 0x72, 0x69, 0x6e, 0x67, 0x20, 0x77, 0x69,
  0x74, 0x68, 0x20, 0x6c, 0x65, 0x61, 0x64, 0x69, 0x6e, 0x67, 0x20, 0x77, 0x68, 0x69, 0x74, 0x65,
  0x73, 0x70, 0x61, 0x63, 0x65, 0x20, 0x72, 0x65, 0x6d, 0x6f, 0x76, 0x65, 0x64, 0x00, 0x52, 0x65,
  0x6d, 0x6f, 0x76, 0x65, 0x20, 0x6c, 0x65, 0x61, 0x64, 0x69, 0x6e, 0x67, 0x20, 0x77, 0x68, 0x69,
  0x74, 0x65, 0x73, 0x70, 0x61, 0x63, 0x65, 0x20, 0x64, 0x65, 0x73, 0x74, 0x72, 0x75, 0x63, 0x74,
  0x69, 0x76, 0x65, 0x6c, 0x79, 0x00, 0x52, 0x65, 0x74, 0x75, 0x72, 0x6e, 0x20, 0x63, 0x68, 0x61,
  0x72, 0x61, 0x63, 0x74, 0x65, 0x72, 0x20, 0x63, 0x6f, 0x64, 0x65, 0x20, 0x6f, 0x66, 0x20, 0x66,
  0x69, 0x72, 0x73, 0x74, 0x20, 0x63, 0x68, 0x61, 0x72, 0x61, 0x63, 0x74, 0x65, 0x72, 0x00, 0x52,
  0x65, 0x74, 0x75, 0x72, 0x6e, 0x20, 0x73, 0x74, 0x72, 0x69, 0x6e, 0x67, 0x20, 0x72, 0x69, 0x67,
  0x68, 0x74, 0x2d, 0x6a, 0x75, 0x73, 0x74, 0x69, 0x66, 0x69, 0x65, 0x64, 0x20, 0x74, 0x6f, 0x20,
  0x73, 0x70, 0x65, 0x63, 0x69, 0x66, 0x69, 0x65, 0x64, 0x20, 0x77, 0x69, 0x64, 0x74, 0x68, 0x00,
  0x52, 0x65, 0x74, 0x75, 0x72, 0x6e, 0x20, 0x73, 0x74, 0x72, 0x69, 0x6e, 0x67, 0x20, 0x77, 0x69,
  0x74, 0x68, 0x20, 0x74, 0x72, 0x61, 0x69, 0x6c, 0x69, 0x6e, 0x67, 0x20, 0x77, 0x68, 0x69, 0x74,
  0x65, 0x73, 0x70, 0x61, 0x63, 0x65, 0x20, 0x72, 0x65, 0x6d, 0x6f, 0x76, 0x65, 0x64, 0x00, 0x52,
  0x65, 0x6d, 0x6f, 0x76, 0x65, 0x20, 0x74, 0x72, 0x61, 0x69, 0x6c, 0x69, 0x6e, 0x67, 0x20, 0x77,
  0x68, 0x69, 0x74, 0x65, 0x73, 0x70, 0x61, 0x63, 0x65, 0x20, 0x64, 0x65, 0x73, 0x74, 0x72, 0x75,
  0x63, 0x74, 0x69, 0x76, 0x65, 0x6c, 0x79, 0x00, 0x53, 0x70, 0x6c, 0x69, 0x74, 0x20, 0x62, 0x79,
  0x20, 0x64, 0x65, 0x6c, 0x69, 0x6d, 0x69, 0x74, 0x65, 0x72, 0x20, 0x61, 0x6e, 0x64, 0x20, 0x72,
  0x65, 0x74, 0x75, 0x72, 0x6e, 0x20, 0x61, 0x72, 0x72, 0x61, 0x79, 0x00, 0x43, 0x68, 0x65, 0x63,
  0x6b, 0x20, 0x69, 0x66, 0x20, 0x73, 0x74, 0x61, 0x72, 0x74, 0x73, 0x20, 0x77, 0x69, 0x74, 0x68,
  0x20, 0x73, 0x70, 0x65, 0x63, 0x69, 0x66, 0x69, 0x65, 0x64, 0x20, 0x73, 0x74, 0x72, 0x69, 0x6e,
  0x67, 0x00, 0x52, 0x65, 0x74, 0x75, 0x72, 0x6e, 0x20, 0x73, 0x74, 0x72, 0x69, 0x6e, 0x67, 0x20,
  0x77, 0x69, 0x74, 0x68, 0x20, 0x6c, 0x65, 0x61, 0x64, 0x69, 0x6e, 0x67, 0x20, 0x61, 0x6e, 0x64,
  0x20, 0x74, 0x72, 0x61, 0x69, 0x6c, 0x69, 0x6e, 0x67, 0x20, 0x77, 0x68, 0x69, 0x74, 0x65, 0x73,
  0x70, 0x61, 0x63, 0x65, 0x20, 0x72, 0x65, 0x6d, 0x6f, 0x76, 0x65, 0x64, 0x00, 0x52, 0x65, 0x6d,
  0x6f, 0x76, 0x65, 0x20, 0x6c, 0x65, 0x61, 0x64, 0x69, 0x6e, 0x67, 0x20, 0x61, 0x6e, 0x64, 0x20,
  0x74, 0x72, 0x61, 0x69, 0x6c, 0x69, 0x6e, 0x67, 0x20, 0x77, 0x68, 0x69, 0x74, 0x65, 0x73, 0x70,
  0x61, 0x63, 0x65, 0x20, 0x64, 0x65, 0x73, 0x74, 0x72, 0x75, 0x63, 0x74, 0x69, 0x76, 0x65, 0x6c,
  0x79, 0x00, 0x43, 0x6f, 0x6e, 0x76, 0x65, 0x72, 0x74, 0x20, 0x74, 0x6f, 0x20, 0x69, 0x6e, 0x74,
  0x65, 0x67, 0x65, 0x72, 0x00, 0x52, 0x65, 0x74, 0x75, 0x72, 0x6e, 0x20, 0x73, 0x65, 0x6c, 0x66,
  0x20, 0x61, 0x73, 0x20, 0x73, 0x74, 0x72, 0x69, 0x6e, 0x67, 0x00, 0x52, 0x65, 0x74, 0x75, 0x72,
  0x6e, 0x20, 0x73, 0x74, 0x72, 0x69, 0x6e, 0x67, 0x20, 0x77, 0x69, 0x74, 0x68, 0x20, 0x63, 0x68,
  0x61, 0x72, 0x61, 0x63, 0x74, 0x65, 0x72, 0x73, 0x20, 0x72, 0x65, 0x70, 0x6c, 0x61, 0x63, 0x65,
  0x64, 0x00, 0x52, 0x65, 0x70, 0x6c, 0x61, 0x63, 0x65, 0x20, 0x63, 0x68, 0x61, 0x72, 0x61, 0x63,
  0x74, 0x65, 0x72, 0x73, 0x20, 0x64, 0x65, 0x73, 0x74, 0x72, 0x75, 0x63, 0x74, 0x69, 0x76, 0x65,
  0x6c, 0x79, 0x00, 0x52, 0x65, 0x74, 0x75, 0x72, 0x6e, 0x20, 0x73, 0x74, 0x72, 0x69, 0x6e, 0x67,
  0x20, 0x63, 0x6f, 0x6e, 0x76, 0x65, 0x72, 0x74, 0x65, 0x64, 0x20, 0x74, 0x6f, 0x20, 0x75, 0x70,
  0x70, 0x65, 0x72, 0x63, 0x61, 0x73, 0x65, 0x00, 0x43, 0x6f, 0x6e, 0x76, 0x65, 0x72, 0x74, 0x20,
  0x74, 0x6f, 0x20, 0x75, 0x70, 0x70, 0x65, 0x72, 0x63, 0x61, 0x73, 0x65, 0x20, 0x64, 0x65, 0x73,
  0x74, 0x72, 0x75, 0x63, 0x74, 0x69, 0x76, 0x65, 0x6c, 0x79, 0x00, 0x43, 0x6f, 0x6d, 0x70, 0x61,
  0x72, 0x65, 0x20, 0x73, 0x79, 0x6d, 0x62, 0x6f, 0x6c, 0x73, 0x00, 0x52, 0x65, 0x74, 0x75, 0x72,
  0x6e, 0x20, 0x73, 0x65, 0x6c, 0x66, 0x20, 0x61, 0x73, 0x20, 0x73, 0x79, 0x6d, 0x62, 0x6f, 0x6c,
  0x00, 0x43, 0x6f, 0x6e, 0x63, 0x61, 0x74, 0x65, 0x6e, 0x61, 0x74, 0x65, 0x20, 0x61, 0x72, 0x72,
  0x61, 0x79, 0x73, 0x00, 0x52, 0x65, 0x74, 0x75, 0x72, 0x6e, 0x20, 0x6e, 0x65, 0x77, 0x20, 0x61,
  0x72, 0x72, 0x61, 0x79, 0x20, 0x65, 0x78, 0x63, 0x6c, 0x75, 0x64, 0x69, 0x6e, 0x67, 0x20, 0x73,
  0x70, 0x65, 0x63, 0x69, 0x66, 0x69, 0x65, 0x64, 0x20, 0x65, 0x6c, 0x65, 0x6d, 0x65, 0x6e, 0x74,
  0x73, 0x00, 0x47, 0x65, 0x74, 0x20, 0x65, 0x6c, 0x65, 0x6d, 0x65, 0x6e, 0x74, 0x20, 0x61, 0x74,
  0x20, 0x73, 0x70, 0x65, 0x63, 0x69, 0x66, 0x69, 0x65, 0x64, 0x20, 0x70, 0x6f, 0x73, 0x69, 0x74,
  0x69, 0x6f, 0x6e, 0x00, 0x53, 0x65, 0x74, 0x20, 0x65, 0x6c, 0x65, 0x6d, 0x65, 0x6e, 0x74, 0x20,
  0x61, 0x74, 0x20, 0x73, 0x70, 0x65, 0x63, 0x69, 0x66, 0x69, 0x65, 0x64, 0x20, 0x70, 0x6f, 0x73,
  0x69, 0x74, 0x69, 0x6f, 0x6e, 0x00, 0x52, 0x65, 0x6d, 0x6f, 0x76, 0x65, 0x20, 0x61, 0x6c, 0x6c,
  0x20, 0x65, 0x6c, 0x65, 0x6d, 0x65, 0x6e, 0x74, 0x73, 0x20, 0x66, 0x72, 0x6f, 0x6d, 0x20, 0x61,
  0x72, 0x72, 0x61, 0x79, 0x00, 0x45, 0x78, 0x65, 0x63, 0x75, 0x74, 0x65, 0x20, 0x62, 0x6c, 0x6f,
  0x63, 0x6b, 0x20, 0x66, 0x6f, 0x72, 0x20, 0x65, 0x61, 0x63, 0x68, 0x20, 0x65, 0x6c, 0x65, 0x6d,
  0x65, 0x6e, 0x74, 0x20, 0x61, 0x6e, 0x64, 0x20, 0x72, 0x65, 0x74, 0x75, 0x72, 0x6e, 0x20, 0x72,
  0x65, 0x73, 0x75, 0x6c, 0x74, 0x73, 0x20, 0x61, 0x73, 0x20, 0x61, 0x72, 0x72, 0x61, 0x79, 0x00,
  0x45, 0x78, 0x65, 0x63, 0x75, 0x74, 0x65, 0x20, 0x62, 0x6c, 0x6f, 0x63, 0x6b, 0x20, 0x66, 0x6f,
  0x72, 0x20, 0x65, 0x61, 0x63, 0x68, 0x20, 0x65, 0x6c, 0x65, 0x6d, 0x65, 0x6e, 0x74, 0x20, 0x61,
  0x6e, 0x64, 0x20, 0x64, 0x65, 0x73, 0x74, 0x72, 0x75, 0x63, 0x74, 0x69, 0x76, 0x65, 0x6c, 0x79,
  0x20, 0x72, 0x65, 0x70, 0x6c, 0x61, 0x63, 0x65, 0x00, 0x44, 0x65, 0x6c, 0x65, 0x74, 0x65, 0x20,
  0x65, 0x6c, 0x65, 0x6d, 0x65, 0x6e, 0x74, 0x20, 0x61, 0x74, 0x20, 0x73, 0x70, 0x65, 0x63, 0x69,
  0x66, 0x69, 0x65, 0x64, 0x20, 0x70, 0x6f, 0x73, 0x69, 0x74, 0x69, 0x6f, 0x6e, 0x00, 0x44, 0x65,
  0x6c, 0x65, 0x74, 0x65, 0x20, 0x65, 0x6c, 0x65, 0x6d, 0x65, 0x6e, 0x74, 0x73, 0x20, 0x66, 0x6f,
  0x72, 0x20, 0x77, 0x68, 0x69, 0x63, 0x68, 0x20, 0x62, 0x6c, 0x6f, 0x63, 0x6b, 0x20, 0x72, 0x65,
  0x74, 0x75, 0x72, 0x6e, 0x73, 0x20, 0x74, 0x72, 0x75, 0x65, 0x00, 0x45, 0x78, 0x65, 0x63, 0x75,
  0x74, 0x65, 0x20, 0x62, 0x6c, 0x6f, 0x63, 0x6b, 0x20, 0x66, 0x6f, 0x72, 0x20, 0x65, 0x61, 0x63,
  0x68, 0x20, 0x65, 0x6c, 0x65, 0x6d, 0x65, 0x6e, 0x74, 0x00, 0x45, 0x78, 0x65, 0x63, 0x75, 0x74,
  0x65, 0x20, 0x62, 0x6c, 0x6f, 0x63, 0x6b, 0x20, 0x66, 0x6f, 0x72, 0x20, 0x65, 0x61, 0x63, 0x68,
  0x20, 0x69, 0x6e, 0x64, 0x65, 0x78, 0x00, 0x45, 0x78, 0x65, 0x63, 0x75, 0x74, 0x65, 0x20, 0x62,
  0x6c, 0x6f, 0x63, 0x6b, 0x20, 0x66, 0x6f, 0x72, 0x20, 0x65, 0x61, 0x63, 0x68, 0x20, 0x65, 0x6c,
  0x65, 0x6d, 0x65, 0x6e, 0x74, 0x20, 0x61, 0x6e, 0x64, 0x20, 0x69, 0x6e, 0x64, 0x65, 0x78, 0x00,
  0x43, 0x68, 0x65, 0x63, 0x6b, 0x20, 0x69, 0x66, 0x20, 0x61, 0x72, 0x72, 0x61, 0x79, 0x20, 0x69,
  0x73, 0x20, 0x65, 0x6d, 0x70, 0x74, 0x79, 0x00, 0x47, 0x65, 0x74, 0x20, 0x66, 0x69, 0x72, 0x73,
  0x74, 0x20, 0x65, 0x6c, 0x65, 0x6d, 0x65, 0x6e, 0x74, 0x00, 0x43, 0x68, 0x65, 0x63, 0x6b, 0x20,
  0x69, 0x66, 0x20, 0x65, 0x6c, 0x65, 0x6d, 0x65, 0x6e, 0x74, 0x20, 0x69, 0x73, 0x20, 0x69, 0x6e,
  0x63, 0x6c, 0x75, 0x64, 0x65, 0x64, 0x00, 0x4a, 0x6f, 0x69, 0x6e, 0x20, 0x65, 0x6c, 0x65, 0x6d,
  0x65, 0x6e, 0x74, 0x73, 0x20, 0x61, 0x6e, 0x64, 0x20, 0x72, 0x65, 0x74, 0x75, 0x72, 0x6e, 0x20,
  0x73, 0x74, 0x72, 0x69, 0x6e, 0x67, 0x00, 0x47, 0x65, 0x74, 0x20, 0x6c, 0x61, 0x73, 0x74, 0x20,
  0x65, 0x6c, 0x65, 0x6d, 0x65, 0x6e, 0x74, 0x00, 0x52, 0x65, 0x74, 0x75, 0x72, 0x6e, 0x20, 0x6e,
  0x75, 0x6d, 0x62, 0x65, 0x72, 0x20, 0x6f, 0x66, 0x20, 0x65, 0x6c, 0x65, 0x6d, 0x65, 0x6e, 0x74,
  0x73, 0x20, 0x69, 0x6e, 0x20, 0x61, 0x72, 0x72, 0x61, 0x79, 0x00, 0x52, 0x65, 0x6d, 0x6f, 0x76,
  0x65, 0x20, 0x61, 0x6e, 0x64, 0x20, 0x72, 0x65, 0x74, 0x75, 0x72, 0x6e, 0x20, 0x6c, 0x61, 0x73,
  0x74, 0x20, 0x65, 0x6c, 0x65, 0x6d, 0x65, 0x6e, 0x74, 0x00, 0x41, 0x70, 0x70, 0x65, 0x6e, 0x64,
  0x20, 0x65, 0x6c, 0x65, 0x6d, 0x65, 0x6e, 0x74, 0x20, 0x74, 0x6f, 0x20, 0x65, 0x6e, 0x64, 0x00,
  0x52, 0x65, 0x74, 0x75, 0x72, 0x6e, 0x20, 0x61, 0x72, 0x72, 0x61, 0x79, 0x20, 0x65, 0x78, 0x63,
  0x6c, 0x75, 0x64, 0x69, 0x6e, 0x67, 0x20, 0x65, 0x6c, 0x65, 0x6d, 0x65, 0x6e, 0x74, 0x73, 0x20,
  0x66, 0x6f, 0x72, 0x20, 0x77, 0x68, 0x69, 0x63, 0x68, 0x20, 0x62, 0x6c, 0x6f, 0x63, 0x6b, 0x20,
  0x72, 0x65, 0x74, 0x75, 0x72, 0x6e, 0x73, 0x20, 0x74, 0x72, 0x75, 0x65, 0x00, 0x44, 0x65, 0x73,
  0x74, 0x72, 0x75, 0x63, 0x74, 0x69, 0x76, 0x65, 0x6c, 0x79, 0x20, 0x64, 0x65, 0x6c, 0x65, 0x74,
  0x65, 0x20, 0x65, 0x6c, 0x65, 0x6d, 0x65, 0x6e, 0x74, 0x73, 0x20, 0x66, 0x6f, 0x72, 0x20, 0x77,
  0x68, 0x69, 0x63, 0x68, 0x20, 0x62, 0x6c, 0x6f, 0x63, 0x6b, 0x20, 0x72, 0x65, 0x74, 0x75, 0x72,
  0x6e, 0x73, 0x20, 0x74, 0x72, 0x75, 0x65, 0x00, 0x52, 0x65, 0x6d, 0x6f, 0x76, 0x65, 0x20, 0x61,
  0x6e, 0x64, 0x20, 0x72, 0x65, 0x74, 0x75, 0x72, 0x6e, 0x20, 0x66, 0x69, 0x72, 0x73, 0x74, 0x20,
  0x65, 0x6c, 0x65, 0x6d, 0x65, 0x6e, 0x74, 0x00, 0x47, 0x65, 0x74, 0x20, 0x73, 0x75, 0x62, 0x61,
  0x72, 0x72, 0x61, 0x79, 0x00, 0x52, 0x65, 0x74, 0x75, 0x72, 0x6e, 0x20, 0x73, 0x6f, 0x72, 0x74,
  0x65, 0x64, 0x20, 0x61, 0x72, 0x72, 0x61, 0x79, 0x00, 0x53, 0x6f, 0x72, 0x74, 0x20, 0x64, 0x65,
  0x73, 0x74, 0x72, 0x75, 0x63, 0x74, 0x69, 0x76, 0x65, 0x6c, 0x79, 0x00, 0x52, 0x65, 0x74, 0x75,
  0x72, 0x6e, 0x20, 0x61, 0x72, 0x72, 0x61, 0x79, 0x20, 0x77, 0x69, 0x74, 0x68, 0x20, 0x64, 0x75,
  0x70, 0x6c, 0x69, 0x63, 0x61, 0x74, 0x65, 0x73, 0x20, 0x72, 0x65, 0x6d, 0x6f, 0x76, 0x65, 0x64,
  0x00, 0x52, 0x65, 0x6d, 0x6f, 0x76, 0x65, 0x20, 0x64, 0x75, 0x70, 0x6c, 0x69, 0x63, 0x61, 0x74,
  0x65, 0x73, 0x20, 0x64, 0x65, 0x73, 0x74, 0x72, 0x75, 0x63, 0x74, 0x69, 0x76, 0x65, 0x6c, 0x79,
  0x00, 0x50, 0x72, 0x65, 0x70, 0x65, 0x6e, 0x64, 0x20, 0x65, 0x6c, 0x65, 0x6d, 0x65, 0x6e, 0x74,
  0x20, 0x74, 0x6f, 0x20, 0x62, 0x65, 0x67, 0x69, 0x6e, 0x6e, 0x69, 0x6e, 0x67, 0x00, 0x47, 0x65,
  0x74, 0x20, 0x76, 0x61, 0x6c, 0x75, 0x65, 0x20, 0x66, 0x6f, 0x72, 0x20, 0x73, 0x70, 0x65, 0x63,
  0x69, 0x66, 0x69, 0x65, 0x64, 0x20, 0x6b, 0x65, 0x79, 0x00, 0x53, 0x65, 0x74, 0x20, 0x76, 0x61,
  0x6c, 0x75, 0x65, 0x20, 0x66, 0x6f, 0x72, 0x20, 0x73, 0x70, 0x65, 0x63, 0x69, 0x66, 0x69, 0x65,
  0x64, 0x20, 0x6b, 0x65, 0x79, 0x00, 0x52, 0x65, 0x6d, 0x6f, 0x76, 0x65, 0x20, 0x61, 0x6c, 0x6c,
  0x20, 0x65, 0x6c, 0x65, 0x6d, 0x65, 0x6e, 0x74, 0x73, 0x20, 0x66, 0x72, 0x6f, 0x6d, 0x20, 0x68,
  0x61, 0x73, 0x68, 0x00, 0x44, 0x65, 0x6c, 0x65, 0x74, 0x65, 0x20, 0x73, 0x70, 0x65, 0x63, 0x69,
  0x66, 0x69, 0x65, 0x64, 0x20, 0x6b, 0x65, 0x79, 0x00, 0x45, 0x78, 0x65, 0x63, 0x75, 0x74, 0x65,
  0x20, 0x62, 0x6c, 0x6f, 0x63, 0x6b, 0x20, 0x66, 0x6f, 0x72, 0x20, 0x65, 0x61, 0x63, 0x68, 0x20,
  0x6b, 0x65, 0x79, 0x20, 0x61, 0x6e, 0x64, 0x20, 0x76, 0x61, 0x6c, 0x75, 0x65, 0x00, 0x43, 0x68,
  0x65, 0x63, 0x6b, 0x20, 0x69, 0x66, 0x20, 0x68, 0x61, 0x73, 0x68, 0x20, 0x69, 0x73, 0x20, 0x65,
  0x6d, 0x70, 0x74, 0x79, 0x00, 0x43, 0x68, 0x65, 0x63, 0x6b, 0x20, 0x69, 0x66, 0x20, 0x73, 0x70,
  0x65, 0x63, 0x69, 0x66, 0x69, 0x65, 0x64, 0x20, 0x6b, 0x65, 0x79, 0x20, 0x65, 0x78, 0x69, 0x73,
  0x74, 0x73, 0x00, 0x43, 0x68, 0x65, 0x63, 0x6b, 0x20, 0x69, 0x66, 0x20, 0x73, 0x70, 0x65, 0x63,
  0x69, 0x66, 0x69, 0x65, 0x64, 0x20, 0x76, 0x61, 0x6c, 0x75, 0x65, 0x20, 0x65, 0x78, 0x69, 0x73,
  0x74, 0x73, 0x00, 0x52, 0x65, 0x74, 0x75, 0x72, 0x6e, 0x20, 0x61, 0x6c, 0x6c, 0x20, 0x6b, 0x65,
  0x79, 0x73, 0x20, 0x61, 0x73, 0x20, 0x61, 0x72, 0x72, 0x61, 0x79, 0x00, 0x52, 0x65, 0x74, 0x75,
  0x72, 0x6e, 0x20, 0x6e, 0x75, 0x6d, 0x62, 0x65, 0x72, 0x20, 0x6f, 0x66, 0x20, 0x65, 0x6c, 0x65,
  0x6d, 0x65, 0x6e, 0x74, 0x73, 0x20, 0x69, 0x6e, 0x20, 0x68, 0x61, 0x73, 0x68, 0x00, 0x52, 0x65,
  0x74, 0x75, 0x72, 0x6e, 0x20, 0x6e, 0x65, 0x77, 0x20, 0x68, 0x61, 0x73, 0x68, 0x20, 0x6d, 0x65,
  0x72, 0x67, 0x65, 0x64, 0x20, 0x77, 0x69, 0x74, 0x68, 0x20, 0x61, 0x6e, 0x6f, 0x74, 0x68, 0x65,
  0x72, 0x20, 0x68, 0x61, 0x73, 0x68, 0x00, 0x4d, 0x65, 0x72, 0x67, 0x65, 0x20, 0x68, 0x61, 0x73,
  0x68, 0x20, 0x64, 0x65, 0x73, 0x74, 0x72, 0x75, 0x63, 0x74, 0x69, 0x76, 0x65, 0x6c, 0x79, 0x00,
  0x52, 0x65, 0x74, 0x75, 0x72, 0x6e, 0x20, 0x73, 0x65, 0x6c, 0x66, 0x20, 0x61, 0x73, 0x20, 0x68,
  0x61, 0x73, 0x68, 0x00, 0x52, 0x65, 0x74, 0x75, 0x72, 0x6e, 0x20, 0x61, 0x6c, 0x6c, 0x20, 0x76,
  0x61, 0x6c, 0x75, 0x65, 0x73, 0x20, 0x61, 0x73, 0x20, 0x61, 0x72, 0x72, 0x61, 0x79, 0x00, 0x43,
  0x68, 0x65, 0x63, 0x6b, 0x20, 0x69, 0x66, 0x20, 0x76, 0x61, 0x6c, 0x75, 0x65, 0x20, 0x69, 0x73,
  0x20, 0x69, 0x6e, 0x63, 0x6c, 0x75, 0x64, 0x65, 0x64, 0x20, 0x69, 0x6e, 0x20, 0x72, 0x61, 0x6e,
  0x67, 0x65, 0x00, 0x45, 0x78, 0x65, 0x63, 0x75, 0x74, 0x65, 0x20, 0x62, 0x6c, 0x6f, 0x63, 0x6b,
  0x20, 0x66, 0x6f, 0x72, 0x20, 0x65, 0x61, 0x63, 0x68, 0x20, 0x65, 0x6c, 0x65, 0x6d, 0x65, 0x6e,
  0x74, 0x20, 0x69, 0x6e, 0x20, 0x72, 0x61, 0x6e, 0x67, 0x65, 0x00, 0x43, 0x68, 0x65, 0x63, 0x6b,
  0x20, 0x69, 0x66, 0x20, 0x65, 0x6e, 0x64, 0x20, 0x76, 0x61, 0x6c, 0x75, 0x65, 0x20, 0x69, 0x73,
  0x20, 0x65, 0x78, 0x63, 0x6c, 0x75, 0x64, 0x65, 0x64, 0x00, 0x52, 0x65, 0x74, 0x75, 0x72, 0x6e,
  0x20, 0x73, 0x74, 0x61, 0x72, 0x74, 0x20, 0x76, 0x61, 0x6c, 0x75, 0x65, 0x20, 0x6f, 0x66, 0x20,
  0x72, 0x61, 0x6e, 0x67, 0x65, 0x00, 0x52, 0x65, 0x74, 0x75, 0x72, 0x6e, 0x20, 0x65, 0x6e, 0x64,
  0x20, 0x76, 0x61, 0x6c, 0x75, 0x65, 0x20, 0x6f, 0x66, 0x20, 0x72, 0x61, 0x6e, 0x67, 0x65, 0x00,
  0x43, 0x61, 0x6c, 0x6c, 0x20, 0x50, 0x72, 0x6f, 0x63, 0x00, 0x50, 0x65, 0x72, 0x66, 0x6f, 0x72,
  0x6d, 0x20, 0x6c, 0x6f, 0x67, 0x69, 0x63, 0x61, 0x6c, 0x20, 0x41, 0x4e, 0x44, 0x20, 0x6f, 0x70,
  0x65, 0x72, 0x61, 0x74, 0x69, 0x6f, 0x6e, 0x00, 0x50, 0x65, 0x72, 0x66, 0x6f, 0x72, 0x6d, 0x20,
  0x6c, 0x6f, 0x67, 0x69, 0x63, 0x61, 0x6c, 0x20, 0x58, 0x4f, 0x52, 0x20, 0x6f, 0x70, 0x65, 0x72,
  0x61, 0x74, 0x69, 0x6f, 0x6e, 0x00, 0x50, 0x65, 0x72, 0x66, 0x6f, 0x72, 0x6d, 0x20, 0x6c, 0x6f,
  0x67, 0x69, 0x63, 0x61, 0x6c, 0x20, 0x4f, 0x52, 0x20, 0x6f, 0x70, 0x65, 0x72, 0x61, 0x74, 0x69,
  0x6f, 0x6e, 0x00, 0x41, 0x6c, 0x77, 0x61, 0x79, 0x73, 0x20, 0x72, 0x65, 0x74, 0x75, 0x72, 0x6e,
  0x73, 0x20, 0x66, 0x61, 0x6c, 0x73, 0x65, 0x00, 0x52, 0x65, 0x74, 0x75, 0x72, 0x6e, 0x73, 0x20,
  0x6c, 0x6f, 0x67, 0x69, 0x63, 0x61, 0x6c, 0x20, 0x76, 0x61, 0x6c, 0x75, 0x65, 0x20, 0x6f, 0x66,
  0x20, 0x61, 0x72, 0x67, 0x75, 0x6d, 0x65, 0x6e, 0x74, 0x00, 0x52, 0x65, 0x74, 0x75, 0x72, 0x6e,
  0x73, 0x20, 0x22, 0x6e, 0x69, 0x6c, 0x22, 0x00, 0x52, 0x65, 0x74, 0x75, 0x72, 0x6e, 0x73, 0x20,
  0x74, 0x72, 0x75, 0x65, 0x00, 0x52, 0x65, 0x74, 0x75, 0x72, 0x6e, 0x73, 0x20, 0x30, 0x2e, 0x30,
  0x00, 0x52, 0x65, 0x74, 0x75, 0x72, 0x6e, 0x73, 0x20, 0x65, 0x6d, 0x70, 0x74, 0x79, 0x20, 0x68,
  0x61, 0x73, 0x68, 0x00, 0x52, 0x65, 0x74, 0x75, 0x72, 0x6e, 0x73, 0x20, 0x30, 0x00, 0x52, 0x65,
  0x74, 0x75, 0x72, 0x6e, 0x73, 0x20, 0x65, 0x6d, 0x70, 0x74, 0x79, 0x20, 0x73, 0x74, 0x72, 0x69,
  0x6e, 0x67, 0x00, 0x52, 0x65, 0x74, 0x75, 0x72, 0x6e, 0x20, 0x63, 0x6c, 0x61, 0x73, 0x73, 0x20,
  0x6e, 0x61, 0x6d, 0x65, 0x20, 0x61, 0x73, 0x20, 0x73, 0x74, 0x72, 0x69, 0x6e, 0x67, 0x00, 0x43,
  0x72, 0x65, 0x61, 0x74, 0x65, 0x20, 0x6c, 0x61, 0x6d, 0x62, 0x64, 0x61, 0x20, 0x65, 0x78, 0x70,
  0x72, 0x65, 0x73, 0x73, 0x69, 0x6f, 0x6e, 0x00, 0x49, 0x6e, 0x73, 0x70, 0x65, 0x63, 0x74, 0x20,
  0x61, 0x6e, 0x64, 0x20, 0x6f, 0x75, 0x74, 0x70, 0x75, 0x74, 0x20, 0x6f, 0x62, 0x6a, 0x65, 0x63,
  0x74, 0x00, 0x4f, 0x75, 0x74, 0x70, 0x75, 0x74, 0x20, 0x6f, 0x62, 0x6a, 0x65, 0x63, 0x74, 0x00,
  0x43, 0x72, 0x65, 0x61, 0x74, 0x65, 0x20, 0x50, 0x72, 0x6f, 0x63, 0x20, 0x6f, 0x62, 0x6a, 0x65,
  0x63, 0x74, 0x00, 0x4f, 0x75, 0x74, 0x70, 0x75, 0x74, 0x20, 0x6f, 0x62, 0x6a, 0x65, 0x63, 0x74,
  0x20, 0x77, 0x69, 0x74, 0x68, 0x20, 0x6e, 0x65, 0x77, 0x6c, 0x69, 0x6e, 0x65, 0x00, 0x53, 0x65,
  0x74, 0x20, 0x62, 0x61, 0x63, 0x6b, 0x6c, 0x69, 0x67, 0x68, 0x74, 0x20, 0x62, 0x72, 0x69, 0x67,
  0x68, 0x74, 0x6e, 0x65, 0x73, 0x73, 0x20, 0x28, 0x30, 0x2e, 0x2e, 0x32, 0x35, 0x35, 0x29, 0x00,
  0x53, 0x68, 0x6f, 0x77, 0x2f, 0x68, 0x69, 0x64, 0x65, 0x20, 0x74, 0x68, 0x65, 0x20, 0x74, 0x65,
  0x78, 0x74, 0x20, 0x63, 0x6f, 0x6e, 0x73, 0x6f, 0x6c, 0x65, 0x00, 0x46, 0x69, 0x6c, 0x6c, 0x20,
  0x74, 0x68, 0x65, 0x20, 0x77, 0x68, 0x6f, 0x6c, 0x65, 0x20, 0x73, 0x63, 0x72, 0x65, 0x65, 0x6e,
  0x20, 0x77, 0x69, 0x74, 0x68, 0x20, 0x61, 0x6e, 0x20, 0x52, 0x47, 0x42, 0x38, 0x38, 0x38, 0x20,
  0x63, 0x6f, 0x6c, 0x6f, 0x72, 0x00, 0x53, 0x63, 0x72, 0x65, 0x65, 0x6e, 0x20, 0x68, 0x65, 0x69,
  0x67, 0x68, 0x74, 0x20, 0x69, 0x6e, 0x20, 0x70, 0x69, 0x78, 0x65, 0x6c, 0x73, 0x00, 0x53, 0x63,
  0x72, 0x65, 0x65, 0x6e, 0x20, 0x77, 0x69, 0x64, 0x74, 0x68, 0x20, 0x69, 0x6e, 0x20, 0x70, 0x69,
  0x78, 0x65, 0x6c, 0x73, 0x00, 0x43, 0x6c, 0x6f, 0x73, 0x65, 0x20, 0x66, 0x69, 0x6c, 0x65, 0x00,
  0x52, 0x65, 0x61, 0x64, 0x20, 0x72, 0x65, 0x6d, 0x61, 0x69, 0x6e, 0x69, 0x6e, 0x67, 0x20, 0x66,
  0x69, 0x6c, 0x65, 0x20, 0x63, 0x6f, 0x6e, 0x74, 0x65, 0x6e, 0x74, 0x73, 0x00, 0x43, 0x68, 0x65,
  0x63, 0x6b, 0x20, 0x69, 0x66, 0x20, 0x66, 0x69, 0x6c, 0x65, 0x20, 0x65, 0x78, 0x69, 0x73, 0x74,
  0x73, 0x00, 0x4f, 0x70, 0x65, 0x6e, 0x20, 0x66, 0x69, 0x6c, 0x65, 0x2c, 0x20, 0x79, 0x69, 0x65,
  0x6c, 0x64, 0x20, 0x74, 0x6f, 0x20, 0x62, 0x6c, 0x6f, 0x63, 0x6b, 0x2c, 0x20, 0x63, 0x6c, 0x6f,
  0x73, 0x65, 0x20, 0x61, 0x75, 0x74, 0x6f, 0x6d, 0x61, 0x74, 0x69, 0x63, 0x61, 0x6c, 0x6c, 0x79,
  0x00, 0x43, 0x68, 0x65, 0x63, 0x6b, 0x20, 0x69, 0x66, 0x20, 0x47, 0x50, 0x49, 0x4f, 0x20, 0x70,
  0x69, 0x6e, 0x20, 0x69, 0x73, 0x20, 0x48, 0x49, 0x47, 0x48, 0x00, 0x43, 0x68, 0x65, 0x63, 0x6b,
  0x20, 0x69, 0x66, 0x20, 0x47, 0x50, 0x49, 0x4f, 0x20, 0x70, 0x69, 0x6e, 0x20, 0x69, 0x73, 0x20,
  0x4c, 0x4f, 0x57, 0x00, 0x53, 0x65, 0x74, 0x20, 0x74, 0x6f, 0x20, 0x6f, 0x70, 0x65, 0x6e, 0x20,
  0x64, 0x72, 0x61, 0x69, 0x6e, 0x20, 0x6f, 0x75, 0x74, 0x70, 0x75, 0x74, 0x20, 0x6d, 0x6f, 0x64,
  0x65, 0x00, 0x52, 0x65, 0x61, 0x64, 0x20, 0x47, 0x50, 0x49, 0x4f, 0x20, 0x70, 0x69, 0x6e, 0x20,
  0x73, 0x74, 0x61, 0x74, 0x65, 0x00, 0x57, 0x72, 0x69, 0x74, 0x65, 0x20, 0x76, 0x61, 0x6c, 0x75,
  0x65, 0x20, 0x74, 0x6f, 0x20, 0x47, 0x50, 0x49, 0x4f, 0x20, 0x70, 0x69, 0x6e, 0x00, 0x43, 0x68,
  0x65, 0x63, 0x6b, 0x20, 0x69, 0x66, 0x20, 0x73, 0x70, 0x65, 0x63, 0x69, 0x66, 0x69, 0x65, 0x64,
  0x20, 0x70, 0x69, 0x6e, 0x20, 0x69, 0x73, 0x20, 0x48, 0x49, 0x47, 0x48, 0x00, 0x43, 0x68, 0x65,
  0x63, 0x6b, 0x20, 0x69, 0x66, 0x20, 0x73, 0x70, 0x65, 0x63, 0x69, 0x66, 0x69, 0x65, 0x64, 0x20,
  0x70, 0x69, 0x6e, 0x20, 0x69, 0x73, 0x20, 0x4c, 0x4f, 0x57, 0x00, 0x43, 0x72, 0x65, 0x61, 0x74,
  0x65, 0x20, 0x47, 0x50, 0x49, 0x4f, 0x20, 0x6f, 0x62, 0x6a, 0x65, 0x63, 0x74, 0x00, 0x53, 0x65,
  0x74, 0x20, 0x73, 0x70, 0x65, 0x63, 0x69, 0x66, 0x69, 0x65, 0x64, 0x20, 0x70, 0x69, 0x6e, 0x20,
  0x74, 0x6f, 0x20, 0x6f, 0x70, 0x65, 0x6e, 0x20, 0x64, 0x72, 0x61, 0x69, 0x6e, 0x20, 0x6f, 0x75,
  0x74, 0x70, 0x75, 0x74, 0x20, 0x6d, 0x6f, 0x64, 0x65, 0x00, 0x53, 0x65, 0x74, 0x20, 0x73, 0x70,
  0x65, 0x63, 0x69, 0x66, 0x69, 0x65, 0x64, 0x20, 0x70, 0x69, 0x6e, 0x20, 0x74, 0x6f, 0x20, 0x70,
  0x75, 0x6c, 0x6c, 0x2d, 0x64, 0x6f, 0x77, 0x6e, 0x00, 0x53, 0x65, 0x74, 0x20, 0x73, 0x70, 0x65,
  0x63, 0x69, 0x66, 0x69, 0x65, 0x64, 0x20, 0x70, 0x69, 0x6e, 0x20, 0x74, 0x6f, 0x20, 0x70, 0x75,
  0x6c, 0x6c, 0x2d, 0x75, 0x70, 0x00, 0x52, 0x65, 0x61, 0x64, 0x20, 0x73, 0x70, 0x65, 0x63, 0x69,
  0x66, 0x69, 0x65, 0x64, 0x20, 0x70, 0x69, 0x6e, 0x20, 0x73, 0x74, 0x61, 0x74, 0x65, 0x00, 0x53,
  0x65, 0x74, 0x20, 0x69, 0x6e, 0x70, 0x75, 0x74, 0x2f, 0x6f, 0x75, 0x74, 0x70, 0x75, 0x74, 0x20,
  0x64, 0x69, 0x72, 0x65, 0x63, 0x74, 0x69, 0x6f, 0x6e, 0x20, 0x6f, 0x66, 0x20, 0x73, 0x70, 0x65,
  0x63, 0x69, 0x66, 0x69, 0x65, 0x64, 0x20, 0x70, 0x69, 0x6e, 0x00, 0x53, 0x65, 0x74, 0x20, 0x66,
  0x75, 0x6e, 0x63, 0x74, 0x69, 0x6f, 0x6e, 0x20, 0x6f, 0x66, 0x20, 0x73, 0x70, 0x65, 0x63, 0x69,
  0x66, 0x69, 0x65, 0x64, 0x20, 0x70, 0x69, 0x6e, 0x00, 0x57, 0x72, 0x69, 0x74, 0x65, 0x20, 0x76,
  0x61, 0x6c, 0x75, 0x65, 0x20, 0x74, 0x6f, 0x20, 0x73, 0x70, 0x65, 0x63, 0x69, 0x66, 0x69, 0x65,
  0x64, 0x20, 0x70, 0x69, 0x6e, 0x00, 0x43, 0x61, 0x6c, 0x63, 0x75, 0x6c, 0x61, 0x74, 0x65, 0x20,
  0x61, 0x72, 0x63, 0x63, 0x6f, 0x73, 0x69, 0x6e, 0x65, 0x00, 0x43, 0x61, 0x6c, 0x63, 0x75, 0x6c,
  0x61, 0x74, 0x65, 0x20, 0x69, 0x6e, 0x76, 0x65, 0x72, 0x73, 0x65, 0x20, 0x68, 0x79, 0x70, 0x65,
  0x72, 0x62, 0x6f, 0x6c, 0x69, 0x63, 0x20, 0x63, 0x6f, 0x73, 0x69, 0x6e, 0x65, 0x00, 0x43, 0x61,
  0x6c, 0x63, 0x75, 0x6c, 0x61, 0x74, 0x65, 0x20, 0x61, 0x72, 0x63, 0x73, 0x69, 0x6e, 0x65, 0x00,
  0x43, 0x61, 0x6c, 0x63, 0x75, 0x6c, 0x61, 0x74, 0x65, 0x20, 0x69, 0x6e, 0x76, 0x65, 0x72, 0x73,
  0x65, 0x20, 0x68, 0x79, 0x70, 0x65, 0x72, 0x62, 0x6f, 0x6c, 0x69, 0x63, 0x20, 0x73, 0x69, 0x6e,
  0x65, 0x00, 0x43, 0x61, 0x6c, 0x63, 0x75, 0x6c, 0x61, 0x74, 0x65, 0x20, 0x61, 0x72, 0x63, 0x74,
  0x61, 0x6e, 0x67, 0x65, 0x6e, 0x74, 0x00, 0x43, 0x61, 0x6c, 0x63, 0x75, 0x6c, 0x61, 0x74, 0x65,
  0x20, 0x61, 0x72, 0x63, 0x74, 0x61, 0x6e, 0x67, 0x65, 0x6e, 0x74, 0x20, 0x77, 0x69, 0x74, 0x68,
  0x20, 0x74, 0x77, 0x6f, 0x20, 0x61, 0x72, 0x67, 0x75, 0x6d, 0x65, 0x6e, 0x74, 0x73, 0x00, 0x43,
  0x61, 0x6c, 0x63, 0x75, 0x6c, 0x61, 0x74, 0x65, 0x20, 0x69, 0x6e, 0x76, 0x65, 0x72, 0x73, 0x65,
  0x20, 0x68, 0x79, 0x70, 0x65, 0x72, 0x62, 0x6f, 0x6c, 0x69, 0x63, 0x20, 0x74, 0x61, 0x6e, 0x67,
  0x65, 0x6e, 0x74, 0x00, 0x43, 0x61, 0x6c, 0x63, 0x75, 0x6c, 0x61, 0x74, 0x65, 0x20, 0x63, 0x75,
  0x62, 0x65, 0x20, 0x72, 0x6f, 0x6f, 0x74, 0x00, 0x43, 0x61, 0x6c, 0x63, 0x75, 0x6c, 0x61, 0x74,
  0x65, 0x20, 0x63, 0x6f, 0x73, 0x69, 0x6e, 0x65, 0x00, 0x43, 0x61, 0x6c, 0x63, 0x75, 0x6c, 0x61,
  0x74, 0x65, 0x20, 0x68, 0x79, 0x70, 0x65, 0x72, 0x62, 0x6f, 0x6c, 0x69, 0x63, 0x20, 0x63, 0x6f,
  0x73, 0x69, 0x6e, 0x65, 0x00, 0x43, 0x61, 0x6c, 0x63, 0x75, 0x6c, 0x61, 0x74, 0x65, 0x20, 0x65,
  0x72, 0x72, 0x6f, 0x72, 0x20, 0x66, 0x75, 0x6e, 0x63, 0x74, 0x69, 0x6f, 0x6e, 0x00, 0x43, 0x61,
  0x6c, 0x63, 0x75, 0x6c, 0x61, 0x74, 0x65, 0x20, 0x63, 0x6f, 0x6d, 0x70, 0x6c, 0x65, 0x6d, 0x65,
  0x6e, 0x74, 0x61, 0x72, 0x79, 0x20, 0x65, 0x72, 0x72, 0x6f, 0x72, 0x20, 0x66, 0x75, 0x6e, 0x63,
  0x74, 0x69, 0x6f, 0x6e, 0x00, 0x43, 0x61, 0x6c, 0x63, 0x75, 0x6c, 0x61, 0x74, 0x65, 0x20, 0x65,
  0x78, 0x70, 0x6f, 0x6e, 0x65, 0x6e, 0x74, 0x69, 0x61, 0x6c, 0x20, 0x66, 0x75, 0x6e, 0x63, 0x74,
  0x69, 0x6f, 0x6e, 0x00, 0x43, 0x61, 0x6c, 0x63, 0x75, 0x6c, 0x61, 0x74, 0x65, 0x20, 0x68, 0x79,
  0x70, 0x6f, 0x74, 0x65, 0x6e, 0x75, 0x73, 0x65, 0x20, 0x6f, 0x66, 0x20, 0x72, 0x69, 0x67, 0x68,
  0x74, 0x20, 0x74, 0x72, 0x69, 0x61, 0x6e, 0x67, 0x6c, 0x65, 0x00, 0x43, 0x61, 0x6c, 0x63, 0x75,
  0x6c, 0x61, 0x74, 0x65, 0x20, 0x78, 0x20, 0x2a, 0x20, 0x32, 0x5e, 0x6e, 0x00, 0x43, 0x61, 0x6c,
  0x63, 0x75, 0x6c, 0x61, 0x74, 0x65, 0x20, 0x6e, 0x61, 0x74, 0x75, 0x72, 0x61, 0x6c, 0x20, 0x6c,
  0x6f, 0x67, 0x61, 0x72, 0x69, 0x74, 0x68, 0x6d, 0x00, 0x43, 0x61, 0x6c, 0x63, 0x75, 0x6c, 0x61,
  0x74, 0x65, 0x20, 0x63, 0x6f, 0x6d, 0x6d, 0x6f, 0x6e, 0x20, 0x6c, 0x6f, 0x67, 0x61, 0x72, 0x69,
  0x74, 0x68, 0x6d, 0x00, 0x43, 0x61, 0x6c, 0x63, 0x75, 0x6c, 0x61, 0x74, 0x65, 0x20, 0x62, 0x61,
  0x73, 0x65, 0x2d, 0x32, 0x20, 0x6c, 0x6f, 0x67, 0x61, 0x72, 0x69, 0x74, 0x68, 0x6d, 0x00, 0x43,
  0x61, 0x6c, 0x63, 0x75, 0x6c, 0x61, 0x74, 0x65, 0x20, 0x73, 0x69, 0x6e, 0x65, 0x00, 0x43, 0x61,
  0x6c, 0x63, 0x75, 0x6c, 0x61, 0x74, 0x65, 0x20, 0x68, 0x79, 0x70, 0x65, 0x72, 0x62, 0x6f, 0x6c,
  0x69, 0x63, 0x20, 0x73, 0x69, 0x6e, 0x65, 0x00, 0x43, 0x61, 0x6c, 0x63, 0x75, 0x6c, 0x61, 0x74,
  0x65, 0x20, 0x73, 0x71, 0x75, 0x61, 0x72, 0x65, 0x20, 0x72, 0x6f, 0x6f, 0x74, 0x00, 0x43, 0x61,
  0x6c, 0x63, 0x75, 0x6c, 0x61, 0x74, 0x65, 0x20, 0x74, 0x61, 0x6e, 0x67, 0x65, 0x6e, 0x74, 0x00,
  0x43, 0x61, 0x6c, 0x63, 0x75, 0x6c, 0x61, 0x74, 0x65, 0x20, 0x68, 0x79, 0x70, 0x65, 0x72, 0x62,
  0x6f, 0x6c, 0x69, 0x63, 0x20, 0x74, 0x61, 0x6e, 0x67, 0x65, 0x6e, 0x74, 0x00, 0x43, 0x68, 0x65,
  0x63, 0x6b, 0x20, 0x77, 0x68, 0x65, 0x74, 0x68, 0x65, 0x72, 0x20, 0x61, 0x20, 0x66, 0x69, 0x6c,
  0x65, 0x20, 0x65, 0x78, 0x69, 0x73, 0x74, 0x73, 0x20, 0x6f, 0x6e, 0x20, 0x74, 0x68, 0x65, 0x20,
  0x63, 0x61, 0x72, 0x64, 0x00, 0x4d, 0x6f, 0x75, 0x6e, 0x74, 0x20, 0x74, 0x68, 0x65, 0x20, 0x6d,
  0x69, 0x63, 0x72, 0x6f, 0x53, 0x44, 0x20, 0x63, 0x61, 0x72, 0x64, 0x3b, 0x20, 0x72, 0x61, 0x69,
  0x73, 0x65, 0x73, 0x20, 0x52, 0x75, 0x6e, 0x74, 0x69, 0x6d, 0x65, 0x45, 0x72, 0x72, 0x6f, 0x72,
  0x20, 0x77, 0x68, 0x65, 0x6e, 0x20, 0x6e, 0x6f, 0x20, 0x63, 0x61, 0x72, 0x64, 0x20, 0x69, 0x73,
  0x20, 0x66, 0x6f, 0x75, 0x6e, 0x64, 0x00, 0x52, 0x65, 0x61, 0x64, 0x20, 0x61, 0x20, 0x77, 0x68,
  0x6f, 0x6c, 0x65, 0x20, 0x66, 0x69, 0x6c, 0x65, 0x20, 0x66, 0x72, 0x6f, 0x6d, 0x20, 0x74, 0x68,
  0x65, 0x20, 0x63, 0x61, 0x72, 0x64, 0x3b, 0x20, 0x72, 0x61, 0x69, 0x73, 0x65, 0x73, 0x20, 0x52,
  0x75, 0x6e, 0x74, 0x69, 0x6d, 0x65, 0x45, 0x72, 0x72, 0x6f, 0x72, 0x20, 0x6f, 0x6e, 0x20, 0x66,
  0x61, 0x69, 0x6c, 0x75, 0x72, 0x65, 0x00, 0x55, 0x6e, 0x6d, 0x6f, 0x75, 0x6e, 0x74, 0x20, 0x74,
  0x68, 0x65, 0x20, 0x6d, 0x69, 0x63, 0x72, 0x6f, 0x53, 0x44, 0x20, 0x63, 0x61, 0x72, 0x64, 0x00,
  0x57, 0x72, 0x69, 0x74, 0x65, 0x20, 0x63, 0x6f, 0x6e, 0x74, 0x65, 0x6e, 0x74, 0x20, 0x74, 0x6f,
  0x20, 0x61, 0x20, 0x66, 0x69, 0x6c, 0x65, 0x20, 0x6f, 0x6e, 0x20, 0x74, 0x68, 0x65, 0x20, 0x63,
  0x61, 0x72, 0x64, 0x20, 0x61, 0x6e, 0x64, 0x20, 0x72, 0x65, 0x74, 0x75, 0x72, 0x6e, 0x20, 0x62,
  0x79, 0x74, 0x65, 0x73, 0x20, 0x77, 0x72, 0x69, 0x74, 0x74, 0x65, 0x6e, 0x00, 0x45, 0x78, 0x65,
  0x63, 0x75, 0x74, 0x65, 0x20, 0x61, 0x6e, 0x20, 0x2e, 0x6d, 0x72, 0x62, 0x20, 0x66, 0x69, 0x6c,
  0x65, 0x20, 0x6b, 0x65, 0x65, 0x70, 0x69, 0x6e, 0x67, 0x20, 0x69, 0x74, 0x73, 0x20, 0x62, 0x79,
  0x74, 0x65, 0x63, 0x6f, 0x64, 0x65, 0x20, 0x72, 0x65, 0x73, 0x69, 0x64, 0x65, 0x6e, 0x74, 0x20,
  0x75, 0x6e, 0x74, 0x69, 0x6c, 0x20, 0x72, 0x65, 0x6c, 0x65, 0x61, 0x73, 0x65, 0x00, 0x52, 0x65,
  0x6c, 0x65, 0x61, 0x73, 0x65, 0x20, 0x61, 0x6c, 0x6c, 0x20, 0x62, 0x79, 0x74, 0x65, 0x63, 0x6f,
  0x64, 0x65, 0x20, 0x6b, 0x65, 0x70, 0x74, 0x20, 0x62, 0x79, 0x20, 0x61, 0x72, 0x65, 0x61, 0x35,
  0x31, 0x32, 0x5f, 0x65, 0x78, 0x65, 0x63, 0x5f, 0x6d, 0x72, 0x62, 0x5f, 0x66, 0x69, 0x6c, 0x65,
  0x5f, 0x6b, 0x65, 0x65, 0x70, 0x00, 0x54, 0x65, 0x72, 0x6d, 0x69, 0x6e, 0x61, 0x74, 0x65, 0x20,
  0x74, 0x68, 0x65, 0x20, 0x74, 0x61, 0x73, 0x6b, 0x20, 0x61, 0x6e, 0x64, 0x20, 0x72, 0x65, 0x6c,
  0x65, 0x61, 0x73, 0x65, 0x20, 0x6b, 0x65, 0x70, 0x74, 0x20, 0x63, 0x6f, 0x64, 0x65, 0x20, 0x61,
  0x6e, 0x64, 0x20, 0x63, 0x6f, 0x6d, 0x70, 0x69, 0x6c, 0x65, 0x72, 0x20, 0x72, 0x65, 0x73, 0x6f,
  0x75, 0x72, 0x63, 0x65, 0x73, 0x00, 0x43, 0x6f, 0x6d, 0x70, 0x69, 0x6c, 0x65, 0x20, 0x61, 0x20,
  0x52, 0x75, 0x62, 0x79, 0x20, 0x73, 0x63, 0x72, 0x69, 0x70, 0x74, 0x20, 0x73, 0x74, 0x72, 0x69,
  0x6e, 0x67, 0x3b, 0x20, 0x74, 0x72, 0x75, 0x65, 0x20, 0x6f, 0x6e, 0x20, 0x73, 0x75, 0x63, 0x63,
  0x65, 0x73, 0x73, 0x00, 0x43, 0x6f, 0x6d, 0x70, 0x69, 0x6c, 0x65, 0x20, 0x61, 0x20, 0x73, 0x63,
  0x72, 0x69, 0x70, 0x74, 0x20, 0x66, 0x72, 0x6f, 0x6d, 0x20, 0x61, 0x20, 0x6d, 0x65, 0x6d, 0x6f,
  0x72, 0x79, 0x20, 0x61, 0x64, 0x64, 0x72, 0x65, 0x73, 0x73, 0x20, 0x61, 0x6e, 0x64, 0x20, 0x73,
  0x69, 0x7a, 0x65, 0x00, 0x45, 0x78, 0x63, 0x65, 0x70, 0x74, 0x69, 0x6f, 0x6e, 0x20, 0x72, 0x61,
  0x69, 0x73, 0x65, 0x64, 0x20, 0x62, 0x79, 0x20, 0x74, 0x68, 0x65, 0x20, 0x74, 0x61, 0x73, 0x6b,
  0x2c, 0x20, 0x6f, 0x72, 0x20, 0x6e, 0x69, 0x6c, 0x00, 0x45, 0x78, 0x65, 0x63, 0x75, 0x74, 0x65,
  0x20, 0x70, 0x72, 0x65, 0x63, 0x6f, 0x6d, 0x70, 0x69, 0x6c, 0x65, 0x64, 0x20, 0x6d, 0x72, 0x62,
  0x20, 0x62, 0x79, 0x74, 0x65, 0x63, 0x6f, 0x64, 0x65, 0x00, 0x45, 0x78, 0x65, 0x63, 0x75, 0x74,
  0x65, 0x20, 0x6d, 0x72, 0x62, 0x20, 0x62, 0x79, 0x74, 0x65, 0x63, 0x6f, 0x64, 0x65, 0x20, 0x6c,
  0x6f, 0x63, 0x61, 0x74, 0x65, 0x64, 0x20, 0x61, 0x74, 0x20, 0x61, 0x20, 0x6d, 0x65, 0x6d, 0x6f,
  0x72, 0x79, 0x20, 0x61, 0x64, 0x64, 0x72, 0x65, 0x73, 0x73, 0x00, 0x53, 0x74, 0x61, 0x72, 0x74,
  0x20, 0x65, 0x78, 0x65, 0x63, 0x75, 0x74, 0x69, 0x6e, 0x67, 0x20, 0x74, 0x68, 0x65, 0x20, 0x63,
  0x6f, 0x6d, 0x70, 0x69, 0x6c, 0x65, 0x64, 0x20, 0x63, 0x6f, 0x64, 0x65, 0x20, 0x61, 0x73, 0x20,
  0x61, 0x20, 0x74, 0x61, 0x73, 0x6b, 0x00, 0x52, 0x65, 0x6c, 0x65, 0x61, 0x73, 0x65, 0x20, 0x63,
  0x6f, 0x6d, 0x70, 0x69, 0x6c, 0x65, 0x72, 0x20, 0x72, 0x65, 0x73, 0x6f, 0x75, 0x72, 0x63, 0x65,
  0x73, 0x00, 0x43, 0x6f, 0x6d, 0x70, 0x69, 0x6c, 0x65, 0x20, 0x6f, 0x72, 0x20, 0x65, 0x78, 0x65,
  0x63, 0x20, 0x61, 0x20, 0x2e, 0x72, 0x62, 0x2f, 0x2e, 0x6d, 0x72, 0x62, 0x20, 0x66, 0x69, 0x6c,
  0x65, 0x3b, 0x20, 0x6a, 0x6f, 0x69, 0x6e, 0x3a, 0x20, 0x77, 0x61, 0x69, 0x74, 0x73, 0x20, 0x66,
  0x6f, 0x72, 0x20, 0x63, 0x6f, 0x6d, 0x70, 0x6c, 0x65, 0x74, 0x69, 0x6f, 0x6e, 0x00, 0x45, 0x78,
  0x65, 0x63, 0x75, 0x74, 0x65, 0x20, 0x65, 0x61, 0x63, 0x68, 0x20, 0x2e, 0x6d, 0x72, 0x62, 0x20,
  0x6c, 0x69, 0x73, 0x74, 0x65, 0x64, 0x20, 0x69, 0x6e, 0x20, 0x61, 0x20, 0x6d, 0x61, 0x6e, 0x69,
  0x66, 0x65, 0x73, 0x74, 0x20, 0x66, 0x69, 0x6c, 0x65, 0x2c, 0x20, 0x6b, 0x65, 0x65, 0x70, 0x69,
  0x6e, 0x67, 0x20, 0x6c, 0x6f, 0x61, 0x64, 0x65, 0x64, 0x20, 0x63, 0x6f, 0x64, 0x65, 0x20, 0x72,
  0x65, 0x73, 0x69, 0x64, 0x65, 0x6e, 0x74, 0x00, 0x56, 0x61, 0x6c, 0x75, 0x65, 0x20, 0x6f, 0x66,
  0x20, 0x74, 0x68, 0x65, 0x20, 0x6c, 0x61, 0x73, 0x74, 0x20, 0x65, 0x78, 0x65, 0x63, 0x75, 0x74,
  0x65, 0x64, 0x20, 0x65, 0x78, 0x70, 0x72, 0x65, 0x73, 0x73, 0x69, 0x6f, 0x6e, 0x00, 0x52, 0x65,
  0x73, 0x75, 0x6d, 0x65, 0x20, 0x74, 0x68, 0x65, 0x20, 0x73, 0x75, 0x73, 0x70, 0x65, 0x6e, 0x64,
  0x65, 0x64, 0x20, 0x74, 0x61, 0x73, 0x6b, 0x00, 0x54, 0x61, 0x73, 0x6b, 0x20, 0x73, 0x74, 0x61,
  0x74, 0x65, 0x20, 0x73, 0x75, 0x63, 0x68, 0x20, 0x61, 0x73, 0x20, 0x3a, 0x44, 0x4f, 0x52, 0x4d,
  0x41, 0x4e, 0x54, 0x20, 0x6f, 0x72, 0x20, 0x3a, 0x53, 0x55, 0x53, 0x50, 0x45, 0x4e, 0x44, 0x45,
  0x44, 0x00, 0x53, 0x74, 0x6f, 0x70, 0x20, 0x74, 0x68, 0x65, 0x20, 0x72, 0x75, 0x6e, 0x6e, 0x69,
  0x6e, 0x67, 0x20, 0x74, 0x61, 0x73, 0x6b, 0x00, 0x53, 0x75, 0x73, 0x70, 0x65, 0x6e, 0x64, 0x20,
  0x74, 0x68, 0x65, 0x20, 0x72, 0x75, 0x6e, 0x6e, 0x69, 0x6e, 0x67, 0x20, 0x74, 0x61, 0x73, 0x6b,
  0x00, 0x54, 0x65, 0x72, 0x6d, 0x69, 0x6e, 0x61, 0x74, 0x65, 0x20, 0x74, 0x68, 0x65, 0x20, 0x74,
  0x61, 0x73, 0x6b, 0x00, 0x57, 0x61, 0x69, 0x74, 0x20, 0x75, 0x6e, 0x74, 0x69, 0x6c, 0x20, 0x74,
  0x68, 0x65, 0x20, 0x74, 0x61, 0x73, 0x6b, 0x20, 0x66, 0x69, 0x6e, 0x69, 0x73, 0x68, 0x65, 0x73,
  0x3b, 0x20, 0x74, 0x69, 0x6d, 0x65, 0x6f, 0x75, 0x74, 0x20, 0x69, 0x6e, 0x20, 0x6d, 0x73, 0x2c,
  0x20, 0x6e, 0x69, 0x6c, 0x20, 0x77, 0x61, 0x69, 0x74, 0x73, 0x20, 0x66, 0x6f, 0x72, 0x65, 0x76,
  0x65, 0x72, 0x00, 0x43, 0x72, 0x65, 0x61, 0x74, 0x65, 0x20, 0x61, 0x20, 0x73, 0x61, 0x6e, 0x64,
  0x62, 0x6f, 0x78, 0x20, 0x74, 0x61, 0x73, 0x6b, 0x3b, 0x20, 0x6f, 0x70, 0x74, 0x69, 0x6f, 0x6e,
  0x61, 0x6c, 0x20, 0x6e, 0x61, 0x6d, 0x65, 0x00, 0x44, 0x72, 0x61, 0x77, 0x20, 0x61, 0x20, 0x63,
  0x69, 0x72, 0x63, 0x6c, 0x65, 0x20, 0x6f, 0x75, 0x74, 0x6c, 0x69, 0x6e, 0x65, 0x20, 0x28, 0x78,
  0x2c, 0x20, 0x79, 0x2c, 0x20, 0x72, 0x2c, 0x20, 0x63, 0x6f, 0x6c, 0x6f, 0x72, 0x29, 0x00, 0x46,
  0x72, 0x65, 0x65, 0x20, 0x74, 0x68, 0x65, 0x20, 0x73, 0x70, 0x72, 0x69, 0x74, 0x65, 0x20, 0x62,
  0x75, 0x66, 0x66, 0x65, 0x72, 0x20, 0x69, 0x6d, 0x6d, 0x65, 0x64, 0x69, 0x61, 0x74, 0x65, 0x6c,
  0x79, 0x00, 0x46, 0x69, 0x6c, 0x6c, 0x20, 0x74, 0x68, 0x65, 0x20, 0x77, 0x68, 0x6f, 0x6c, 0x65,
  0x20, 0x73, 0x70, 0x72, 0x69, 0x74, 0x65, 0x20, 0x77, 0x69, 0x74, 0x68, 0x20, 0x61, 0x6e, 0x20,
  0x52, 0x47, 0x42, 0x38, 0x38, 0x38, 0x20, 0x63, 0x6f, 0x6c, 0x6f, 0x72, 0x00, 0x44, 0x72, 0x61,
  0x77, 0x20, 0x61, 0x20, 0x66, 0x69, 0x6c, 0x6c, 0x65, 0x64, 0x20, 0x63, 0x69, 0x72, 0x63, 0x6c,
  0x65, 0x20, 0x28, 0x78, 0x2c, 0x20, 0x79, 0x2c, 0x20, 0x72, 0x2c, 0x20, 0x63, 0x6f, 0x6c, 0x6f,
  0x72, 0x29, 0x00, 0x44, 0x72, 0x61, 0x77, 0x20, 0x61, 0x20, 0x66, 0x69, 0x6c, 0x6c, 0x65, 0x64,
  0x20, 0x72, 0x65, 0x63, 0x74, 0x61, 0x6e, 0x67, 0x6c, 0x65, 0x20, 0x28, 0x78, 0x2c, 0x20, 0x79,
  0x2c, 0x20, 0x77, 0x2c, 0x20, 0x68, 0x2c, 0x20, 0x63, 0x6f, 0x6c, 0x6f, 0x72, 0x29, 0x00, 0x53,
  0x70, 0x72, 0x69, 0x74, 0x65, 0x20, 0x68, 0x65, 0x69, 0x67, 0x68, 0x74, 0x20, 0x69, 0x6e, 0x20,
  0x70, 0x69, 0x78, 0x65, 0x6c, 0x73, 0x00, 0x44, 0x72, 0x61, 0x77, 0x20, 0x61, 0x20, 0x6c, 0x69,
  0x6e, 0x65, 0x20, 0x28, 0x78, 0x30, 0x2c, 0x20, 0x79, 0x30, 0x2c, 0x20, 0x78, 0x31, 0x2c, 0x20,
  0x79, 0x31, 0x2c, 0x20, 0x63, 0x6f, 0x6c, 0x6f, 0x72, 0x29, 0x00, 0x44, 0x72, 0x61, 0x77, 0x20,
  0x61, 0x20, 0x73, 0x69, 0x6e, 0x67, 0x6c, 0x65, 0x20, 0x70, 0x69, 0x78, 0x65, 0x6c, 0x20, 0x28,
  0x78, 0x2c, 0x20, 0x79, 0x2c, 0x20, 0x63, 0x6f, 0x6c, 0x6f, 0x72, 0x29, 0x00, 0x54, 0x72, 0x61,
  0x6e, 0x73, 0x66, 0x65, 0x72, 0x20, 0x74, 0x68, 0x65, 0x20, 0x73, 0x70, 0x72, 0x69, 0x74, 0x65,
  0x20, 0x74, 0x6f, 0x20, 0x74, 0x68, 0x65, 0x20, 0x73, 0x63, 0x72, 0x65, 0x65, 0x6e, 0x20, 0x61,
  0x74, 0x20, 0x28, 0x78, 0x2c, 0x20, 0x79, 0x29, 0x3b, 0x20, 0x6f, 0x70, 0x74, 0x69, 0x6f, 0x6e,
  0x61, 0x6c, 0x20, 0x33, 0x72, 0x64, 0x20, 0x61, 0x72, 0x67, 0x20, 0x69, 0x73, 0x20, 0x61, 0x20,
  0x74, 0x72, 0x61, 0x6e, 0x73, 0x70, 0x61, 0x72, 0x65, 0x6e, 0x74, 0x20, 0x63, 0x6f, 0x6c, 0x6f,
  0x72, 0x00, 0x44, 0x72, 0x61, 0x77, 0x20, 0x61, 0x20, 0x72, 0x65, 0x63, 0x74, 0x61, 0x6e, 0x67,
  0x6c, 0x65, 0x20, 0x6f, 0x75, 0x74, 0x6c, 0x69, 0x6e, 0x65, 0x20, 0x28, 0x78, 0x2c, 0x20, 0x79,
  0x2c, 0x20, 0x77, 0x2c, 0x20, 0x68, 0x2c, 0x20, 0x63, 0x6f, 0x6c, 0x6f, 0x72, 0x29, 0x00, 0x44,
  0x72, 0x61, 0x77, 0x20, 0x74, 0x65, 0x78, 0x74, 0x20, 0x61, 0x74, 0x20, 0x28, 0x78, 0x2c, 0x20,
  0x79, 0x2c, 0x20, 0x73, 0x74, 0x72, 0x2c, 0x20, 0x63, 0x6f, 0x6c, 0x6f, 0x72, 0x29, 0x3b, 0x20,
  0x65, 0x66, 0x6f, 0x6e, 0x74, 0x20, 0x73, 0x75, 0x70, 0x70, 0x6f, 0x72, 0x74, 0x73, 0x20, 0x4a,
  0x61, 0x70, 0x61, 0x6e, 0x65, 0x73, 0x65, 0x00, 0x53, 0x70, 0x72, 0x69, 0x74, 0x65, 0x20, 0x77,
  0x69, 0x64, 0x74, 0x68, 0x20, 0x69, 0x6e, 0x20, 0x70, 0x69, 0x78, 0x65, 0x6c, 0x73, 0x00, 0x43,
  0x72, 0x65, 0x61, 0x74, 0x65, 0x20, 0x61, 0x6e, 0x20, 0x6f, 0x66, 0x66, 0x2d, 0x73, 0x63, 0x72,
  0x65, 0x65, 0x6e, 0x20, 0x73, 0x70, 0x72, 0x69, 0x74, 0x65, 0x20, 0x6f, 0x66, 0x20, 0x74, 0x68,
  0x65, 0x20, 0x67, 0x69, 0x76, 0x65, 0x6e, 0x20, 0x77, 0x69, 0x64, 0x74, 0x68, 0x20, 0x61, 0x6e,
  0x64, 0x20, 0x68, 0x65, 0x69, 0x67, 0x68, 0x74, 0x00, 0x4d, 0x6f, 0x64, 0x61, 0x6c, 0x20, 0x6d,
  0x65, 0x73, 0x73, 0x61, 0x67, 0x65, 0x3b, 0x20, 0x72, 0x65, 0x74, 0x75, 0x72, 0x6e, 0x73, 0x20,
  0x6f, 0x6e, 0x20, 0x61, 0x6e, 0x79, 0x20, 0x6b, 0x65, 0x79, 0x00, 0x54, 0x68, 0x65, 0x6d, 0x65,
  0x20, 0x61, 0x63, 0x63, 0x65, 0x6e, 0x74, 0x20, 0x63, 0x6f, 0x6c, 0x6f, 0x72, 0x20, 0x66, 0x6f,
  0x72, 0x20, 0x66, 0x72, 0x61, 0x6d, 0x65, 0x73, 0x20, 0x61, 0x6e, 0x64, 0x20, 0x62, 0x61, 0x6e,
  0x64, 0x73, 0x20, 0x28, 0x30, 0x78, 0x46, 0x35, 0x39, 0x37, 0x32, 0x44, 0x29, 0x00, 0x49, 0x6e,
  0x76, 0x65, 0x72, 0x74, 0x65, 0x64, 0x20, 0x63, 0x68, 0x69, 0x70, 0x3a, 0x20, 0x61, 0x6d, 0x62,
  0x65, 0x72, 0x20, 0x66, 0x69, 0x6c, 0x6c, 0x2c, 0x20, 0x62, 0x61, 0x63, 0x6b, 0x67, 0x72, 0x6f,
  0x75, 0x6e, 0x64, 0x2d, 0x63, 0x6f, 0x6c, 0x6f, 0x72, 0x20, 0x74, 0x65, 0x78, 0x74, 0x20, 0x28,
  0x73, 0x70, 0x72, 0x69, 0x74, 0x65, 0x2c, 0x20, 0x78, 0x2c, 0x20, 0x79, 0x2c, 0x20, 0x74, 0x65,
  0x78, 0x74, 0x29, 0x00, 0x42, 0x61, 0x72, 0x20, 0x63, 0x68, 0x61, 0x72, 0x74, 0x3b, 0x20, 0x6d,
  0x61, 0x78, 0x20, 0x3c, 0x3d, 0x20, 0x30, 0x20, 0x61, 0x75, 0x74, 0x6f, 0x2d, 0x73, 0x63, 0x61,
  0x6c, 0x65, 0x73, 0x20, 0x74, 0x6f, 0x20, 0x74, 0x68, 0x65, 0x20, 0x64, 0x61, 0x74, 0x61, 0x20,
  0x28, 0x73, 0x70, 0x72, 0x69, 0x74, 0x65, 0x2c, 0x20, 0x78, 0x2c, 0x20, 0x79, 0x2c, 0x20, 0x77,
  0x2c, 0x20, 0x68, 0x2c, 0x20, 0x76, 0x61, 0x6c, 0x75, 0x65, 0x73, 0x2c, 0x20, 0x6d, 0x61, 0x78,
  0x29, 0x00, 0x42, 0x61, 0x74, 0x74, 0x65, 0x72, 0x79, 0x20, 0x69, 0x63, 0x6f, 0x6e, 0x20, 0x77,
  0x69, 0x74, 0x68, 0x20, 0x63, 0x68, 0x61, 0x72, 0x67, 0x65, 0x20, 0x6c, 0x65, 0x76, 0x65, 0x6c,
  0x20, 0x61, 0x74, 0x20, 0x28, 0x73, 0x70, 0x72, 0x69, 0x74, 0x65, 0x2c, 0x20, 0x78, 0x2c, 0x20,
  0x79, 0x29, 0x00, 0x54, 0x68, 0x65, 0x6d, 0x65, 0x20, 0x62, 0x61, 0x63, 0x6b, 0x67, 0x72, 0x6f,
  0x75, 0x6e, 0x64, 0x20, 0x63, 0x6f, 0x6c, 0x6f, 0x72, 0x20, 0x28, 0x30, 0x78, 0x30, 0x30, 0x30,
  0x30, 0x30, 0x30, 0x29, 0x00, 0x44, 0x72, 0x61, 0x77, 0x20, 0x74, 0x65, 0x78, 0x74, 0x20, 0x69,
  0x6e, 0x20, 0x74, 0x68, 0x65, 0x20, 0x32, 0x34, 0x70, 0x78, 0x20, 0x66, 0x6f, 0x6e, 0x74, 0x20,
  0x28, 0x73, 0x70, 0x72, 0x69, 0x74, 0x65, 0x2c, 0x20, 0x78, 0x2c, 0x20, 0x79, 0x2c, 0x20, 0x74,
  0x65, 0x78, 0x74, 0x2c, 0x20, 0x63, 0x6f, 0x6c, 0x6f, 0x72, 0x20, 0x3d, 0x20, 0x67, 0x6f, 0x6c,
  0x64, 0x29, 0x00, 0x4c, 0x61, 0x73, 0x74, 0x20, 0x79, 0x20, 0x61, 0x62, 0x6f, 0x76, 0x65, 0x20,
  0x74, 0x68, 0x65, 0x20, 0x66, 0x6f, 0x6f, 0x74, 0x65, 0x72, 0x20, 0x72, 0x75, 0x6c, 0x65, 0x00,
  0x48, 0x65, 0x69, 0x67, 0x68, 0x74, 0x20, 0x6f, 0x66, 0x20, 0x74, 0x68, 0x65, 0x20, 0x63, 0x6f,
  0x6e, 0x74, 0x65, 0x6e, 0x74, 0x20, 0x61, 0x72, 0x65, 0x61, 0x20, 0x62, 0x65, 0x74, 0x77, 0x65,
  0x65, 0x6e, 0x20, 0x68, 0x65, 0x61, 0x64, 0x65, 0x72, 0x20, 0x61, 0x6e, 0x64, 0x20, 0x66, 0x6f,
  0x6f, 0x74, 0x65, 0x72, 0x00, 0x46, 0x69, 0x72, 0x73, 0x74, 0x20, 0x79, 0x20, 0x62, 0x65, 0x6c,
  0x6f, 0x77, 0x20, 0x74, 0x68, 0x65, 0x20, 0x68, 0x65, 0x61, 0x64, 0x65, 0x72, 0x20, 0x62, 0x61,
  0x6e, 0x64, 0x00, 0x34, 0x2d, 0x70, 0x68, 0x61, 0x73, 0x65, 0x20, 0x62, 0x75, 0x73, 0x79, 0x20,
  0x6d, 0x61, 0x72, 0x6b, 0x65, 0x72, 0x3b, 0x20, 0x70, 0x61, 0x73, 0x73, 0x20, 0x61, 0x20, 0x66,
  0x72, 0x61, 0x6d, 0x65, 0x20, 0x63, 0x6f, 0x75, 0x6e, 0x74, 0x65, 0x72, 0x20, 0x28, 0x73, 0x70,
  0x72, 0x69, 0x74, 0x65, 0x2c, 0x20, 0x78, 0x2c, 0x20, 0x79, 0x2c, 0x20, 0x66, 0x72, 0x61, 0x6d,
  0x65, 0x29, 0x00, 0x42, 0x75, 0x74, 0x74, 0x6f, 0x6e, 0x20, 0x77, 0x69, 0x74, 0x68, 0x20, 0x63,
  0x65, 0x6e, 0x74, 0x65, 0x72, 0x65, 0x64, 0x20, 0x6c, 0x61, 0x62, 0x65, 0x6c, 0x20, 0x28, 0x73,
  0x70, 0x72, 0x69, 0x74, 0x65, 0x2c, 0x20, 0x78, 0x2c, 0x20, 0x79, 0x2c, 0x20, 0x77, 0x2c, 0x20,
  0x6c, 0x61, 0x62, 0x65, 0x6c, 0x2c, 0x20, 0x66, 0x6f, 0x63, 0x75, 0x73, 0x65, 0x64, 0x29, 0x00,
  0x54, 0x61, 0x62, 0x6c, 0x65, 0x20, 0x63, 0x65, 0x6c, 0x6c, 0x3b, 0x20, 0x73, 0x65, 0x6c, 0x65,
  0x63, 0x74, 0x65, 0x64, 0x20, 0x3d, 0x20, 0x64, 0x61, 0x72, 0x6b, 0x20, 0x66, 0x69, 0x6c, 0x6c,
  0x20, 0x2b, 0x20, 0x67, 0x6f, 0x6c, 0x64, 0x20, 0x66, 0x72, 0x61, 0x6d, 0x65, 0x20, 0x28, 0x73,
  0x70, 0x72, 0x69, 0x74, 0x65, 0x2c, 0x20, 0x78, 0x2c, 0x20, 0x79, 0x2c, 0x20, 0x77, 0x2c, 0x20,
  0x68, 0x2c, 0x20, 0x74, 0x65, 0x78, 0x74, 0x2c, 0x20, 0x73, 0x65, 0x6c, 0x65, 0x63, 0x74, 0x65,
  0x64, 0x29, 0x00, 0x56, 0x65, 0x72, 0x74, 0x69, 0x63, 0x61, 0x6c, 0x6c, 0x79, 0x20, 0x63, 0x65,
  0x6e, 0x74, 0x65, 0x72, 0x65, 0x64, 0x20, 0x6c, 0x69, 0x6e, 0x65, 0x73, 0x20, 0x66, 0x72, 0x6f,
  0x6d, 0x20, 0x5b, 0x5b, 0x74, 0x65, 0x78, 0x74, 0x2c, 0x20, 0x63, 0x6f, 0x6c, 0x6f, 0x72, 0x3f,
  0x5d, 0x2c, 0x20, 0x2e, 0x2e, 0x2e, 0x5d, 0x3b, 0x20, 0x22, 0x22, 0x20, 0x72, 0x6f, 0x77, 0x73,
  0x20, 0x61, 0x72, 0x65, 0x20, 0x73, 0x70, 0x61, 0x63, 0x65, 0x72, 0x73, 0x00, 0x41, 0x53, 0x43,
  0x49, 0x49, 0x20, 0x67, 0x6c, 0x79, 0x70, 0x68, 0x20, 0x77, 0x69, 0x64, 0x74, 0x68, 0x20, 0x69,
  0x6e, 0x20, 0x70, 0x78, 0x20, 0x61, 0x74, 0x20, 0x66, 0x6f, 0x6e, 0x74, 0x20, 0x31, 0x32, 0x20,
  0x28, 0x36, 0x29, 0x00, 0x43, 0x68, 0x65, 0x63, 0x6b, 0x62, 0x6f, 0x78, 0x20, 0x77, 0x69, 0x74,
  0x68, 0x20, 0x6c, 0x61, 0x62, 0x65, 0x6c, 0x20, 0x28, 0x73, 0x70, 0x72, 0x69, 0x74, 0x65, 0x2c,
  0x20, 0x78, 0x2c, 0x20, 0x79, 0x2c, 0x20, 0x6c, 0x61, 0x62, 0x65, 0x6c, 0x2c, 0x20, 0x63, 0x68,
  0x65, 0x63, 0x6b, 0x65, 0x64, 0x2c, 0x20, 0x66, 0x6f, 0x63, 0x75, 0x73, 0x65, 0x64, 0x29, 0x00,
  0x43, 0x6c, 0x69, 0x70, 0x20, 0x74, 0x65, 0x78, 0x74, 0x20, 0x74, 0x6f, 0x20, 0x61, 0x20, 0x70,
  0x69, 0x78, 0x65, 0x6c, 0x20, 0x77, 0x69, 0x64, 0x74, 0x68, 0x3b, 0x20, 0x65, 0x6e, 0x64, 0x73,
  0x20, 0x77, 0x69, 0x74, 0x68, 0x20, 0x22, 0x3e, 0x22, 0x20, 0x77, 0x68, 0x65, 0x6e, 0x20, 0x63,
  0x75, 0x74, 0x00, 0x4d, 0x6f, 0x64, 0x61, 0x6c, 0x20, 0x79, 0x2f, 0x6e, 0x20, 0x71, 0x75, 0x65,
  0x73, 0x74, 0x69, 0x6f, 0x6e, 0x3b, 0x20, 0x45, 0x53, 0x43, 0x20, 0x3d, 0x20, 0x66, 0x61, 0x6c,
  0x73, 0x65, 0x00, 0x54, 0x68, 0x65, 0x6d, 0x65, 0x20, 0x66, 0x69, 0x6c, 0x6c, 0x20, 0x63, 0x6f,
  0x6c, 0x6f, 0x72, 0x20, 0x66, 0x6f, 0x72, 0x20, 0x73, 0x65, 0x6c, 0x65, 0x63, 0x74, 0x65, 0x64,
  0x20, 0x72, 0x6f, 0x77, 0x73, 0x20, 0x61, 0x6e, 0x64, 0x20, 0x70, 0x61, 0x6e, 0x65, 0x6c, 0x73,
  0x20, 0x28, 0x30, 0x78, 0x32, 0x34, 0x31, 0x36, 0x30, 0x34, 0x29, 0x00, 0x4d, 0x6f, 0x64, 0x61,
  0x6c, 0x20, 0x6d, 0x65, 0x73, 0x73, 0x61, 0x67, 0x65, 0x20, 0x77, 0x69, 0x74, 0x68, 0x20, 0x61,
  0x20, 0x62, 0x75, 0x74, 0x74, 0x6f, 0x6e, 0x20, 0x72, 0x6f, 0x77, 0x3b, 0x20, 0x62, 0x75, 0x74,
  0x74, 0x6f, 0x6e, 0x20, 0x69, 0x6e, 0x64, 0x65, 0x78, 0x20, 0x6f, 0x72, 0x20, 0x6e, 0x69, 0x6c,
  0x20, 0x6f, 0x6e, 0x20, 0x45, 0x53, 0x43, 0x20, 0x28, 0x73, 0x70, 0x72, 0x69, 0x74, 0x65, 0x2c,
  0x20, 0x6d, 0x65, 0x73, 0x73, 0x61, 0x67, 0x65, 0x2c, 0x20, 0x62, 0x75, 0x74, 0x74, 0x6f, 0x6e,
  0x73, 0x29, 0x00, 0x54, 0x68, 0x65, 0x6d, 0x65, 0x20, 0x6e, 0x6f, 0x72, 0x6d, 0x61, 0x6c, 0x2d,
  0x74, 0x65, 0x78, 0x74, 0x20, 0x63, 0x6f, 0x6c, 0x6f, 0x72, 0x20, 0x28, 0x30, 0x78, 0x43, 0x46,
  0x41, 0x34, 0x35, 0x46, 0x29, 0x00, 0x53, 0x65, 0x74, 0x74, 0x69, 0x6e, 0x67, 0x73, 0x20, 0x72,
  0x6f, 0x77, 0x3a, 0x20, 0x64, 0x69, 0x6d, 0x20, 0x6c, 0x61, 0x62, 0x65, 0x6c, 0x20, 0x6c, 0x65,
  0x66, 0x74, 0x2c, 0x20, 0x67, 0x6f, 0x6c, 0x64, 0x20, 0x76, 0x61, 0x6c, 0x75, 0x65, 0x20, 0x72,
  0x69, 0x67, 0x68, 0x74, 0x20, 0x28, 0x73, 0x70, 0x72, 0x69, 0x74, 0x65, 0x2c, 0x20, 0x78, 0x2c,
  0x20, 0x79, 0x2c, 0x20, 0x77, 0x2c, 0x20, 0x6c, 0x61, 0x62, 0x65, 0x6c, 0x2c, 0x20, 0x76, 0x61,
  0x6c, 0x75, 0x65, 0x2c, 0x20, 0x66, 0x6f, 0x63, 0x75, 0x73, 0x65, 0x64, 0x29, 0x00, 0x42, 0x6f,
  0x74, 0x74, 0x6f, 0x6d, 0x20, 0x72, 0x75, 0x6c, 0x65, 0x20, 0x2b, 0x20, 0x63, 0x6c, 0x69, 0x70,
  0x70, 0x65, 0x64, 0x20, 0x6d, 0x65, 0x73, 0x73, 0x61, 0x67, 0x65, 0x00, 0x52, 0x65, 0x61, 0x64,
  0x2d, 0x6f, 0x6e, 0x6c, 0x79, 0x20, 0x70, 0x72, 0x6f, 0x67, 0x72, 0x65, 0x73, 0x73, 0x20, 0x62,
  0x61, 0x72, 0x20, 0x28, 0x73, 0x70, 0x72, 0x69, 0x74, 0x65, 0x2c, 0x20, 0x78, 0x2c, 0x20, 0x79,
  0x2c, 0x20, 0x77, 0x2c, 0x20, 0x76, 0x61, 0x6c, 0x75, 0x65, 0x2c, 0x20, 0x6d, 0x61, 0x78, 0x29,
  0x00, 0x54, 0x68, 0x65, 0x6d, 0x65, 0x20, 0x73, 0x65, 0x6c, 0x65, 0x63, 0x74, 0x69, 0x6f, 0x6e,
  0x2f, 0x74, 0x69, 0x74, 0x6c, 0x65, 0x20, 0x63, 0x6f, 0x6c, 0x6f, 0x72, 0x20, 0x28, 0x30, 0x78,
  0x46, 0x46, 0x44, 0x39, 0x36, 0x36, 0x29, 0x00, 0x54, 0x6f, 0x70, 0x20, 0x62, 0x61, 0x6e, 0x64,
  0x3a, 0x20, 0x67, 0x6f, 0x6c, 0x64, 0x20, 0x74, 0x69, 0x74, 0x6c, 0x65, 0x2c, 0x20, 0x64, 0x69,
  0x6d, 0x20, 0x72, 0x69, 0x67, 0x68, 0x74, 0x2d, 0x61, 0x6c, 0x69, 0x67, 0x6e, 0x65, 0x64, 0x20,
  0x74, 0x65, 0x78, 0x74, 0x20, 0x28, 0x73, 0x70, 0x72, 0x69, 0x74, 0x65, 0x2c, 0x20, 0x74, 0x69,
  0x74, 0x6c, 0x65, 0x2c, 0x20, 0x72, 0x69, 0x67, 0x68, 0x74, 0x20, 0x3d, 0x20, 0x22, 0x22, 0x29,
  0x00, 0x48, 0x65, 0x61, 0x64, 0x65, 0x72, 0x20, 0x62, 0x61, 0x6e, 0x64, 0x20, 0x68, 0x65, 0x69,
  0x67, 0x68, 0x74, 0x20, 0x28, 0x31, 0x37, 0x29, 0x00, 0x46, 0x6f, 0x6f, 0x74, 0x65, 0x72, 0x2d,
  0x70, 0x6f, 0x73, 0x69, 0x74, 0x69, 0x6f, 0x6e, 0x20, 0x6b, 0x65, 0x79, 0x20, 0x63, 0x68, 0x69,
  0x70, 0x73, 0x20, 0x66, 0x72, 0x6f, 0x6d, 0x20, 0x5b, 0x5b, 0x6b, 0x65, 0x79, 0x2c, 0x20, 0x6c,
  0x61, 0x62, 0x65, 0x6c, 0x5d, 0x2c, 0x20, 0x2e, 0x2e, 0x2e, 0x5d, 0x00, 0x48, 0x6f, 0x72, 0x69,
  0x7a, 0x6f, 0x6e, 0x74, 0x61, 0x6c, 0x20, 0x73, 0x63, 0x72, 0x6f, 0x6c, 0x6c, 0x62, 0x61, 0x72,
  0x20, 0x28, 0x73, 0x70, 0x72, 0x69, 0x74, 0x65, 0x2c, 0x20, 0x78, 0x2c, 0x20, 0x79, 0x2c, 0x20,
  0x77, 0x2c, 0x20, 0x6c, 0x65, 0x66, 0x74, 0x2c, 0x20, 0x76, 0x69, 0x73, 0x69, 0x62, 0x6c, 0x65,
  0x2c, 0x20, 0x74, 0x6f, 0x74, 0x61, 0x6c, 0x29, 0x00, 0x4d, 0x6f, 0x64, 0x61, 0x6c, 0x20, 0x6f,
  0x6e, 0x65, 0x2d, 0x6c, 0x69, 0x6e, 0x65, 0x20, 0x74, 0x65, 0x78, 0x74, 0x20, 0x69, 0x6e, 0x70,
  0x75, 0x74, 0x3b, 0x20, 0x53, 0x74, 0x72, 0x69, 0x6e, 0x67, 0x20, 0x6f, 0x6e, 0x20, 0x45, 0x6e,
  0x74, 0x65, 0x72, 0x2c, 0x20, 0x6e, 0x69, 0x6c, 0x20, 0x6f, 0x6e, 0x20, 0x45, 0x53, 0x43, 0x20,
  0x28, 0x73, 0x70, 0x72, 0x69, 0x74, 0x65, 0x2c, 0x20, 0x6c, 0x61, 0x62, 0x65, 0x6c, 0x2c, 0x20,
  0x69, 0x6e, 0x69, 0x74, 0x69, 0x61, 0x6c, 0x20, 0x3d, 0x20, 0x22, 0x22, 0x29, 0x00, 0x4d, 0x6f,
  0x64, 0x61, 0x6c, 0x20, 0x6e, 0x75, 0x6d, 0x62, 0x65, 0x72, 0x20, 0x69, 0x6e, 0x70, 0x75, 0x74,
  0x20, 0x63, 0x6c, 0x61, 0x6d, 0x70, 0x65, 0x64, 0x20, 0x74, 0x6f, 0x20, 0x6d, 0x69, 0x6e, 0x2e,
  0x2e, 0x6d, 0x61, 0x78, 0x3b, 0x20, 0x6e, 0x69, 0x6c, 0x20, 0x6f, 0x6e, 0x20, 0x45, 0x53, 0x43,
  0x20, 0x28, 0x73, 0x70, 0x72, 0x69, 0x74, 0x65, 0x2c, 0x20, 0x6c, 0x61, 0x62, 0x65, 0x6c, 0x2c,
  0x20, 0x69, 0x6e, 0x69, 0x74, 0x69, 0x61, 0x6c, 0x2c, 0x20, 0x6d, 0x69, 0x6e, 0x2c, 0x20, 0x6d,
  0x61, 0x78, 0x29, 0x00, 0x50, 0x6f, 0x6c, 0x79, 0x6c, 0x69, 0x6e, 0x65, 0x20, 0x63, 0x68, 0x61,
  0x72, 0x74, 0x3b, 0x20, 0x6d, 0x61, 0x78, 0x20, 0x3c, 0x3d, 0x20, 0x30, 0x20, 0x61, 0x75, 0x74,
  0x6f, 0x2d, 0x73, 0x63, 0x61, 0x6c, 0x65, 0x73, 0x20, 0x74, 0x6f, 0x20, 0x74, 0x68, 0x65, 0x20,
  0x64, 0x61, 0x74, 0x61, 0x20, 0x28, 0x73, 0x70, 0x72, 0x69, 0x74, 0x65, 0x2c, 0x20, 0x78, 0x2c,
  0x20, 0x79, 0x2c, 0x20, 0x77, 0x2c, 0x20, 0x68, 0x2c, 0x20, 0x76, 0x61, 0x6c, 0x75, 0x65, 0x73,
  0x2c, 0x20, 0x6d, 0x61, 0x78, 0x29, 0x00, 0x48, 0x6f, 0x72, 0x69, 0x7a, 0x6f, 0x6e, 0x74, 0x61,
  0x6c, 0x6c, 0x79, 0x20, 0x73, 0x63, 0x72, 0x6f, 0x6c, 0x6c, 0x69, 0x6e, 0x67, 0x20, 0x74, 0x65,
  0x78, 0x74, 0x3b, 0x20, 0x72, 0x65, 0x74, 0x75, 0x72, 0x6e, 0x73, 0x20, 0x74, 0x65, 0x78, 0x74,
  0x20, 0x70, 0x78, 0x20, 0x77, 0x69, 0x64, 0x74, 0x68, 0x20, 0x28, 0x73, 0x70, 0x72, 0x69, 0x74,
  0x65, 0x2c, 0x20, 0x78, 0x2c, 0x20, 0x79, 0x2c, 0x20, 0x77, 0x2c, 0x20, 0x74, 0x65, 0x78, 0x74,
  0x2c, 0x20, 0x6f, 0x66, 0x66, 0x73, 0x65, 0x74, 0x29, 0x00, 0x4d, 0x6f, 0x64, 0x61, 0x6c, 0x20,
  0x69, 0x74, 0x65, 0x6d, 0x20, 0x70, 0x69, 0x63, 0x6b, 0x65, 0x72, 0x3b, 0x20, 0x69, 0x74, 0x65,
  0x6d, 0x20, 0x69, 0x6e, 0x64, 0x65, 0x78, 0x20, 0x6f, 0x72, 0x20, 0x6e, 0x69, 0x6c, 0x20, 0x6f,
  0x6e, 0x20, 0x45, 0x53, 0x43, 0x20, 0x28, 0x73, 0x70, 0x72, 0x69, 0x74, 0x65, 0x2c, 0x20, 0x74,
  0x69, 0x74, 0x6c, 0x65, 0x2c, 0x20, 0x69, 0x74, 0x65, 0x6d, 0x73, 0x2c, 0x20, 0x69, 0x6e, 0x69,
  0x74, 0x69, 0x61, 0x6c, 0x20, 0x3d, 0x20, 0x30, 0x29, 0x00, 0x43, 0x65, 0x6e, 0x74, 0x65, 0x72,
  0x65, 0x64, 0x20, 0x70, 0x61, 0x67, 0x65, 0x2d, 0x69, 0x6e, 0x64, 0x69, 0x63, 0x61, 0x74, 0x6f,
  0x72, 0x20, 0x64, 0x6f, 0x74, 0x73, 0x20, 0x28, 0x73, 0x70, 0x72, 0x69, 0x74, 0x65, 0x2c, 0x20,
  0x79, 0x2c, 0x20, 0x63, 0x6f, 0x75, 0x6e, 0x74, 0x2c, 0x20, 0x61, 0x63, 0x74, 0x69, 0x76, 0x65,
  0x29, 0x00, 0x44, 0x61, 0x72, 0x6b, 0x20, 0x66, 0x69, 0x6c, 0x6c, 0x20, 0x2b, 0x20, 0x61, 0x6d,
  0x62, 0x65, 0x72, 0x20, 0x66, 0x72, 0x61, 0x6d, 0x65, 0x20, 0x28, 0x73, 0x70, 0x72, 0x69, 0x74,
  0x65, 0x2c, 0x20, 0x78, 0x2c, 0x20, 0x79, 0x2c, 0x20, 0x77, 0x2c, 0x20, 0x68, 0x29, 0x00, 0x52,
  0x61, 0x64, 0x69, 0x6f, 0x20, 0x62, 0x75, 0x74, 0x74, 0x6f, 0x6e, 0x20, 0x77, 0x69, 0x74, 0x68,
  0x20, 0x6c, 0x61, 0x62, 0x65, 0x6c, 0x20, 0x28, 0x73, 0x70, 0x72, 0x69, 0x74, 0x65, 0x2c, 0x20,
  0x78, 0x2c, 0x20, 0x79, 0x2c, 0x20, 0x6c, 0x61, 0x62, 0x65, 0x6c, 0x2c, 0x20, 0x73, 0x65, 0x6c,
  0x65, 0x63, 0x74, 0x65, 0x64, 0x2c, 0x20, 0x66, 0x6f, 0x63, 0x75, 0x73, 0x65, 0x64, 0x29, 0x00,
  0x52, 0x65, 0x61, 0x64, 0x20, 0x6f, 0x6e, 0x65, 0x20, 0x6b, 0x65, 0x79, 0x3a, 0x20, 0x22, 0x55,
  0x50, 0x22, 0x20, 0x22, 0x44, 0x4f, 0x57, 0x4e, 0x22, 0x20, 0x22, 0x4c, 0x45, 0x46, 0x54, 0x22,
  0x20, 0x22, 0x52, 0x49, 0x47, 0x48, 0x54, 0x22, 0x20, 0x22, 0x45, 0x4e, 0x54, 0x45, 0x52, 0x22,
  0x20, 0x22, 0x45, 0x53, 0x43, 0x22, 0x20, 0x22, 0x42, 0x53, 0x22, 0x20, 0x6f, 0x72, 0x20, 0x61,
  0x20, 0x31, 0x2d, 0x63, 0x68, 0x61, 0x72, 0x20, 0x73, 0x74, 0x72, 0x69, 0x6e, 0x67, 0x00, 0x53,
  0x74, 0x61, 0x6e, 0x64, 0x61, 0x72, 0x64, 0x20, 0x6c, 0x69, 0x73, 0x74, 0x2f, 0x74, 0x61, 0x62,
  0x6c, 0x65, 0x20, 0x72, 0x6f, 0x77, 0x20, 0x68, 0x65, 0x69, 0x67, 0x68, 0x74, 0x20, 0x28, 0x31,
  0x36, 0x29, 0x00, 0x56, 0x65, 0x72, 0x74, 0x69, 0x63, 0x61, 0x6c, 0x20, 0x73, 0x63, 0x72, 0x6f,
  0x6c, 0x6c, 0x62, 0x61, 0x72, 0x3b, 0x20, 0x68, 0x69, 0x64, 0x64, 0x65, 0x6e, 0x20, 0x77, 0x68,
  0x65, 0x6e, 0x20, 0x74, 0x6f, 0x74, 0x61, 0x6c, 0x20, 0x3c, 0x3d, 0x20, 0x76, 0x69, 0x73, 0x69,
  0x62, 0x6c, 0x65, 0x20, 0x28, 0x73, 0x70, 0x72, 0x69, 0x74, 0x65, 0x2c, 0x20, 0x78, 0x2c, 0x20,
  0x79, 0x2c, 0x20, 0x68, 0x2c, 0x20, 0x74, 0x6f, 0x70, 0x2c, 0x20, 0x76, 0x69, 0x73, 0x69, 0x62,
  0x6c, 0x65, 0x2c, 0x20, 0x74, 0x6f, 0x74, 0x61, 0x6c, 0x29, 0x00, 0x46, 0x75, 0x6c, 0x6c, 0x2d,
  0x77, 0x69, 0x64, 0x74, 0x68, 0x20, 0x68, 0x6f, 0x72, 0x69, 0x7a, 0x6f, 0x6e, 0x74, 0x61, 0x6c,
  0x20, 0x72, 0x75, 0x6c, 0x65, 0x20, 0x61, 0x74, 0x20, 0x79, 0x00, 0x54, 0x72, 0x61, 0x63, 0x6b,
  0x20, 0x2b, 0x20, 0x6b, 0x6e, 0x6f, 0x62, 0x20, 0x28, 0x73, 0x70, 0x72, 0x69, 0x74, 0x65, 0x2c,
  0x20, 0x78, 0x2c, 0x20, 0x79, 0x2c, 0x20, 0x77, 0x2c, 0x20, 0x76, 0x61, 0x6c, 0x75, 0x65, 0x2c,
  0x20, 0x6d, 0x61, 0x78, 0x2c, 0x20, 0x66, 0x6f, 0x63, 0x75, 0x73, 0x65, 0x64, 0x29, 0x00, 0x22,
  0x3c, 0x20, 0x74, 0x65, 0x78, 0x74, 0x20, 0x3e, 0x22, 0x20, 0x76, 0x61, 0x6c, 0x75, 0x65, 0x20,
  0x63, 0x68, 0x6f, 0x6f, 0x73, 0x65, 0x72, 0x3b, 0x20, 0x74, 0x68, 0x65, 0x20, 0x61, 0x70, 0x70,
  0x20, 0x68, 0x61, 0x6e, 0x64, 0x6c, 0x65, 0x73, 0x20, 0x6c, 0x65, 0x66, 0x74, 0x2f, 0x72, 0x69,
  0x67, 0x68, 0x74, 0x20, 0x6b, 0x65, 0x79, 0x73, 0x20, 0x28, 0x73, 0x70, 0x72, 0x69, 0x74, 0x65,
  0x2c, 0x20, 0x78, 0x2c, 0x20, 0x79, 0x2c, 0x20, 0x77, 0x2c, 0x20, 0x74, 0x65, 0x78, 0x74, 0x2c,
  0x20, 0x66, 0x6f, 0x63, 0x75, 0x73, 0x65, 0x64, 0x29, 0x00, 0x46, 0x75, 0x6c, 0x6c, 0x2d, 0x73,
  0x63, 0x72, 0x65, 0x65, 0x6e, 0x20, 0x74, 0x69, 0x74, 0x6c, 0x65, 0x20, 0x69, 0x6e, 0x20, 0x74,
  0x68, 0x65, 0x20, 0x32, 0x34, 0x70, 0x78, 0x20, 0x66, 0x6f, 0x6e, 0x74, 0x20, 0x28, 0x73, 0x70,
  0x72, 0x69, 0x74, 0x65, 0x2c, 0x20, 0x74, 0x69, 0x74, 0x6c, 0x65, 0x2c, 0x20, 0x73, 0x75, 0x62,
  0x74, 0x69, 0x74, 0x6c, 0x65, 0x20, 0x3d, 0x20, 0x22, 0x22, 0x29, 0x00, 0x43, 0x6f, 0x6c, 0x75,
  0x6d, 0x6e, 0x20, 0x68, 0x65, 0x61, 0x64, 0x65, 0x72, 0x20, 0x72, 0x6f, 0x77, 0x20, 0x28, 0x73,
  0x70, 0x72, 0x69, 0x74, 0x65, 0x2c, 0x20, 0x78, 0x2c, 0x20, 0x79, 0x2c, 0x20, 0x77, 0x69, 0x64,
  0x74, 0x68, 0x73, 0x2c, 0x20, 0x6c, 0x61, 0x62, 0x65, 0x6c, 0x73, 0x29, 0x00, 0x52, 0x6f, 0x77,
  0x20, 0x6f, 0x66, 0x20, 0x63, 0x65, 0x6c, 0x6c, 0x73, 0x20, 0x28, 0x73, 0x70, 0x72, 0x69, 0x74,
  0x65, 0x2c, 0x20, 0x78, 0x2c, 0x20, 0x79, 0x2c, 0x20, 0x77, 0x69, 0x64, 0x74, 0x68, 0x73, 0x2c,
  0x20, 0x74, 0x65, 0x78, 0x74, 0x73, 0x2c, 0x20, 0x73, 0x65, 0x6c, 0x65, 0x63, 0x74, 0x65, 0x64,
  0x29, 0x00, 0x54, 0x61, 0x62, 0x20, 0x62, 0x61, 0x72, 0x20, 0x61, 0x74, 0x20, 0x79, 0x3b, 0x20,
  0x61, 0x63, 0x74, 0x69, 0x76, 0x65, 0x20, 0x74, 0x61, 0x62, 0x20, 0x68, 0x69, 0x67, 0x68, 0x6c,
  0x69, 0x67, 0x68, 0x74, 0x65, 0x64, 0x20, 0x28, 0x73, 0x70, 0x72, 0x69, 0x74, 0x65, 0x2c, 0x20,
  0x79, 0x2c, 0x20, 0x6c, 0x61, 0x62, 0x65, 0x6c, 0x73, 0x2c, 0x20, 0x61, 0x63, 0x74, 0x69, 0x76,
  0x65, 0x29, 0x00, 0x48, 0x6f, 0x72, 0x69, 0x7a, 0x6f, 0x6e, 0x74, 0x61, 0x6c, 0x6c, 0x79, 0x20,
  0x63, 0x65, 0x6e, 0x74, 0x65, 0x72, 0x65, 0x64, 0x20, 0x74, 0x65, 0x78, 0x74, 0x20, 0x28, 0x73,
  0x70, 0x72, 0x69, 0x74, 0x65, 0x2c, 0x20, 0x79, 0x2c, 0x20, 0x74, 0x65, 0x78, 0x74, 0x2c, 0x20,
  0x63, 0x6f, 0x6c, 0x6f, 0x72, 0x20, 0x3d, 0x20, 0x64, 0x69, 0x6d, 0x29, 0x00, 0x52, 0x69, 0x67,
  0x68, 0x74, 0x2d, 0x61, 0x6c, 0x69, 0x67, 0x6e, 0x65, 0x64, 0x20, 0x74, 0x65, 0x78, 0x74, 0x20,
  0x28, 0x73, 0x70, 0x72, 0x69, 0x74, 0x65, 0x2c, 0x20, 0x72, 0x69, 0x67, 0x68, 0x74, 0x5f, 0x78,
  0x2c, 0x20, 0x79, 0x2c, 0x20, 0x74, 0x65, 0x78, 0x74, 0x2c, 0x20, 0x63, 0x6f, 0x6c, 0x6f, 0x72,
  0x20, 0x3d, 0x20, 0x64, 0x69, 0x6d, 0x29, 0x00, 0x4d, 0x65, 0x61, 0x73, 0x75, 0x72, 0x65, 0x64,
  0x20, 0x74, 0x65, 0x78, 0x74, 0x20, 0x77, 0x69, 0x64, 0x74, 0x68, 0x20, 0x69, 0x6e, 0x20, 0x70,
  0x78, 0x20, 0x28, 0x63, 0x6f, 0x72, 0x72, 0x65, 0x63, 0x74, 0x20, 0x66, 0x6f, 0x72, 0x20, 0x4a,
  0x61, 0x70, 0x61, 0x6e, 0x65, 0x73, 0x65, 0x29, 0x00, 0x50, 0x61, 0x6e, 0x65, 0x6c, 0x20, 0x77,
  0x69, 0x74, 0x68, 0x20, 0x61, 0x20, 0x67, 0x6f, 0x6c, 0x64, 0x20, 0x74, 0x69, 0x74, 0x6c, 0x65,
  0x20, 0x72, 0x6f, 0x77, 0x20, 0x28, 0x73, 0x70, 0x72, 0x69, 0x74, 0x65, 0x2c, 0x20, 0x78, 0x2c,
  0x20, 0x79, 0x2c, 0x20, 0x77, 0x2c, 0x20, 0x68, 0x2c, 0x20, 0x74, 0x69, 0x74, 0x6c, 0x65, 0x29,
  0x00, 0x42, 0x6f, 0x74, 0x74, 0x6f, 0x6d, 0x2d, 0x63, 0x65, 0x6e, 0x74, 0x65, 0x72, 0x20, 0x6d,
  0x65, 0x73, 0x73, 0x61, 0x67, 0x65, 0x20, 0x63, 0x68, 0x69, 0x70, 0x3b, 0x20, 0x74, 0x68, 0x65,
  0x20, 0x61, 0x70, 0x70, 0x20, 0x64, 0x65, 0x63, 0x69, 0x64, 0x65, 0x73, 0x20, 0x68, 0x6f, 0x77,
  0x20, 0x6c, 0x6f, 0x6e, 0x67, 0x20, 0x74, 0x6f, 0x20, 0x73, 0x68, 0x6f, 0x77, 0x20, 0x69, 0x74,
  0x00, 0x4f, 0x4e, 0x2f, 0x4f, 0x46, 0x46, 0x20, 0x74, 0x6f, 0x67, 0x67, 0x6c, 0x65, 0x20, 0x70,
  0x69, 0x6c, 0x6c, 0x20, 0x28, 0x73, 0x70, 0x72, 0x69, 0x74, 0x65, 0x2c, 0x20, 0x78, 0x2c, 0x20,
  0x79, 0x2c, 0x20, 0x6f, 0x6e, 0x2c, 0x20, 0x66, 0x6f, 0x63, 0x75, 0x73, 0x65, 0x64, 0x29, 0x00,
  0x56, 0x65, 0x72, 0x74, 0x69, 0x63, 0x61, 0x6c, 0x20, 0x72, 0x75, 0x6c, 0x65, 0x20, 0x28, 0x73,
  0x70, 0x72, 0x69, 0x74, 0x65, 0x2c, 0x20, 0x78, 0x2c, 0x20, 0x79, 0x2c, 0x20, 0x68, 0x29, 0x00,
  0x57, 0x6f, 0x72, 0x64, 0x2d, 0x77, 0x72, 0x61, 0x70, 0x70, 0x65, 0x64, 0x20, 0x74, 0x65, 0x78,
  0x74, 0x20, 0x69, 0x6e, 0x20, 0x61, 0x20, 0x62, 0x6f, 0x78, 0x3b, 0x20, 0x72, 0x65, 0x74, 0x75,
  0x72, 0x6e, 0x73, 0x20, 0x6c, 0x69, 0x6e, 0x65, 0x73, 0x20, 0x64, 0x72, 0x61, 0x77, 0x6e, 0x20,
  0x28, 0x73, 0x70, 0x72, 0x69, 0x74, 0x65, 0x2c, 0x20, 0x78, 0x2c, 0x20, 0x79, 0x2c, 0x20, 0x77,
  0x2c, 0x20, 0x68, 0x2c, 0x20, 0x74, 0x65, 0x78, 0x74, 0x2c, 0x20, 0x63, 0x6f, 0x6c, 0x6f, 0x72,
  0x20, 0x3d, 0x20, 0x64, 0x69, 0x6d, 0x29, 0x00, 0x41, 0x70, 0x70, 0x65, 0x6e, 0x64, 0x20, 0x61,
  0x20, 0x72, 0x6f, 0x77, 0x3b, 0x20, 0x6f, 0x70, 0x74, 0x69, 0x6f, 0x6e, 0x61, 0x6c, 0x20, 0x74,
  0x61, 0x67, 0x20, 0x69, 0x73, 0x20, 0x64, 0x72, 0x61, 0x77, 0x6e, 0x20, 0x61, 0x6d, 0x62, 0x65,
  0x72, 0x20, 0x6f, 0x6e, 0x20, 0x74, 0x68, 0x65, 0x20, 0x6c, 0x65, 0x66, 0x74, 0x20, 0x28, 0x74,
  0x65, 0x78, 0x74, 0x2c, 0x20, 0x74, 0x61, 0x67, 0x20, 0x3d, 0x20, 0x22, 0x22, 0x29, 0x00, 0x53,
  0x65, 0x74, 0x20, 0x74, 0x68, 0x65, 0x20, 0x64, 0x72, 0x61, 0x77, 0x69, 0x6e, 0x67, 0x20, 0x61,
  0x72, 0x65, 0x61, 0x3b, 0x20, 0x64, 0x65, 0x66, 0x61, 0x75, 0x6c, 0x74, 0x20, 0x69, 0x73, 0x20,
  0x74, 0x68, 0x65, 0x20, 0x77, 0x68, 0x6f, 0x6c, 0x65, 0x20, 0x62, 0x6f, 0x64, 0x79, 0x20, 0x61,
  0x72, 0x65, 0x61, 0x00, 0x52, 0x65, 0x6d, 0x6f, 0x76, 0x65, 0x20, 0x61, 0x6c, 0x6c, 0x20, 0x72,
  0x6f, 0x77, 0x73, 0x00, 0x4e, 0x75, 0x6d, 0x62, 0x65, 0x72, 0x20, 0x6f, 0x66, 0x20, 0x72, 0x6f,
  0x77, 0x73, 0x00, 0x44, 0x72, 0x61, 0x77, 0x20, 0x72, 0x6f, 0x77, 0x73, 0x2c, 0x20, 0x73, 0x65,
  0x6c, 0x65, 0x63, 0x74, 0x69, 0x6f, 0x6e, 0x2c, 0x20, 0x6d, 0x61, 0x72, 0x6b, 0x73, 0x2c, 0x20,
  0x61, 0x6e, 0x64, 0x20, 0x74, 0x68, 0x65, 0x20, 0x73, 0x63, 0x72, 0x6f, 0x6c, 0x6c, 0x62, 0x61,
  0x72, 0x20, 0x77, 0x68, 0x65, 0x6e, 0x20, 0x6e, 0x65, 0x65, 0x64, 0x65, 0x64, 0x00, 0x54, 0x65,
  0x78, 0x74, 0x20, 0x73, 0x68, 0x6f, 0x77, 0x6e, 0x20, 0x63, 0x65, 0x6e, 0x74, 0x65, 0x72, 0x65,
  0x64, 0x20, 0x77, 0x68, 0x65, 0x6e, 0x20, 0x74, 0x68, 0x65, 0x20, 0x6c, 0x69, 0x73, 0x74, 0x20,
  0x69, 0x73, 0x20, 0x65, 0x6d, 0x70, 0x74, 0x79, 0x00, 0x43, 0x6f, 0x6e, 0x73, 0x75, 0x6d, 0x65,
  0x20, 0x55, 0x50, 0x2f, 0x44, 0x4f, 0x57, 0x4e, 0x2c, 0x20, 0x6b, 0x2f, 0x6a, 0x2c, 0x20, 0x3b,
  0x2f, 0x2e, 0x20, 0x63, 0x75, 0x72, 0x73, 0x6f, 0x72, 0x20, 0x6b, 0x65, 0x79, 0x73, 0x3b, 0x20,
  0x74, 0x72, 0x75, 0x65, 0x20, 0x77, 0x68, 0x65, 0x6e, 0x20, 0x63, 0x6f, 0x6e, 0x73, 0x75, 0x6d,
  0x65, 0x64, 0x00, 0x43, 0x75, 0x72, 0x73, 0x6f, 0x72, 0x20, 0x72, 0x6f, 0x77, 0x00, 0x4d, 0x6f,
  0x76, 0x65, 0x20, 0x74, 0x68, 0x65, 0x20, 0x63, 0x75, 0x72, 0x73, 0x6f, 0x72, 0x20, 0x28, 0x63,
  0x6c, 0x61, 0x6d, 0x70, 0x65, 0x64, 0x3b, 0x20, 0x73, 0x63, 0x72, 0x6f, 0x6c, 0x6c, 0x20, 0x66,
  0x6f, 0x6c, 0x6c, 0x6f, 0x77, 0x73, 0x29, 0x00, 0x53, 0x65, 0x74, 0x20, 0x74, 0x68, 0x65, 0x20,
  0x6d, 0x61, 0x72, 0x6b, 0x20, 0x6f, 0x6e, 0x20, 0x72, 0x6f, 0x77, 0x20, 0x69, 0x00, 0x57, 0x68,
  0x65, 0x74, 0x68, 0x65, 0x72, 0x20, 0x72, 0x6f, 0x77, 0x20, 0x69, 0x20, 0x69, 0x73, 0x20, 0x6d,
  0x61, 0x72, 0x6b, 0x65, 0x64, 0x00, 0x53, 0x68, 0x6f, 0x77, 0x20, 0x74, 0x68, 0x65, 0x20, 0x6d,
  0x75, 0x6c, 0x74, 0x69, 0x2d, 0x73, 0x65, 0x6c, 0x65, 0x63, 0x74, 0x20, 0x6d, 0x61, 0x72, 0x6b,
  0x20, 0x63, 0x6f, 0x6c, 0x75, 0x6d, 0x6e, 0x00, 0x54, 0x6f, 0x67, 0x67, 0x6c, 0x65, 0x20, 0x74,
  0x68, 0x65, 0x20, 0x6d, 0x61, 0x72, 0x6b, 0x20, 0x6f, 0x6e, 0x20, 0x74, 0x68, 0x65, 0x20, 0x63,
  0x75, 0x72, 0x73, 0x6f, 0x72, 0x20, 0x72, 0x6f, 0x77, 0x00, 0x46, 0x69, 0x72, 0x73, 0x74, 0x20,
  0x76, 0x69, 0x73, 0x69, 0x62, 0x6c, 0x65, 0x20, 0x72, 0x6f, 0x77, 0x00, 0x43, 0x72, 0x65, 0x61,
  0x74, 0x65, 0x20, 0x61, 0x6e, 0x20, 0x65, 0x6d, 0x70, 0x74, 0x79, 0x20, 0x6c, 0x69, 0x73, 0x74,
  0x20, 0x28, 0x63, 0x61, 0x70, 0x61, 0x63, 0x69, 0x74, 0x79, 0x20, 0x31, 0x32, 0x38, 0x20, 0x72,
  0x6f, 0x77, 0x73, 0x29, 0x00, 0x44, 0x72, 0x61, 0x77, 0x20, 0x77, 0x6f, 0x72, 0x64, 0x2d, 0x77,
  0x72, 0x61, 0x70, 0x70, 0x65, 0x64, 0x20, 0x74, 0x65, 0x78, 0x74, 0x20, 0x61, 0x6e, 0x64, 0x20,
  0x74, 0x68, 0x65, 0x20, 0x73, 0x63, 0x72, 0x6f, 0x6c, 0x6c, 0x62, 0x61, 0x72, 0x20, 0x77, 0x68,
  0x65, 0x6e, 0x20, 0x6e, 0x65, 0x65, 0x64, 0x65, 0x64, 0x00, 0x43, 0x6f, 0x6e, 0x73, 0x75, 0x6d,
  0x65, 0x20, 0x55, 0x50, 0x2f, 0x44, 0x4f, 0x57, 0x4e, 0x2c, 0x20, 0x6b, 0x2f, 0x6a, 0x2c, 0x20,
  0x3b, 0x2f, 0x2e, 0x20, 0x73, 0x63, 0x72, 0x6f, 0x6c, 0x6c, 0x20, 0x6b, 0x65, 0x79, 0x73, 0x3b,
  0x20, 0x74, 0x72, 0x75, 0x65, 0x20, 0x77, 0x68, 0x65, 0x6e, 0x20, 0x63, 0x6f, 0x6e, 0x73, 0x75,
  0x6d, 0x65, 0x64, 0x00, 0x46, 0x69, 0x72, 0x73, 0x74, 0x20, 0x76, 0x69, 0x73, 0x69, 0x62, 0x6c,
  0x65, 0x20, 0x77, 0x72, 0x61, 0x70, 0x70, 0x65, 0x64, 0x20, 0x6c, 0x69, 0x6e, 0x65, 0x00, 0x53,
  0x63, 0x72, 0x6f, 0x6c, 0x6c, 0x20, 0x74, 0x6f, 0x20, 0x61, 0x20, 0x77, 0x72, 0x61, 0x70, 0x70,
  0x65, 0x64, 0x20, 0x6c, 0x69, 0x6e, 0x65, 0x20, 0x28, 0x63, 0x6c, 0x61, 0x6d, 0x70, 0x65, 0x64,
  0x29, 0x00, 0x53, 0x65, 0x74, 0x20, 0x74, 0x68, 0x65, 0x20, 0x74, 0x65, 0x78, 0x74, 0x20, 0x28,
  0x63, 0x6f, 0x70, 0x69, 0x65, 0x64, 0x2c, 0x20, 0x75, 0x70, 0x20, 0x74, 0x6f, 0x20, 0x32, 0x30,
  0x34, 0x38, 0x20, 0x62, 0x79, 0x74, 0x65, 0x73, 0x29, 0x00, 0x43, 0x72, 0x65, 0x61, 0x74, 0x65,
  0x20, 0x61, 0x6e, 0x20, 0x65, 0x6d, 0x70, 0x74, 0x79, 0x20, 0x74, 0x65, 0x78, 0x74, 0x20, 0x76,
  0x69, 0x65, 0x77, 0x00,
};

const TiBuiltinClass ti_builtin_classes[] = {
  {0, 0, 0, 0, 0},
  {1, 0, 38, 38, 4},
  {362, 42, 63, 105, 4},
  {447, 109, 53, 162, 4},
  {453, 166, 86, 252, 4},
  {740, 256, 39, 295, 4},
  {747, 299, 74, 373, 5},
  {924, 378, 55, 433, 5},
  {990, 438, 44, 482, 5},
  {1009, 487, 41, 528, 5},
  {1039, 533, 42, 575, 4},
  {1049, 579, 42, 621, 4},
  {1060, 625, 45, 670, 4},
  {1069, 674, 41, 715, 4},
  {1084, 719, 39, 758, 4},
  {1095, 762, 45, 807, 4},
  {1136, 811, 42, 853, 4},
  {1141, 857, 40, 897, 9},
  {1180, 906, 38, 944, 9},
  {1233, 953, 40, 993, 4},
  {1244, 997, 40, 1037, 11},
  {1280, 1048, 47, 1095, 14},
  {1450, 1109, 38, 1147, 5},
  {1479, 1152, 41, 1193, 5},
  {1534, 1198, 46, 1244, 8},
  {1640, 1252, 38, 1290, 27},
  {1761, 1317, 38, 1355, 7},
  {1795, 1362, 38, 1400, 4},
  {1808, 1404, 38, 1442, 9},
  {1825, 1451, 57, 1508, 5},
  {2069, 1513, 50, 1563, 5},
  {2131, 1568, 38, 1606, 59},
  {2596, 1665, 52, 1717, 5},
  {2688, 1722, 44, 1766, 5},
};

const TiBuiltinArgument ti_builtin_arguments[] = {
  {0, 13, 0, 0},
  {0, 13, 0, 0},
  {0, 13, 0, 0},
  {0, 13, 0, 0},
  {0, 4, 2, 0},
  {0, 4, 2, 0},
  {0, 5, 0, 2},
  {0, 5, 0, 2},
  {0, 4, 2, 0},
  {0, 5, 0, 0},
  {0, 2, 0, 1},
  {0, 13, 0, 2},
  {0, 13, 0, 2},
  {0, 14, 0, 0},
  {0, 4, 2, 0},
  {0, 4, 2, 0},
  {0, 13, 0, 0},
  {0, 13, 0, 0},
  {0, 5, 0, 2},
  {0, 5, 0, 2},
  {0, 13, 0, 1},
  {0, 4, 0, 1},
  {0, 4, 2, 0},
  {0, 4, 2, 0},
  {0, 13, 0, 2},
  {0, 2, 3, 0},
  {0, 2, 0, 0},
  {0, 4, 0, 0},
  {0, 13, 0, 2},
  {0, 2, 3, 0},
  {0, 2, 0, 0},
  {0, 13, 0, 0},
  {0, 2, 3, 0},
  {0, 2, 0, 0},
  {0, 2, 3, 0},
  {0, 2, 3, 0},
  {0, 2, 3, 0},
  {0, 2, 3, 0},
  {0, 2, 3, 0},
  {0, 2, 3, 0},
  {0, 2, 0, 0},
  {0, 2, 3, 0},
  {0, 2, 4, 0},
  {0, 13, 0, 0},
  {0, 13, 0, 0},
  {0, 2, 3, 0},
  {0, 2, 3, 0},
  {0, 2, 0, 0},
  {0, 13, 0, 0},
  {0, 2, 0, 0},
  {0, 4, 2, 0},
  {0, 4, 2, 0},
  {0, 5, 0, 2},
  {0, 5, 0, 2},
  {0, 4, 2, 0},
  {0, 5, 0, 0},
  {0, 2, 0, 0},
  {0, 2, 0, 1},
  {0, 13, 0, 2},
  {0, 13, 0, 2},
  {0, 14, 0, 0},
  {0, 4, 2, 0},
  {0, 4, 2, 0},
  {0, 13, 0, 0},
  {0, 13, 0, 0},
  {0, 5, 0, 2},
  {0, 5, 0, 2},
  {0, 13, 0, 1},
  {0, 4, 0, 1},
  {0, 4, 2, 0},
  {0, 4, 2, 0},
  {0, 13, 0, 2},
  {0, 2, 3, 0},
  {0, 2, 0, 0},
  {0, 4, 0, 0},
  {0, 13, 0, 2},
  {0, 2, 0, 1},
  {0, 2, 0, 0},
  {0, 2, 3, 0},
  {0, 2, 0, 0},
  {0, 13, 0, 0},
  {0, 2, 3, 0},
  {0, 2, 3, 0},
  {0, 2, 3, 0},
  {0, 2, 3, 0},
  {0, 2, 3, 0},
  {0, 2, 3, 0},
  {0, 2, 3, 0},
  {0, 2, 3, 0},
  {0, 2, 3, 0},
  {0, 13, 0, 0},
  {0, 13, 0, 0},
  {0, 2, 3, 0},
  {0, 2, 3, 0},
  {0, 4, 2, 0},
  {0, 4, 2, 0},
  {0, 5, 0, 2},
  {0, 5, 0, 2},
  {0, 4, 2, 0},
  {0, 5, 0, 0},
  {0, 2, 0, 1},
  {0, 13, 0, 2},
  {0, 13, 0, 2},
  {0, 14, 0, 0},
  {0, 4, 2, 0},
  {0, 4, 2, 0},
  {0, 13, 0, 0},
  {0, 13, 0, 0},
  {0, 5, 0, 2},
  {0, 5, 0, 2},
  {0, 13, 0, 1},
  {0, 4, 0, 1},
  {0, 4, 2, 0},
  {0, 4, 2, 0},
  {0, 13, 0, 2},
  {0, 2, 3, 0},
  {0, 2, 0, 0},
  {0, 4, 0, 0},
  {0, 13, 0, 2},
  {0, 2, 3, 0},
  {0, 2, 0, 0},
  {0, 13, 0, 0},
  {0, 2, 0, 0},
  {0, 4, 0, 0},
  {0, 4, 0, 0},
  {0, 2, 6, 0},
  {0, 4, 0, 0},
  {0, 4, 0, 0},
  {0, 13, 0, 0},
  {0, 13, 0, 0},
  {0, 4, 0, 0},
  {0, 4, 0, 0},
  {0, 13, 0, 0},
  {0, 13, 0, 0},
  {0, 4, 0, 0},
  {0, 2, 6, 0},
  {0, 4, 2, 0},
  {0, 4, 2, 0},
  {0, 5, 0, 2},
  {0, 5, 0, 2},
  {0, 4, 2, 0},
  {0, 5, 0, 0},
  {0, 4, 0, 1},
  {501, 10, 1, 4},
  {0, 4, 0, 0},
  {0, 2, 0, 1},
  {0, 13, 0, 2},
  {0, 2, 0, 0},
  {0, 13, 0, 2},
  {0, 4, 0, 0},
  {0, 2, 6, 0},
  {0, 2, 0, 1},
  {0, 14, 0, 0},
  {0, 4, 2, 0},
  {0, 4, 2, 0},
  {0, 13, 0, 0},
  {0, 13, 0, 0},
  {0, 2, 0, 0},
  {0, 4, 0, 1},
  {0, 5, 0, 2},
  {0, 5, 0, 2},
  {0, 13, 0, 1},
  {0, 4, 0, 1},
  {0, 4, 2, 0},
  {0, 2, 0, 0},
  {0, 4, 0, 1},
  {0, 4, 2, 0},
  {0, 13, 0, 2},
  {0, 2, 3, 0},
  {0, 2, 0, 0},
  {0, 13, 0, 0},
  {0, 4, 0, 1},
  {0, 2, 0, 1},
  {0, 4, 0, 0},
  {0, 13, 0, 2},
  {0, 4, 0, 0},
  {0, 2, 0, 1},
  {0, 4, 0, 0},
  {0, 4, 0, 0},
  {0, 4, 0, 0},
  {0, 4, 0, 0},
  {0, 2, 3, 0},
  {0, 2, 0, 0},
  {0, 13, 0, 0},
  {0, 5, 8, 0},
  {0, 13, 0, 0},
  {0, 13, 0, 0},
  {0, 4, 2, 0},
  {0, 4, 2, 0},
  {0, 5, 0, 2},
  {0, 5, 0, 2},
  {0, 4, 2, 0},
  {0, 5, 0, 0},
  {0, 2, 0, 1},
  {0, 13, 0, 2},
  {0, 13, 0, 2},
  {0, 14, 0, 0},
  {0, 4, 2, 0},
  {0, 4, 2, 0},
  {0, 13, 0, 0},
  {0, 13, 0, 0},
  {0, 5, 0, 2},
  {0, 5, 0, 2},
  {0, 13, 0, 1},
  {0, 4, 0, 1},
  {0, 4, 2, 0},
  {0, 4, 2, 0},
  {0, 13, 0, 2},
  {0, 2, 3, 0},
  {0, 2, 0, 0},
  {0, 4, 0, 0},
  {0, 13, 0, 2},
  {0, 2, 3, 0},
  {0, 2, 0, 0},
  {0, 13, 0, 0},
  {0, 6, 0, 0},
  {0, 6, 0, 0},
  {0, 6, 0, 0},
  {0, 13, 0, 0},
  {0, 13, 0, 0},
  {0, 13, 0, 0},
  {0, 2, 0, 0},
  {0, 2, 0, 0},
  {0, 2, 4, 0},
  {0, 13, 0, 1},
  {0, 4, 2, 0},
  {0, 4, 2, 0},
  {0, 13, 0, 2},
  {0, 2, 0, 0},
  {0, 5, 0, 2},
  {0, 5, 0, 2},
  {0, 4, 2, 0},
  {0, 5, 0, 0},
  {0, 2, 0, 0},
  {0, 2, 0, 1},
  {0, 13, 0, 2},
  {0, 13, 0, 2},
  {0, 13, 0, 0},
  {0, 14, 0, 0},
  {0, 4, 2, 0},
  {0, 4, 2, 0},
  {0, 13, 0, 0},
  {0, 13, 0, 0},
  {0, 4, 0, 1},
  {0, 2, 0, 1},
  {0, 5, 0, 2},
  {0, 5, 0, 2},
  {0, 13, 0, 0},
  {0, 13, 0, 1},
  {0, 4, 0, 1},
  {0, 4, 2, 0},
  {0, 4, 2, 0},
  {0, 13, 0, 2},
  {0, 2, 0, 1},
  {0, 2, 3, 0},
  {0, 2, 0, 0},
  {0, 13, 0, 0},
  {0, 4, 0, 0},
  {0, 13, 0, 2},
  {0, 13, 0, 0},
  {0, 6, 0, 0},
  {0, 2, 0, 1},
  {0, 13, 0, 1},
  {0, 2, 3, 0},
  {0, 2, 0, 0},
  {0, 13, 0, 0},
  {0, 13, 0, 0},
  {0, 13, 0, 0},
  {0, 13, 0, 0},
  {0, 13, 0, 0},
  {0, 13, 0, 0},
  {0, 13, 0, 0},
  {0, 4, 2, 0},
  {0, 4, 2, 0},
  {0, 5, 0, 2},
  {0, 5, 0, 2},
  {0, 4, 2, 0},
  {0, 5, 0, 0},
  {0, 13, 0, 0},
  {0, 2, 0, 1},
  {0, 13, 0, 2},
  {0, 13, 0, 0},
  {0, 13, 0, 0},
  {0, 13, 0, 2},
  {0, 14, 0, 0},
  {0, 4, 2, 0},
  {0, 4, 2, 0},
  {0, 13, 0, 0},
  {0, 13, 0, 0},
  {0, 13, 0, 0},
  {0, 7, 0, 0},
  {0, 7, 0, 0},
  {0, 5, 0, 2},
  {0, 5, 0, 2},
  {0, 13, 0, 1},
  {0, 4, 0, 1},
  {0, 4, 2, 0},
  {0, 4, 2, 0},
  {0, 13, 0, 2},
  {0, 2, 3, 0},
  {0, 2, 0, 0},
  {0, 4, 0, 0},
  {0, 13, 0, 2},
  {0, 2, 3, 0},
  {0, 2, 0, 0},
  {0, 13, 0, 0},
  {0, 13, 0, 0},
  {0, 13, 0, 0},
  {0, 13, 0, 0},
  {0, 4, 2, 0},
  {0, 4, 2, 0},
  {0, 5, 0, 2},
  {0, 5, 0, 2},
  {0, 4, 2, 0},
  {0, 5, 0, 0},
  {0, 2, 0, 1},
  {0, 13, 0, 2},
  {0, 13, 0, 2},
  {0, 14, 0, 0},
  {0, 4, 2, 0},
  {0, 4, 2, 0},
  {0, 13, 0, 0},
  {0, 13, 0, 0},
  {0, 5, 0, 2},
  {0, 5, 0, 2},
  {0, 13, 0, 1},
  {0, 4, 0, 1},
  {0, 4, 2, 0},
  {0, 4, 2, 0},
  {0, 13, 0, 2},
  {0, 2, 3, 0},
  {0, 2, 0, 0},
  {0, 4, 0, 0},
  {0, 13, 0, 2},
  {0, 13, 0, 0},
  {0, 13, 0, 0},
  {0, 10, 1, 1},
  {0, 2, 3, 0},
  {0, 2, 0, 0},
  {0, 13, 0, 0},
  {0, 13, 0, 0},
  {0, 13, 0, 0},
  {0, 13, 0, 0},
  {0, 1, 0, 0},
  {0, 4, 2, 0},
  {0, 4, 2, 0},
  {0, 5, 0, 2},
  {0, 5, 0, 2},
  {0, 13, 0, 2},
  {0, 4, 2, 0},
  {0, 5, 0, 0},
  {0, 2, 0, 1},
  {0, 13, 0, 2},
  {0, 13, 0, 2},
  {0, 14, 0, 0},
  {0, 4, 2, 0},
  {0, 4, 2, 0},
  {0, 13, 0, 0},
  {0, 13, 0, 0},
  {0, 5, 0, 2},
  {0, 5, 0, 2},
  {0, 13, 0, 1},
  {0, 4, 0, 1},
  {0, 4, 2, 0},
  {0, 4, 2, 0},
  {0, 13, 0, 2},
  {0, 2, 3, 0},
  {0, 2, 0, 0},
  {0, 4, 0, 0},
  {0, 13, 0, 2},
  {0, 2, 3, 0},
  {0, 2, 0, 0},
  {0, 13, 0, 0},
  {0, 13, 0, 0},
  {0, 13, 0, 0},
  {0, 13, 0, 0},
  {0, 13, 0, 0},
  {0, 13, 0, 0},
  {0, 4, 2, 0},
  {0, 4, 2, 0},
  {0, 5, 0, 2},
  {0, 5, 0, 2},
  {0, 4, 2, 0},
  {0, 5, 0, 0},
  {0, 2, 0, 1},
  {0, 13, 0, 2},
  {0, 13, 0, 2},
  {0, 14, 0, 0},
  {0, 4, 2, 0},
  {0, 4, 2, 0},
  {0, 13, 0, 0},
  {0, 13, 0, 0},
  {0, 5, 0, 2},
  {0, 5, 0, 2},
  {0, 13, 0, 1},
  {0, 4, 0, 1},
  {0, 4, 2, 0},
  {0, 4, 2, 0},
  {0, 13, 0, 2},
  {0, 2, 3, 0},
  {0, 2, 0, 0},
  {0, 4, 0, 0},
  {0, 13, 0, 2},
  {0, 13, 0, 0},
  {0, 2, 3, 0},
  {0, 2, 0, 0},
  {0, 13, 0, 0},
  {0, 13, 0, 0},
  {0, 13, 0, 0},
  {0, 13, 0, 0},
  {0, 13, 0, 0},
  {0, 13, 0, 0},
  {0, 4, 2, 0},
  {0, 4, 2, 0},
  {0, 5, 0, 2},
  {0, 5, 0, 2},
  {0, 4, 2, 0},
  {0, 5, 0, 0},
  {0, 2, 0, 1},
  {0, 13, 0, 2},
  {0, 13, 0, 2},
  {0, 14, 0, 0},
  {0, 4, 2, 0},
  {0, 4, 2, 0},
  {0, 13, 0, 0},
  {0, 13, 0, 0},
  {0, 5, 0, 2},
  {0, 5, 0, 2},
  {0, 13, 0, 1},
  {0, 4, 0, 1},
  {0, 4, 2, 0},
  {0, 4, 2, 0},
  {0, 13, 0, 2},
  {0, 2, 3, 0},
  {0, 2, 0, 0},
  {0, 4, 0, 0},
  {0, 13, 0, 2},
  {0, 13, 0, 0},
  {0, 2, 3, 0},
  {0, 2, 0, 0},
  {0, 13, 0, 0},
  {0, 13, 0, 0},
  {0, 13, 0, 0},
  {0, 13, 0, 0},
  {0, 13, 0, 0},
  {0, 13, 0, 0},
  {0, 4, 2, 0},
  {0, 4, 2, 0},
  {0, 5, 0, 2},
  {0, 5, 0, 2},
  {0, 4, 2, 0},
  {0, 5, 0, 0},
  {0, 2, 0, 1},
  {0, 13, 0, 2},
  {0, 13, 0, 2},
  {0, 14, 0, 0},
  {0, 4, 2, 0},
  {0, 4, 2, 0},
  {0, 13, 0, 0},
  {0, 13, 0, 0},
  {0, 5, 0, 2},
  {0, 5, 0, 2},
  {0, 13, 0, 1},
  {0, 4, 0, 1},
  {0, 4, 2, 0},
  {0, 4, 2, 0},
  {0, 13, 0, 2},
  {0, 2, 3, 0},
  {0, 2, 0, 0},
  {0, 4, 0, 0},
  {0, 13, 0, 2},
  {0, 13, 0, 0},
  {0, 2, 3, 0},
  {0, 2, 0, 0},
  {0, 13, 0, 0},
  {0, 13, 0, 0},
  {0, 13, 0, 0},
  {0, 13, 0, 0},
  {0, 4, 2, 0},
  {0, 4, 2, 0},
  {0, 5, 0, 2},
  {0, 5, 0, 2},
  {0, 4, 2, 0},
  {0, 5, 0, 0},
  {0, 2, 0, 1},
  {0, 13, 0, 2},
  {0, 13, 0, 2},
  {0, 14, 0, 0},
  {0, 4, 2, 0},
  {0, 4, 2, 0},
  {0, 13, 0, 0},
  {0, 13, 0, 0},
  {0, 5, 0, 2},
  {0, 5, 0, 2},
  {0, 13, 0, 1},
  {0, 4, 0, 1},
  {0, 4, 2, 0},
  {0, 4, 2, 0},
  {0, 13, 0, 2},
  {0, 2, 3, 0},
  {0, 2, 0, 0},
  {0, 4, 0, 0},
  {0, 13, 0, 2},
  {0, 2, 3, 0},
  {0, 2, 0, 0},
  {0, 13, 0, 0},
  {0, 13, 0, 0},
  {0, 13, 0, 0},
  {0, 13, 0, 0},
  {0, 4, 2, 0},
  {0, 4, 2, 0},
  {0, 5, 0, 2},
  {0, 5, 0, 2},
  {0, 4, 2, 0},
  {0, 5, 0, 0},
  {0, 2, 0, 1},
  {0, 13, 0, 2},
  {0, 13, 0, 2},
  {0, 14, 0, 0},
  {0, 4, 2, 0},
  {0, 4, 2, 0},
  {0, 13, 0, 0},
  {0, 13, 0, 0},
  {0, 5, 0, 2},
  {0, 5, 0, 2},
  {0, 13, 0, 1},
  {0, 4, 0, 1},
  {0, 4, 2, 0},
  {0, 4, 2, 0},
  {0, 13, 0, 2},
  {0, 2, 3, 0},
  {0, 2, 0, 0},
  {0, 4, 0, 0},
  {0, 13, 0, 2},
  {0, 2, 3, 0},
  {0, 2, 0, 0},
  {0, 13, 0, 0},
  {0, 13, 0, 0},
  {0, 13, 0, 0},
  {0, 13, 0, 0},
  {0, 13, 0, 0},
  {0, 4, 2, 0},
  {0, 4, 2, 0},
  {0, 5, 0, 2},
  {0, 5, 0, 2},
  {0, 4, 2, 0},
  {0, 5, 0, 0},
  {0, 2, 0, 1},
  {0, 13, 0, 2},
  {0, 13, 0, 2},
  {0, 14, 0, 0},
  {0, 4, 2, 0},
  {0, 4, 2, 0},
  {0, 13, 0, 0},
  {0, 13, 0, 0},
  {0, 13, 0, 2},
  {0, 13, 0, 2},
  {0, 5, 0, 2},
  {0, 5, 0, 2},
  {0, 13, 0, 2},
  {0, 13, 0, 1},
  {0, 4, 0, 1},
  {0, 4, 2, 0},
  {0, 4, 2, 0},
  {0, 13, 0, 2},
  {0, 2, 3, 0},
  {0, 2, 0, 0},
  {0, 4, 0, 0},
  {0, 13, 0, 2},
  {0, 13, 0, 2},
  {0, 2, 3, 0},
  {0, 2, 0, 0},
  {0, 13, 0, 0},
  {0, 13, 0, 0},
  {0, 13, 0, 0},
  {0, 13, 0, 0},
  {0, 13, 0, 0},
  {0, 13, 0, 0},
  {0, 4, 2, 0},
  {0, 4, 2, 0},
  {0, 5, 0, 2},
  {0, 5, 0, 2},
  {0, 4, 2, 0},
  {0, 5, 0, 0},
  {0, 2, 0, 1},
  {0, 13, 0, 2},
  {0, 13, 0, 2},
  {0, 14, 0, 0},
  {0, 4, 2, 0},
  {0, 4, 2, 0},
  {0, 13, 0, 0},
  {0, 13, 0, 0},
  {0, 5, 0, 2},
  {0, 5, 0, 2},
  {0, 13, 0, 1},
  {0, 4, 0, 1},
  {0, 4, 2, 0},
  {0, 4, 2, 0},
  {0, 13, 0, 2},
  {0, 2, 3, 0},
  {0, 2, 0, 0},
  {0, 4, 0, 0},
  {0, 13, 0, 2},
  {0, 13, 0, 0},
  {0, 2, 3, 0},
  {0, 2, 0, 0},
  {0, 13, 0, 0},
  {0, 13, 0, 0},
  {0, 13, 0, 0},
  {0, 13, 0, 0},
  {0, 4, 2, 0},
  {0, 4, 2, 0},
  {0, 5, 0, 2},
  {0, 5, 0, 2},
  {0, 4, 2, 0},
  {0, 5, 0, 0},
  {0, 2, 0, 1},
  {0, 13, 0, 2},
  {0, 13, 0, 2},
  {0, 14, 0, 0},
  {0, 4, 2, 0},
  {0, 4, 2, 0},
  {0, 13, 0, 0},
  {0, 13, 0, 0},
  {0, 5, 0, 2},
  {0, 5, 0, 2},
  {0, 13, 0, 1},
  {0, 4, 0, 1},
  {0, 4, 2, 0},
  {0, 4, 2, 0},
  {0, 13, 0, 2},
  {0, 2, 3, 0},
  {0, 2, 0, 0},
  {0, 4, 0, 0},
  {0, 13, 0, 2},
  {0, 4, 0, 0},
  {0, 4, 0, 0},
  {0, 4, 0, 0},
  {0, 4, 0, 0},
  {0, 4, 0, 0},
  {0, 2, 3, 0},
  {0, 2, 0, 0},
  {0, 13, 0, 0},
  {0, 13, 0, 0},
  {0, 13, 0, 0},
  {0, 13, 0, 0},
  {0, 4, 2, 0},
  {0, 4, 2, 0},
  {0, 5, 0, 2},
  {0, 5, 0, 2},
  {0, 4, 2, 0},
  {0, 5, 0, 0},
  {0, 2, 0, 1},
  {0, 13, 0, 2},
  {0, 13, 0, 2},
  {0, 14, 0, 0},
  {0, 4, 2, 0},
  {0, 4, 2, 0},
  {0, 13, 0, 0},
  {0, 13, 0, 0},
  {0, 5, 0, 2},
  {0, 5, 0, 2},
  {0, 13, 0, 1},
  {0, 4, 0, 1},
  {0, 4, 2, 0},
  {0, 4, 2, 0},
  {0, 13, 0, 2},
  {0, 2, 3, 0},
  {0, 2, 0, 0},
  {0, 4, 0, 0},
  {0, 13, 0, 2},
  {0, 2, 0, 0},
  {0, 2, 0, 0},
  {0, 2, 3, 0},
  {0, 2, 0, 0},
  {0, 13, 0, 0},
  {0, 13, 0, 0},
  {0, 13, 0, 0},
  {0, 13, 0, 0},
  {0, 4, 2, 0},
  {0, 4, 2, 0},
  {0, 5, 0, 2},
  {0, 5, 0, 2},
  {0, 4, 2, 0},
  {0, 5, 0, 0},
  {0, 2, 0, 1},
  {0, 13, 0, 2},
  {0, 13, 0, 2},
  {0, 14, 0, 0},
  {0, 4, 2, 0},
  {0, 4, 2, 0},
  {0, 13, 0, 0},
  {0, 13, 0, 0},
  {0, 5, 0, 2},
  {0, 5, 0, 2},
  {0, 13, 0, 1},
  {0, 4, 0, 1},
  {0, 4, 2, 0},
  {0, 4, 2, 0},
  {0, 13, 0, 2},
  {0, 2, 3, 0},
  {0, 2, 0, 0},
  {0, 4, 0, 0},
  {0, 13, 0, 2},
  {0, 2, 3, 0},
  {0, 2, 0, 0},
  {0, 13, 0, 0},
  {0, 13, 0, 0},
  {0, 13, 0, 0},
  {0, 13, 0, 0},
  {0, 4, 2, 0},
  {0, 4, 2, 0},
  {0, 5, 0, 2},
  {0, 5, 0, 2},
  {0, 4, 2, 0},
  {0, 5, 0, 0},
  {0, 2, 0, 1},
  {0, 13, 0, 2},
  {0, 13, 0, 2},
  {0, 14, 0, 0},
  {0, 4, 2, 0},
  {0, 4, 2, 0},
  {0, 13, 0, 0},
  {0, 13, 0, 0},
  {0, 5, 0, 2},
  {0, 5, 0, 2},
  {0, 13, 0, 1},
  {0, 4, 0, 1},
  {0, 4, 2, 0},
  {0, 4, 2, 0},
  {0, 13, 0, 2},
  {0, 2, 3, 0},
  {0, 2, 0, 0},
  {0, 4, 0, 0},
  {0, 13, 0, 2},
  {0, 4, 0, 0},
  {0, 4, 0, 0},
  {0, 4, 0, 0},
  {0, 4, 0, 0},
  {0, 4, 0, 1},
  {0, 4, 0, 0},
  {0, 4, 0, 1},
  {0, 4, 0, 0},
  {0, 4, 0, 0},
  {0, 2, 3, 0},
  {0, 2, 0, 0},
  {0, 4, 0, 0},
  {0, 13, 0, 0},
  {0, 13, 0, 0},
  {0, 13, 0, 0},
  {0, 13, 0, 0},
  {0, 4, 2, 0},
  {0, 4, 2, 0},
  {0, 5, 0, 2},
  {0, 5, 0, 2},
  {0, 4, 2, 0},
  {0, 5, 0, 0},
  {0, 2, 0, 1},
  {0, 13, 0, 2},
  {0, 13, 0, 2},
  {0, 14, 0, 0},
  {0, 4, 2, 0},
  {0, 4, 2, 0},
  {0, 13, 0, 0},
  {0, 13, 0, 0},
  {0, 2, 0, 0},
  {0, 5, 0, 2},
  {0, 5, 0, 2},
  {0, 13, 0, 1},
  {0, 4, 0, 1},
  {0, 4, 2, 0},
  {0, 4, 2, 0},
  {0, 13, 0, 2},
  {0, 2, 0, 0},
  {0, 2, 0, 0},
  {0, 2, 0, 0},
  {0, 2, 0, 0},
  {0, 2, 0, 0},
  {0, 2, 0, 1},
  {0, 2, 3, 0},
  {0, 2, 0, 0},
  {0, 4, 0, 0},
  {0, 13, 0, 2},
  {0, 2, 0, 0},
  {0, 2, 12, 0},
  {0, 2, 12, 0},
  {0, 2, 12, 0},
  {0, 2, 0, 0},
  {0, 2, 0, 1},
  {0, 2, 12, 0},
  {0, 2, 12, 0},
  {0, 2, 12, 0},
  {0, 2, 12, 0},
  {0, 2, 12, 0},
  {0, 2, 0, 0},
  {0, 2, 12, 0},
  {0, 2, 0, 0},
  {0, 2, 3, 0},
  {0, 2, 0, 0},
  {0, 2, 12, 0},
  {0, 2, 0, 0},
  {0, 13, 0, 0},
  {0, 13, 0, 0},
  {0, 13, 0, 0},
  {0, 13, 0, 0},
  {0, 4, 2, 0},
  {0, 4, 2, 0},
  {0, 5, 0, 2},
  {0, 5, 0, 2},
  {0, 4, 2, 0},
  {0, 5, 0, 0},
  {0, 2, 0, 1},
  {0, 13, 0, 2},
  {0, 13, 0, 2},
  {0, 14, 0, 0},
  {0, 4, 2, 0},
  {0, 4, 2, 0},
  {0, 13, 0, 0},
  {0, 13, 0, 0},
  {0, 5, 0, 2},
  {0, 5, 0, 2},
  {0, 13, 0, 1},
  {0, 4, 0, 1},
  {0, 4, 2, 0},
  {0, 4, 2, 0},
  {0, 13, 0, 2},
  {0, 2, 3, 0},
  {0, 2, 0, 0},
  {0, 4, 0, 0},
  {0, 13, 0, 2},
  {0, 2, 0, 0},
  {0, 4, 0, 1},
  {0, 2, 3, 0},
  {0, 2, 0, 0},
  {0, 13, 0, 0},
  {0, 13, 0, 0},
  {0, 13, 0, 0},
  {0, 13, 0, 0},
  {0, 4, 2, 0},
  {0, 4, 2, 0},
  {0, 5, 0, 2},
  {0, 5, 0, 2},
  {0, 4, 2, 0},
  {0, 5, 0, 0},
  {0, 2, 0, 1},
  {0, 13, 0, 2},
  {0, 13, 0, 2},
  {0, 14, 0, 0},
  {0, 4, 2, 0},
  {0, 4, 2, 0},
  {0, 13, 0, 0},
  {0, 13, 0, 0},
  {0, 5, 0, 2},
  {0, 5, 0, 2},
  {0, 13, 0, 1},
  {0, 4, 0, 1},
  {0, 2, 0, 0},
  {0, 2, 0, 0},
  {0, 2, 13, 2},
  {1483, 2, 0, 4},
  {0, 4, 2, 0},
  {1483, 2, 0, 4},
  {0, 4, 2, 0},
  {0, 13, 0, 2},
  {0, 2, 3, 0},
  {0, 2, 0, 0},
  {0, 4, 0, 0},
  {0, 13, 0, 2},
  {0, 2, 0, 0},
  {0, 2, 13, 2},
  {1496, 10, 1, 4},
  {1483, 2, 0, 4},
  {1503, 2, 0, 4},
  {1513, 2, 0, 4},
  {1521, 2, 0, 4},
  {1483, 2, 0, 4},
  {1529, 5, 14, 3},
  {0, 2, 3, 0},
  {0, 2, 0, 0},
  {0, 13, 0, 0},
  {0, 13, 0, 0},
  {0, 13, 0, 0},
  {0, 13, 0, 0},
  {0, 4, 2, 0},
  {0, 4, 2, 0},
  {0, 5, 0, 2},
  {0, 5, 0, 2},
  {0, 4, 2, 0},
  {0, 5, 0, 0},
  {0, 10, 1, 0},
  {0, 2, 0, 1},
  {0, 13, 0, 2},
  {0, 13, 0, 2},
  {0, 14, 0, 0},
  {0, 4, 2, 0},
  {0, 4, 2, 0},
  {0, 13, 0, 0},
  {0, 13, 0, 0},
  {0, 5, 0, 2},
  {0, 5, 0, 2},
  {0, 13, 0, 1},
  {0, 4, 0, 1},
  {0, 2, 0, 0},
  {0, 4, 0, 1},
  {0, 4, 2, 0},
  {0, 4, 2, 0},
  {0, 13, 0, 2},
  {0, 2, 3, 0},
  {0, 2, 0, 0},
  {0, 4, 0, 0},
  {0, 13, 0, 2},
  {0, 2, 0, 0},
  {0, 4, 0, 1},
  {0, 2, 3, 0},
  {0, 2, 0, 0},
  {1483, 2, 3, 4},
  {0, 13, 0, 0},
  {0, 13, 0, 0},
  {0, 13, 0, 0},
  {0, 13, 0, 0},
  {0, 4, 2, 0},
  {0, 4, 2, 0},
  {0, 5, 0, 2},
  {0, 5, 0, 2},
  {0, 4, 2, 0},
  {0, 5, 0, 0},
  {0, 2, 0, 1},
  {0, 13, 0, 2},
  {0, 13, 0, 2},
  {0, 14, 0, 0},
  {0, 4, 2, 0},
  {0, 4, 2, 0},
  {0, 13, 0, 0},
  {0, 13, 0, 0},
  {0, 5, 0, 2},
  {0, 5, 0, 2},
  {0, 13, 0, 1},
  {0, 4, 0, 1},
  {0, 4, 2, 0},
  {0, 4, 2, 0},
  {0, 13, 0, 2},
  {0, 2, 3, 0},
  {0, 2, 0, 0},
  {0, 4, 0, 0},
  {0, 13, 0, 2},
  {0, 3, 0, 0},
  {0, 3, 0, 0},
  {0, 3, 0, 0},
  {0, 3, 0, 0},
  {0, 3, 0, 0},
  {0, 3, 0, 0},
  {0, 3, 0, 0},
  {0, 3, 0, 0},
  {0, 3, 0, 0},
  {0, 3, 0, 0},
  {0, 3, 0, 0},
  {0, 3, 0, 0},
  {0, 3, 0, 0},
  {0, 3, 0, 0},
  {0, 3, 0, 0},
  {0, 3, 0, 0},
  {0, 3, 0, 0},
  {0, 2, 0, 0},
  {0, 3, 0, 0},
  {0, 3, 0, 0},
  {0, 3, 0, 0},
  {0, 3, 0, 0},
  {0, 3, 0, 0},
  {0, 2, 3, 0},
  {0, 2, 0, 0},
  {0, 3, 0, 0},
  {0, 3, 0, 0},
  {0, 3, 0, 0},
  {0, 13, 0, 0},
  {0, 13, 0, 0},
  {0, 13, 0, 0},
  {0, 13, 0, 0},
  {0, 4, 2, 0},
  {0, 4, 2, 0},
  {0, 5, 0, 2},
  {0, 5, 0, 2},
  {0, 4, 2, 0},
  {0, 5, 0, 0},
  {0, 2, 0, 1},
  {0, 13, 0, 2},
  {0, 13, 0, 2},
  {0, 14, 0, 0},
  {0, 4, 2, 0},
  {0, 4, 2, 0},
  {0, 13, 0, 0},
  {0, 13, 0, 0},
  {0, 5, 0, 2},
  {0, 5, 0, 2},
  {0, 13, 0, 1},
  {0, 4, 0, 1},
  {0, 4, 2, 0},
  {0, 4, 2, 0},
  {0, 13, 0, 2},
  {0, 2, 3, 0},
  {0, 2, 0, 0},
  {0, 4, 0, 0},
  {0, 13, 0, 2},
  {0, 2, 0, 0},
  {0, 2, 3, 0},
  {0, 2, 0, 0},
  {0, 13, 0, 0},
  {0, 13, 0, 0},
  {0, 13, 0, 0},
  {0, 13, 0, 0},
  {0, 4, 2, 0},
  {0, 4, 2, 0},
  {0, 5, 0, 2},
  {0, 5, 0, 2},
  {0, 4, 2, 0},
  {0, 5, 0, 0},
  {0, 2, 0, 1},
  {0, 13, 0, 2},
  {0, 13, 0, 2},
  {0, 14, 0, 0},
  {0, 4, 2, 0},
  {0, 4, 2, 0},
  {0, 13, 0, 0},
  {0, 13, 0, 0},
  {0, 5, 0, 2},
  {0, 5, 0, 2},
  {0, 13, 0, 1},
  {0, 4, 0, 1},
  {0, 4, 2, 0},
  {0, 4, 2, 0},
  {0, 13, 0, 2},
  {0, 2, 3, 0},
  {0, 2, 0, 0},
  {0, 4, 0, 0},
  {0, 13, 0, 2},
  {0, 2, 3, 0},
  {0, 2, 0, 0},
  {0, 13, 0, 0},
  {0, 13, 0, 0},
  {0, 13, 0, 0},
  {0, 13, 0, 0},
  {0, 4, 2, 0},
  {0, 4, 2, 0},
  {0, 5, 0, 2},
  {0, 5, 0, 2},
  {0, 4, 2, 0},
  {0, 5, 0, 0},
  {0, 2, 0, 1},
  {0, 13, 0, 2},
  {0, 13, 0, 2},
  {0, 14, 0, 0},
  {0, 4, 2, 0},
  {0, 4, 2, 0},
  {0, 13, 0, 0},
  {0, 13, 0, 0},
  {0, 5, 0, 2},
  {0, 5, 0, 2},
  {0, 13, 0, 1},
  {0, 4, 0, 1},
  {0, 4, 2, 0},
  {0, 4, 2, 0},
  {0, 13, 0, 2},
  {0, 2, 3, 0},
  {0, 2, 0, 0},
  {0, 4, 0, 0},
  {0, 13, 0, 2},
  {0, 4, 0, 0},
  {0, 4, 0, 0},
  {0, 2, 3, 0},
  {0, 2, 0, 0},
  {0, 4, 0, 0},
  {0, 4, 0, 0},
  {0, 13, 0, 0},
  {0, 13, 0, 0},
  {0, 13, 0, 0},
  {0, 13, 0, 0},
  {0, 4, 2, 0},
  {0, 4, 2, 0},
  {0, 4, 0, 0},
  {0, 5, 0, 2},
  {0, 5, 0, 2},
  {0, 4, 0, 0},
  {1894, 4, 7, 4},
  {1903, 10, 1, 4},
  {0, 2, 0, 0},
  {0, 2, 0, 0},
  {1903, 10, 1, 4},
  {0, 4, 2, 0},
  {0, 5, 0, 0},
  {0, 4, 0, 0},
  {0, 2, 0, 0},
  {0, 2, 0, 1},
  {0, 13, 0, 2},
  {0, 13, 0, 2},
  {0, 14, 0, 0},
  {0, 4, 2, 0},
  {0, 4, 2, 0},
  {0, 13, 0, 0},
  {0, 13, 0, 0},
  {0, 4, 0, 0},
  {842, 10, 1, 4},
  {0, 4, 0, 0},
  {0, 4, 0, 0},
  {842, 10, 1, 4},
  {0, 5, 0, 2},
  {0, 5, 0, 2},
  {0, 13, 0, 1},
  {0, 4, 0, 1},
  {0, 4, 2, 0},
  {0, 4, 2, 0},
  {0, 13, 0, 2},
  {0, 2, 3, 0},
  {0, 2, 0, 0},
  {0, 4, 0, 0},
  {0, 13, 0, 2},
  {1483, 2, 5, 4},
  {0, 2, 3, 0},
  {0, 2, 0, 0},
  {0, 13, 0, 0},
  {0, 13, 0, 0},
  {0, 13, 0, 0},
  {0, 13, 0, 0},
  {0, 4, 2, 0},
  {0, 4, 2, 0},
  {0, 5, 0, 2},
  {0, 5, 0, 2},
  {0, 2, 0, 0},
  {0, 2, 0, 0},
  {0, 2, 0, 0},
  {0, 2, 0, 0},
  {0, 4, 2, 0},
  {0, 5, 0, 0},
  {0, 2, 0, 1},
  {0, 13, 0, 2},
  {0, 2, 0, 0},
  {0, 2, 0, 0},
  {0, 2, 0, 0},
  {0, 2, 0, 0},
  {0, 2, 0, 0},
  {0, 2, 0, 0},
  {0, 2, 0, 0},
  {0, 2, 0, 0},
  {0, 2, 0, 0},
  {0, 2, 0, 0},
  {0, 13, 0, 2},
  {0, 14, 0, 0},
  {0, 4, 2, 0},
  {0, 4, 2, 0},
  {0, 13, 0, 0},
  {0, 13, 0, 0},
  {0, 2, 0, 0},
  {0, 2, 0, 0},
  {0, 2, 0, 0},
  {0, 2, 0, 0},
  {0, 2, 0, 0},
  {0, 2, 0, 0},
  {0, 2, 0, 0},
  {0, 2, 0, 0},
  {0, 5, 0, 2},
  {0, 5, 0, 2},
  {0, 2, 0, 0},
  {0, 2, 0, 0},
  {0, 2, 0, 1},
  {0, 13, 0, 1},
  {0, 4, 0, 1},
  {0, 2, 0, 0},
  {0, 2, 0, 0},
  {0, 2, 0, 0},
  {0, 2, 0, 0},
  {0, 2, 0, 0},
  {0, 4, 2, 0},
  {0, 4, 2, 0},
  {0, 13, 0, 2},
  {0, 2, 3, 0},
  {0, 2, 0, 0},
  {0, 4, 0, 0},
  {0, 13, 0, 2},
  {0, 2, 0, 0},
  {0, 2, 0, 0},
  {0, 4, 0, 0},
  {0, 2, 0, 0},
  {0, 2, 0, 0},
  {0, 2, 0, 0},
  {0, 2, 0, 1},
  {0, 2, 3, 0},
  {0, 2, 0, 0},
  {0, 13, 0, 0},
  {0, 13, 0, 0},
  {0, 13, 0, 0},
  {0, 13, 0, 0},
  {0, 4, 2, 0},
  {0, 4, 2, 0},
  {0, 5, 0, 2},
  {0, 5, 0, 2},
  {0, 4, 2, 0},
  {0, 5, 0, 0},
  {0, 2, 0, 1},
  {0, 13, 0, 2},
  {0, 13, 0, 2},
  {0, 14, 0, 0},
  {0, 4, 2, 0},
  {0, 4, 2, 0},
  {0, 13, 0, 0},
  {0, 13, 0, 0},
  {0, 5, 0, 2},
  {0, 5, 0, 2},
  {0, 13, 0, 1},
  {0, 4, 0, 1},
  {0, 4, 2, 0},
  {0, 4, 2, 0},
  {0, 13, 0, 2},
  {0, 2, 3, 0},
  {0, 2, 0, 0},
  {0, 4, 0, 0},
  {0, 13, 0, 2},
  {0, 30, 0, 0},
  {0, 4, 0, 0},
  {0, 30, 0, 0},
  {0, 2, 0, 0},
  {0, 2, 0, 0},
  {0, 4, 0, 0},
  {0, 30, 0, 0},
  {0, 2, 0, 0},
  {0, 2, 0, 0},
  {0, 2, 0, 0},
  {0, 2, 0, 0},
  {0, 6, 0, 0},
  {0, 2, 0, 0},
  {0, 30, 0, 0},
  {0, 2, 0, 0},
  {0, 2, 0, 0},
  {0, 30, 0, 0},
  {0, 2, 0, 0},
  {0, 2, 0, 0},
  {0, 4, 0, 0},
  {0, 2, 0, 1},
  {0, 30, 0, 0},
  {0, 2, 0, 0},
  {0, 2, 0, 0},
  {0, 2, 0, 0},
  {0, 30, 0, 0},
  {0, 2, 0, 0},
  {0, 2, 0, 0},
  {0, 2, 0, 0},
  {0, 4, 0, 0},
  {0, 10, 1, 0},
  {0, 30, 0, 0},
  {0, 2, 0, 0},
  {0, 2, 0, 0},
  {0, 2, 0, 0},
  {0, 2, 0, 0},
  {0, 4, 0, 0},
  {0, 10, 1, 0},
  {0, 30, 0, 0},
  {0, 6, 0, 0},
  {0, 30, 0, 0},
  {0, 2, 0, 0},
  {0, 2, 0, 0},
  {0, 4, 0, 0},
  {0, 10, 1, 0},
  {0, 10, 1, 0},
  {0, 30, 0, 0},
  {0, 4, 0, 0},
  {0, 2, 0, 0},
  {0, 30, 0, 0},
  {0, 4, 0, 0},
  {0, 30, 0, 0},
  {0, 4, 0, 0},
  {0, 6, 0, 0},
  {0, 30, 0, 0},
  {0, 2, 0, 0},
  {0, 2, 0, 0},
  {0, 2, 0, 0},
  {0, 4, 0, 0},
  {0, 4, 0, 0},
  {0, 10, 1, 0},
  {0, 30, 0, 0},
  {0, 4, 0, 0},
  {0, 30, 0, 0},
  {0, 2, 0, 0},
  {0, 2, 0, 0},
  {0, 2, 0, 0},
  {0, 2, 0, 0},
  {0, 2, 0, 0},
  {0, 30, 0, 0},
  {0, 4, 0, 0},
  {0, 4, 0, 1},
  {0, 30, 0, 0},
  {0, 6, 0, 0},
  {0, 30, 0, 0},
  {0, 2, 0, 0},
  {0, 2, 0, 0},
  {0, 2, 0, 0},
  {0, 2, 0, 0},
  {0, 2, 0, 0},
  {0, 2, 0, 0},
  {0, 30, 0, 0},
  {0, 4, 0, 0},
  {0, 4, 0, 1},
  {0, 30, 0, 0},
  {0, 4, 0, 0},
  {0, 2, 0, 0},
  {0, 2, 0, 0},
  {0, 2, 0, 0},
  {0, 30, 0, 0},
  {0, 2, 0, 0},
  {0, 2, 0, 0},
  {0, 2, 0, 0},
  {0, 2, 0, 0},
  {0, 6, 0, 0},
  {0, 2, 0, 0},
  {0, 30, 0, 0},
  {0, 2, 0, 0},
  {0, 2, 0, 0},
  {0, 2, 0, 0},
  {0, 4, 0, 0},
  {0, 2, 0, 0},
  {0, 30, 0, 0},
  {0, 4, 0, 0},
  {0, 6, 0, 0},
  {0, 2, 0, 1},
  {0, 30, 0, 0},
  {0, 2, 0, 0},
  {0, 2, 0, 0},
  {0, 2, 0, 0},
  {0, 30, 0, 0},
  {0, 2, 0, 0},
  {0, 2, 0, 0},
  {0, 2, 0, 0},
  {0, 2, 0, 0},
  {0, 30, 0, 0},
  {0, 2, 0, 0},
  {0, 2, 0, 0},
  {0, 4, 0, 0},
  {0, 10, 1, 0},
  {0, 10, 1, 0},
  {0, 30, 0, 0},
  {0, 2, 0, 0},
  {0, 2, 0, 0},
  {0, 2, 0, 0},
  {0, 2, 0, 0},
  {0, 2, 0, 0},
  {0, 2, 0, 0},
  {0, 30, 0, 0},
  {0, 2, 0, 0},
  {0, 2, 3, 0},
  {0, 2, 0, 0},
  {0, 30, 0, 0},
  {0, 2, 0, 0},
  {0, 2, 0, 0},
  {0, 2, 0, 0},
  {0, 2, 0, 0},
  {0, 2, 0, 0},
  {0, 10, 1, 0},
  {0, 30, 0, 0},
  {0, 2, 0, 0},
  {0, 2, 0, 0},
  {0, 2, 0, 0},
  {0, 4, 0, 0},
  {0, 10, 1, 0},
  {0, 30, 0, 0},
  {0, 4, 0, 0},
  {0, 4, 0, 1},
  {0, 30, 0, 0},
  {0, 2, 0, 0},
  {0, 2, 0, 0},
  {0, 6, 0, 0},
  {0, 6, 0, 0},
  {0, 30, 0, 0},
  {0, 2, 0, 0},
  {0, 2, 0, 0},
  {0, 6, 0, 0},
  {0, 6, 0, 0},
  {0, 10, 1, 0},
  {0, 30, 0, 0},
  {0, 2, 0, 0},
  {0, 6, 0, 0},
  {0, 2, 0, 0},
  {0, 30, 0, 0},
  {0, 2, 0, 0},
  {0, 4, 0, 0},
  {0, 2, 0, 1},
  {0, 30, 0, 0},
  {0, 2, 0, 0},
  {0, 2, 0, 0},
  {0, 4, 0, 0},
  {0, 2, 0, 1},
  {0, 30, 0, 0},
  {0, 4, 0, 0},
  {0, 30, 0, 0},
  {0, 2, 0, 0},
  {0, 2, 0, 0},
  {0, 2, 0, 0},
  {0, 2, 0, 0},
  {0, 4, 0, 0},
  {0, 30, 0, 0},
  {0, 4, 0, 0},
  {0, 30, 0, 0},
  {0, 2, 0, 0},
  {0, 2, 0, 0},
  {0, 10, 1, 0},
  {0, 10, 1, 0},
  {0, 30, 0, 0},
  {0, 2, 0, 0},
  {0, 2, 0, 0},
  {0, 2, 0, 0},
  {0, 30, 0, 0},
  {0, 2, 0, 0},
  {0, 2, 0, 0},
  {0, 2, 0, 0},
  {0, 2, 0, 0},
  {0, 4, 0, 0},
  {0, 2, 0, 1},
  {0, 13, 0, 0},
  {0, 13, 0, 0},
  {0, 13, 0, 0},
  {0, 13, 0, 0},
  {0, 4, 0, 0},
  {0, 4, 0, 1},
  {0, 4, 2, 0},
  {0, 4, 2, 0},
  {0, 2, 0, 0},
  {0, 2, 0, 0},
  {0, 2, 0, 0},
  {0, 2, 0, 0},
  {0, 5, 0, 2},
  {0, 5, 0, 2},
  {0, 4, 2, 0},
  {0, 5, 0, 0},
  {0, 30, 0, 0},
  {0, 4, 0, 0},
  {0, 2, 0, 1},
  {0, 13, 0, 2},
  {0, 4, 0, 0},
  {0, 13, 0, 2},
  {0, 2, 0, 0},
  {0, 14, 0, 0},
  {0, 4, 2, 0},
  {0, 4, 2, 0},
  {0, 13, 0, 0},
  {0, 13, 0, 0},
  {0, 2, 0, 0},
  {0, 10, 1, 0},
  {0, 2, 0, 0},
  {0, 5, 0, 2},
  {0, 5, 0, 2},
  {0, 13, 0, 1},
  {0, 4, 0, 1},
  {0, 4, 2, 0},
  {0, 4, 2, 0},
  {0, 13, 0, 2},
  {0, 10, 1, 0},
  {0, 2, 3, 0},
  {0, 2, 0, 0},
  {0, 4, 0, 0},
  {0, 13, 0, 2},
  {0, 2, 3, 0},
  {0, 2, 0, 0},
  {0, 13, 0, 0},
  {0, 13, 0, 0},
  {0, 13, 0, 0},
  {0, 13, 0, 0},
  {0, 4, 2, 0},
  {0, 4, 2, 0},
  {0, 2, 0, 0},
  {0, 2, 0, 0},
  {0, 2, 0, 0},
  {0, 2, 0, 0},
  {0, 5, 0, 2},
  {0, 5, 0, 2},
  {0, 4, 2, 0},
  {0, 5, 0, 0},
  {0, 30, 0, 0},
  {0, 2, 0, 1},
  {0, 13, 0, 2},
  {0, 4, 0, 0},
  {0, 13, 0, 2},
  {0, 14, 0, 0},
  {0, 4, 2, 0},
  {0, 4, 2, 0},
  {0, 13, 0, 0},
  {0, 13, 0, 0},
  {0, 5, 0, 2},
  {0, 5, 0, 2},
  {0, 13, 0, 1},
  {0, 4, 0, 1},
  {0, 4, 2, 0},
  {0, 2, 0, 0},
  {0, 4, 2, 0},
  {0, 13, 0, 2},
  {0, 2, 3, 0},
  {0, 2, 0, 0},
  {0, 4, 0, 0},
  {0, 13, 0, 2},
  {0, 4, 0, 0},
  {0, 2, 3, 0},
  {0, 2, 0, 0},
};

const TiBuiltinMethod ti_builtin_methods[] = {
  {8, 1, 1, 0, 1, 10, 0, 1, 0, 0, 1},
  {11, 29, 31, 1, 1, 2, 0, 0, 0, 0, 1},
  {15, 61, 51, 2, 1, 10, 0, 1, 0, 0, 1},
  {18, 89, 79, 3, 1, 10, 0, 1, 0, 0, 1},
  {22, 118, 0, 4, 0, 2, 0, 0, 0, 0, 1},
  {29, 140, 0, 4, 2, 5, 0, 0, 0, 0, 1},
  {42, 217, 0, 6, 1, 12, 0, 0, 0, 0, 1},
  {56, 255, 0, 7, 1, 12, 0, 0, 0, 0, 1},
  {68, 291, 0, 8, 0, 10, 0, 1, 0, 0, 1},
  {81, 316, 99, 8, 0, 14, 0, 0, 0, 0, 1},
  {87, 335, 0, 8, 0, 10, 0, 1, 0, 0, 1},
  {94, 354, 0, 8, 1, 10, 0, 1, 0, 0, 1},
  {109, 401, 0, 9, 1, 13, 0, 0, 0, 0, 1},
  {119, 437, 119, 10, 0, 1, 0, 0, 0, 0, 1},
  {123, 453, 0, 10, 1, 12, 0, 0, 0, 0, 1},
  {128, 484, 0, 11, 1, 12, 0, 0, 0, 0, 1},
  {135, 518, 0, 12, 1, 12, 0, 0, 0, 0, 1},
  {143, 553, 136, 13, 0, 4, 0, 0, 0, 0, 1},
  {151, 575, 0, 13, 0, 1, 0, 0, 0, 1, 1},
  {165, 625, 0, 13, 1, 10, 0, 1, 0, 0, 1},
  {178, 661, 0, 14, 1, 13, 0, 0, 0, 0, 1},
  {200, 718, 0, 15, 2, 13, 0, 0, 0, 0, 1},
  {222, 790, 0, 17, 0, 6, 5, 0, 0, 0, 1},
  {241, 830, 179, 17, 1, 10, 0, 1, 0, 0, 1},
  {247, 871, 0, 18, 0, 12, 0, 0, 0, 12, 1},
  {252, 914, 0, 18, 0, 6, 5, 0, 0, 0, 1},
  {260, 943, 226, 18, 0, 10, 0, 1, 0, 0, 1},
  {265, 960, 0, 18, 0, 2, 0, 0, 0, 0, 1},
  {275, 985, 0, 18, 1, 12, 0, 0, 0, 0, 1},
  {283, 1017, 0, 19, 1, 12, 0, 0, 0, 0, 1},
  {290, 1048, 0, 20, 2, 13, 0, 0, 0, 0, 1},
  {296, 1100, 0, 22, 0, 10, 0, 1, 0, 0, 1},
  {307, 1123, 0, 22, 1, 10, 0, 1, 0, 0, 1},
  {319, 1167, 0, 23, 2, 13, 0, 0, 0, 0, 1},
  {324, 1222, 0, 25, 1, 2, 0, 0, 0, 0, 1},
  {330, 1267, 0, 26, 1, 2, 0, 0, 0, 0, 1},
  {339, 1311, 0, 27, 2, 4, 0, 0, 0, 0, 1},
  {347, 1366, 239, 29, 0, 4, 0, 0, 0, 0, 1},
  {352, 1385, 0, 29, 0, 6, 14, 0, 0, 0, 1},
  {252, 914, 268, 29, 0, 6, 5, 0, 0, 0, 1},
  {324, 1415, 0, 29, 1, 2, 0, 0, 0, 0, 1},
  {330, 1451, 0, 30, 1, 2, 0, 0, 0, 0, 1},
  {8, 1, 1, 31, 1, 10, 0, 1, 0, 0, 1},
  {370, 1482, 291, 32, 1, 2, 0, 3, 0, 0, 2},
  {372, 1530, 308, 33, 1, 2, 0, 0, 0, 0, 2},
  {374, 1560, 338, 34, 1, 2, 0, 3, 0, 0, 2},
  {376, 1608, 361, 35, 1, 2, 0, 0, 0, 0, 2},
  {379, 1647, 377, 36, 1, 2, 0, 3, 0, 0, 2},
  {381, 1695, 394, 37, 0, 2, 0, 0, 0, 0, 2},
  {384, 1713, 428, 37, 1, 2, 0, 3, 0, 0, 2},
  {386, 1761, 448, 38, 0, 2, 0, 0, 0, 0, 2},
  {389, 1779, 483, 38, 1, 2, 0, 3, 0, 0, 2},
  {391, 1827, 500, 39, 1, 10, 0, 1, 0, 0, 2},
  {393, 1862, 529, 40, 1, 2, 0, 0, 0, 0, 2},
  {396, 1893, 552, 41, 1, 10, 0, 1, 0, 0, 2},
  {11, 1929, 590, 42, 1, 2, 0, 0, 0, 0, 2},
  {15, 61, 51, 43, 1, 10, 0, 1, 0, 0, 2},
  {18, 89, 79, 44, 1, 10, 0, 1, 0, 0, 1},
  {399, 1971, 677, 45, 1, 10, 0, 1, 0, 0, 2},
  {401, 2006, 709, 46, 1, 10, 0, 1, 0, 0, 2},
  {404, 2042, 750, 47, 1, 2, 0, 0, 0, 0, 2},
  {407, 2073, 774, 48, 1, 2, 0, 0, 0, 0, 2},
  {410, 2104, 810, 49, 1, 2, 0, 0, 0, 0, 2},
  {22, 118, 0, 50, 0, 2, 0, 0, 0, 0, 1},
  {412, 2134, 840, 50, 0, 2, 0, 0, 0, 0, 2},
  {29, 140, 0, 50, 2, 5, 0, 0, 0, 0, 1},
  {42, 217, 0, 52, 1, 12, 0, 0, 0, 0, 1},
  {56, 255, 0, 53, 1, 12, 0, 0, 0, 0, 1},
  {68, 291, 0, 54, 0, 10, 0, 1, 0, 0, 1},
  {416, 2153, 859, 54, 0, 4, 0, 0, 0, 0, 2},
  {81, 316, 99, 54, 0, 14, 0, 0, 0, 0, 1},
  {87, 335, 0, 54, 0, 10, 0, 1, 0, 0, 1},
  {94, 354, 0, 54, 1, 10, 0, 1, 0, 0, 1},
  {109, 401, 0, 55, 1, 13, 0, 0, 0, 0, 1},
  {420, 2171, 922, 56, 1, 2, 0, 0, 0, 2, 2},
  {119, 437, 119, 57, 0, 2, 0, 0, 0, 0, 1},
  {123, 453, 0, 57, 1, 12, 0, 0, 0, 0, 1},
  {128, 484, 0, 58, 1, 12, 0, 0, 0, 0, 1},
  {135, 518, 0, 59, 1, 12, 0, 0, 0, 0, 1},
  {143, 553, 136, 60, 0, 4, 0, 0, 0, 0, 1},
  {151, 575, 0, 60, 0, 1, 0, 0, 0, 2, 1},
  {165, 625, 0, 60, 1, 10, 0, 1, 0, 0, 1},
  {178, 661, 0, 61, 1, 13, 0, 0, 0, 0, 1},
  {200, 718, 0, 62, 2, 13, 0, 0, 0, 0, 1},
  {222, 790, 0, 64, 0, 6, 5, 0, 0, 0, 1},
  {241, 830, 179, 64, 1, 10, 0, 1, 0, 0, 1},
  {247, 871, 0, 65, 0, 12, 0, 0, 0, 12, 1},
  {252, 914, 0, 65, 0, 6, 5, 0, 0, 0, 1},
  {260, 943, 226, 65, 0, 10, 0, 1, 0, 0, 1},
  {265, 960, 0, 65, 0, 2, 0, 0, 0, 0, 1},
  {275, 985, 0, 65, 1, 12, 0, 0, 0, 0, 1},
  {283, 1017, 0, 66, 1, 12, 0, 0, 0, 0, 1},
  {290, 1048, 0, 67, 2, 13, 0, 0, 0, 0, 1},
  {296, 1100, 0, 69, 0, 10, 0, 1, 0, 0, 1},
  {307, 1123, 0, 69, 1, 10, 0, 1, 0, 0, 1},
  {319, 1167, 0, 70, 2, 13, 0, 0, 0, 0, 1},
  {324, 1222, 0, 72, 1, 2, 0, 0, 0, 0, 1},
  {330, 1267, 0, 73, 1, 2, 0, 0, 0, 0, 1},
  {339, 1311, 0, 74, 2, 4, 0, 0, 0, 0, 1},
  {427, 2243, 980, 76, 0, 2, 0, 0, 0, 2, 2},
  {433, 2295, 1005, 76, 0, 3, 0, 0, 0, 0, 2},
  {438, 2313, 1038, 76, 0, 2, 0, 0, 0, 0, 2},
  {347, 2333, 1067, 76, 1, 4, 0, 0, 0, 0, 2},
  {443, 2365, 1122, 77, 1, 2, 0, 0, 0, 0, 2},
  {445, 2395, 1151, 78, 0, 2, 0, 0, 0, 0, 2},
  {352, 1385, 0, 78, 0, 6, 14, 0, 0, 0, 1},
  {252, 914, 268, 78, 0, 6, 5, 0, 0, 0, 1},
  {324, 1415, 0, 78, 1, 2, 0, 0, 0, 0, 1},
  {330, 1451, 0, 79, 1, 2, 0, 0, 0, 0, 1},
  {8, 1, 1, 80, 1, 10, 0, 1, 0, 0, 1},
  {370, 2412, 291, 81, 1, 3, 0, 0, 0, 0, 3},
  {374, 2448, 338, 82, 1, 3, 0, 0, 0, 0, 3},
  {376, 2484, 361, 83, 1, 3, 0, 0, 0, 0, 3},
  {379, 2521, 377, 84, 1, 3, 0, 0, 0, 0, 3},
  {381, 2557, 394, 85, 0, 3, 0, 0, 0, 0, 3},
  {384, 2573, 428, 85, 1, 3, 0, 0, 0, 0, 3},
  {386, 2609, 448, 86, 0, 3, 0, 0, 0, 0, 3},
  {389, 2625, 483, 86, 1, 3, 0, 0, 0, 0, 3},
  {391, 1827, 500, 87, 1, 10, 0, 1, 0, 0, 3},
  {396, 1893, 552, 88, 1, 10, 0, 1, 0, 0, 3},
  {11, 2661, 590, 89, 1, 2, 0, 5, 0, 0, 3},
  {15, 61, 51, 90, 1, 10, 0, 1, 0, 0, 3},
  {18, 89, 0, 91, 1, 10, 0, 1, 0, 0, 3},
  {399, 1971, 677, 92, 1, 10, 0, 1, 0, 0, 3},
  {401, 2006, 709, 93, 1, 10, 0, 1, 0, 0, 3},
  {22, 118, 0, 94, 0, 2, 0, 0, 0, 0, 1},
  {412, 2709, 840, 94, 0, 3, 0, 0, 0, 0, 3},
  {29, 140, 0, 94, 2, 5, 0, 0, 0, 0, 1},
  {42, 217, 0, 96, 1, 12, 0, 0, 0, 0, 1},
  {56, 255, 0, 97, 1, 12, 0, 0, 0, 0, 1},
  {68, 291, 0, 98, 0, 10, 0, 1, 0, 0, 1},
  {81, 316, 99, 98, 0, 14, 0, 0, 0, 0, 1},
  {87, 335, 0, 98, 0, 10, 0, 1, 0, 0, 1},
  {94, 354, 0, 98, 1, 10, 0, 1, 0, 0, 1},
  {109, 401, 0, 99, 1, 13, 0, 0, 0, 0, 1},
  {119, 437, 119, 100, 0, 3, 0, 0, 0, 0, 1},
  {123, 453, 0, 100, 1, 12, 0, 0, 0, 0, 1},
  {128, 484, 0, 101, 1, 12, 0, 0, 0, 0, 1},
  {135, 518, 0, 102, 1, 12, 0, 0, 0, 0, 1},
  {143, 553, 136, 103, 0, 4, 0, 0, 0, 0, 1},
  {151, 575, 0, 103, 0, 1, 0, 0, 0, 3, 1},
  {165, 625, 0, 103, 1, 10, 0, 1, 0, 0, 1},
  {178, 661, 0, 104, 1, 13, 0, 0, 0, 0, 1},
  {200, 718, 0, 105, 2, 13, 0, 0, 0, 0, 1},
  {222, 790, 0, 107, 0, 6, 5, 0, 0, 0, 1},
  {241, 830, 179, 107, 1, 10, 0, 1, 0, 0, 1},
  {247, 871, 0, 108, 0, 12, 0, 0, 0, 12, 1},
  {252, 914, 0, 108, 0, 6, 5, 0, 0, 0, 1},
  {260, 943, 226, 108, 0, 10, 0, 1, 0, 0, 1},
  {265, 960, 0, 108, 0, 2, 0, 0, 0, 0, 1},
  {275, 985, 0, 108, 1, 12, 0, 0, 0, 0, 1},
  {283, 1017, 0, 109, 1, 12, 0, 0, 0, 0, 1},
  {290, 1048, 0, 110, 2, 13, 0, 0, 0, 0, 1},
  {296, 1100, 0, 112, 0, 10, 0, 1, 0, 0, 1},
  {307, 1123, 0, 112, 1, 10, 0, 1, 0, 0, 1},
  {319, 1167, 0, 113, 2, 13, 0, 0, 0, 0, 1},
  {324, 1222, 0, 115, 1, 2, 0, 0, 0, 0, 1},
  {330, 1267, 0, 116, 1, 2, 0, 0, 0, 0, 1},
  {339, 1311, 0, 117, 2, 4, 0, 0, 0, 0, 1},
  {433, 2295, 1181, 119, 0, 3, 0, 0, 0, 0, 3},
  {438, 2313, 1218, 119, 0, 2, 0, 0, 0, 0, 3},
  {347, 1366, 1248, 119, 0, 4, 0, 0, 0, 0, 3},
  {352, 1385, 0, 119, 0, 6, 14, 0, 0, 0, 1},
  {252, 914, 268, 119, 0, 6, 5, 0, 0, 0, 1},
  {324, 1415, 0, 119, 1, 2, 0, 0, 0, 0, 1},
  {330, 1451, 0, 120, 1, 2, 0, 0, 0, 0, 1},
  {460, 2726, 1266, 121, 0, 10, 0, 1, 0, 0, 4},
  {8, 1, 1, 121, 1, 10, 0, 1, 0, 0, 1},
  {374, 2740, 1285, 122, 1, 4, 0, 0, 0, 0, 4},
  {379, 2769, 1325, 123, 1, 4, 0, 0, 0, 0, 4},
  {391, 2797, 1345, 124, 1, 10, 0, 1, 0, 0, 4},
  {393, 2823, 1380, 125, 1, 4, 0, 0, 0, 0, 4},
  {396, 2876, 1412, 126, 1, 10, 0, 1, 0, 0, 4},
  {11, 2903, 1458, 127, 1, 2, 0, 0, 0, 0, 4},
  {15, 61, 51, 128, 1, 10, 0, 1, 0, 0, 4},
  {18, 89, 1551, 129, 1, 10, 0, 1, 0, 0, 4},
  {399, 2934, 1601, 130, 1, 10, 0, 1, 0, 0, 4},
  {401, 2960, 1636, 131, 1, 10, 0, 1, 0, 0, 4},
  {407, 2987, 1685, 132, 1, 4, 0, 7, 0, 0, 4},
  {462, 3034, 1734, 133, 2, 4, 0, 0, 0, 0, 4},
  {22, 118, 0, 135, 0, 2, 0, 0, 0, 0, 1},
  {466, 3094, 1787, 135, 1, 12, 0, 0, 0, 0, 4},
  {29, 140, 0, 136, 2, 5, 0, 0, 0, 0, 1},
  {42, 217, 0, 138, 1, 12, 0, 0, 0, 0, 1},
  {56, 255, 0, 139, 1, 12, 0, 0, 0, 0, 1},
  {68, 291, 0, 140, 0, 10, 0, 1, 0, 0, 1},
  {489, 3161, 1844, 140, 0, 6, 2, 0, 0, 0, 4},
  {495, 3189, 1884, 140, 0, 6, 4, 0, 0, 0, 4},
  {501, 3216, 1921, 140, 0, 4, 0, 0, 0, 0, 4},
  {507, 3236, 1965, 140, 0, 4, 0, 7, 0, 0, 4},
  {81, 316, 99, 140, 0, 14, 0, 0, 0, 0, 1},
  {87, 335, 0, 140, 0, 10, 0, 1, 0, 0, 1},
  {514, 3265, 2003, 140, 0, 4, 0, 0, 0, 0, 4},
  {94, 354, 0, 140, 1, 10, 0, 1, 0, 0, 1},
  {109, 401, 0, 141, 1, 13, 0, 0, 0, 0, 1},
  {520, 3285, 2025, 142, 0, 4, 0, 0, 0, 0, 4},
  {529, 3308, 2062, 142, 0, 4, 0, 7, 0, 0, 4},
  {119, 437, 119, 142, 0, 4, 0, 0, 0, 0, 1},
  {539, 3340, 2097, 142, 0, 4, 0, 0, 0, 2, 4},
  {549, 3392, 2125, 142, 0, 4, 0, 0, 0, 4, 4},
  {559, 3448, 2158, 142, 2, 4, 0, 0, 0, 4, 4},
  {569, 3532, 2186, 144, 0, 10, 0, 1, 0, 0, 4},
  {576, 3551, 2211, 144, 1, 10, 0, 1, 0, 0, 4},
  {123, 453, 0, 145, 1, 12, 0, 0, 0, 0, 1},
  {128, 484, 0, 146, 1, 12, 0, 0, 0, 0, 1},
  {586, 3586, 2247, 147, 1, 2, 0, 5, 0, 0, 4},
  {135, 518, 0, 148, 1, 12, 0, 0, 0, 0, 1},
  {594, 3630, 2284, 149, 1, 10, 0, 1, 0, 0, 4},
  {603, 3663, 2319, 150, 2, 2, 0, 5, 0, 0, 4},
  {143, 553, 136, 152, 0, 4, 0, 0, 0, 0, 4},
  {151, 575, 0, 152, 0, 1, 0, 0, 0, 4, 1},
  {165, 625, 0, 152, 1, 10, 0, 1, 0, 0, 1},
  {178, 661, 0, 153, 1, 13, 0, 0, 0, 0, 1},
  {200, 718, 0, 154, 2, 13, 0, 0, 0, 0, 1},
  {222, 790, 0, 156, 0, 6, 5, 0, 0, 0, 1},
  {609, 3748, 2361, 156, 0, 5, 0, 0, 0, 0, 4},
  {241, 830, 179, 156, 1, 10, 0, 1, 0, 0, 1},
  {616, 3769, 2379, 157, 0, 2, 0, 0, 0, 0, 4},
  {623, 3791, 2400, 157, 2, 4, 0, 0, 0, 0, 4},
  {247, 871, 0, 159, 0, 12, 0, 0, 0, 12, 1},
  {629, 3841, 2448, 159, 0, 4, 0, 0, 0, 0, 4},
  {636, 3862, 2494, 159, 0, 4, 0, 7, 0, 0, 4},
  {252, 914, 0, 159, 0, 6, 5, 0, 0, 0, 1},
  {260, 943, 226, 159, 0, 10, 0, 1, 0, 0, 1},
  {265, 960, 0, 159, 0, 2, 0, 0, 0, 0, 1},
  {644, 3892, 2534, 159, 0, 2, 0, 0, 0, 0, 4},
  {275, 985, 0, 159, 1, 12, 0, 0, 0, 0, 1},
  {283, 1017, 0, 160, 1, 12, 0, 0, 0, 0, 1},
  {290, 1048, 0, 161, 2, 13, 0, 0, 0, 0, 1},
  {296, 1100, 0, 163, 0, 10, 0, 1, 0, 0, 1},
  {307, 1123, 0, 163, 1, 10, 0, 1, 0, 0, 1},
  {648, 3911, 2575, 164, 2, 4, 0, 0, 0, 0, 4},
  {654, 3961, 2624, 166, 0, 4, 0, 0, 0, 0, 4},
  {661, 3982, 2671, 166, 0, 4, 0, 7, 0, 0, 4},
  {319, 1167, 0, 166, 2, 13, 0, 0, 0, 0, 1},
  {669, 4012, 2379, 168, 0, 2, 0, 0, 0, 0, 4},
  {324, 1222, 0, 168, 1, 2, 0, 0, 0, 0, 1},
  {330, 1267, 0, 169, 1, 2, 0, 0, 0, 0, 1},
  {674, 4032, 1685, 170, 1, 4, 0, 7, 0, 0, 4},
  {680, 4082, 2712, 171, 2, 6, 4, 0, 0, 0, 4},
  {339, 1311, 0, 173, 2, 4, 0, 0, 0, 0, 1},
  {686, 4142, 2748, 175, 1, 10, 0, 1, 0, 0, 4},
  {698, 4179, 2786, 176, 0, 4, 0, 0, 0, 0, 4},
  {704, 4199, 2845, 176, 0, 4, 0, 7, 0, 0, 4},
  {433, 2295, 1005, 176, 0, 3, 0, 0, 0, 0, 4},
  {438, 4228, 2898, 176, 1, 2, 0, 0, 0, 0, 4},
  {347, 1366, 2917, 177, 0, 4, 0, 0, 0, 0, 4},
  {711, 4261, 2361, 177, 0, 5, 0, 0, 0, 0, 4},
  {718, 4282, 2939, 177, 2, 4, 0, 0, 0, 0, 4},
  {721, 4332, 2978, 179, 2, 4, 0, 7, 0, 0, 4},
  {725, 4391, 3011, 181, 0, 4, 0, 0, 0, 0, 4},
  {732, 4412, 3048, 181, 0, 4, 0, 7, 0, 0, 4},
  {352, 1385, 0, 181, 0, 6, 14, 0, 0, 0, 1},
  {252, 914, 268, 181, 0, 6, 5, 0, 0, 0, 1},
  {324, 1415, 0, 181, 1, 2, 0, 0, 0, 0, 1},
  {330, 1451, 0, 182, 1, 2, 0, 0, 0, 0, 1},
  {8, 1, 1, 183, 1, 10, 0, 1, 0, 0, 1},
  {11, 4442, 3083, 184, 1, 2, 0, 0, 0, 0, 5},
  {15, 61, 51, 185, 1, 10, 0, 1, 0, 0, 5},
  {18, 89, 1551, 186, 1, 10, 0, 1, 0, 0, 5},
  {22, 118, 0, 187, 0, 2, 0, 0, 0, 0, 1},
  {29, 140, 0, 187, 2, 5, 0, 0, 0, 0, 1},
  {42, 217, 0, 189, 1, 12, 0, 0, 0, 0, 1},
  {56, 255, 0, 190, 1, 12, 0, 0, 0, 0, 1},
  {68, 291, 0, 191, 0, 10, 0, 1, 0, 0, 1},
  {81, 316, 99, 191, 0, 14, 0, 0, 0, 0, 1},
  {87, 335, 0, 191, 0, 10, 0, 1, 0, 0, 1},
  {94, 354, 0, 191, 1, 10, 0, 1, 0, 0, 1},
  {109, 401, 0, 192, 1, 13, 0, 0, 0, 0, 1},
  {119, 437, 119, 193, 0, 5, 0, 0, 0, 0, 1},
  {123, 453, 0, 193, 1, 12, 0, 0, 0, 0, 1},
  {128, 484, 0, 194, 1, 12, 0, 0, 0, 0, 1},
  {135, 518, 0, 195, 1, 12, 0, 0, 0, 0, 1},
  {143, 553, 136, 196, 0, 4, 0, 0, 0, 0, 5},
  {151, 575, 0, 196, 0, 1, 0, 0, 0, 5, 1},
  {165, 625, 0, 196, 1, 10, 0, 1, 0, 0, 1},
  {178, 661, 0, 197, 1, 13, 0, 0, 0, 0, 1},
  {200, 718, 0, 198, 2, 13, 0, 0, 0, 0, 1},
  {222, 790, 0, 200, 0, 6, 5, 0, 0, 0, 1},
  {241, 830, 179, 200, 1, 10, 0, 1, 0, 0, 1},
  {247, 871, 0, 201, 0, 12, 0, 0, 0, 12, 1},
  {252, 914, 0, 201, 0, 6, 5, 0, 0, 0, 1},
  {260, 943, 226, 201, 0, 10, 0, 1, 0, 0, 1},
  {265, 960, 0, 201, 0, 2, 0, 0, 0, 0, 1},
  {275, 985, 0, 201, 1, 12, 0, 0, 0, 0, 1},
  {283, 1017, 0, 202, 1, 12, 0, 0, 0, 0, 1},
  {290, 1048, 0, 203, 2, 13, 0, 0, 0, 0, 1},
  {296, 1100, 0, 205, 0, 10, 0, 1, 0, 0, 1},
  {307, 1123, 0, 205, 1, 10, 0, 1, 0, 0, 1},
  {319, 1167, 0, 206, 2, 13, 0, 0, 0, 0, 1},
  {324, 1222, 0, 208, 1, 2, 0, 0, 0, 0, 1},
  {330, 1267, 0, 209, 1, 2, 0, 0, 0, 0, 1},
  {339, 1311, 0, 210, 2, 4, 0, 0, 0, 0, 1},
  {347, 1366, 239, 212, 0, 4, 0, 0, 0, 0, 1},
  {711, 4261, 3099, 212, 0, 5, 0, 0, 0, 0, 5},
  {352, 1385, 0, 212, 0, 6, 14, 0, 0, 0, 1},
  {252, 914, 268, 212, 0, 6, 5, 0, 0, 0, 1},
  {324, 1415, 0, 212, 1, 2, 0, 0, 0, 0, 1},
  {330, 1451, 0, 213, 1, 2, 0, 0, 0, 0, 1},
  {8, 1, 1, 214, 1, 10, 0, 1, 0, 0, 1},
  {372, 4483, 0, 215, 1, 6, 0, 0, 0, 0, 6},
  {379, 4508, 3121, 216, 1, 6, 0, 0, 0, 0, 6},
  {384, 4534, 3140, 217, 1, 6, 0, 0, 0, 0, 6},
  {11, 29, 31, 218, 1, 2, 0, 0, 0, 0, 1},
  {15, 61, 51, 219, 1, 10, 0, 1, 0, 0, 1},
  {18, 89, 79, 220, 1, 10, 0, 1, 0, 0, 1},
  {407, 4559, 3186, 221, 1, 13, 0, 0, 0, 0, 6},
  {462, 4590, 3220, 222, 3, 13, 0, 0, 0, 0, 6},
  {22, 118, 0, 225, 0, 2, 0, 0, 0, 0, 1},
  {29, 140, 0, 225, 2, 5, 0, 0, 0, 0, 1},
  {753, 4700, 0, 227, 1, 10, 0, 1, 0, 13, 6},
  {758, 4801, 3186, 228, 1, 13, 0, 0, 0, 0, 6},
  {42, 217, 0, 229, 1, 12, 0, 0, 0, 0, 1},
  {56, 255, 0, 230, 1, 12, 0, 0, 0, 0, 1},
  {68, 291, 0, 231, 0, 10, 0, 1, 0, 0, 1},
  {81, 316, 99, 231, 0, 14, 0, 0, 0, 0, 1},
  {87, 335, 0, 231, 0, 10, 0, 1, 0, 0, 1},
  {514, 4832, 3254, 231, 0, 6, 0, 0, 0, 0, 6},
  {761, 4851, 3285, 231, 0, 6, 13, 0, 0, 13, 19},
  {769, 4914, 3344, 231, 0, 6, 13, 0, 0, 13, 6},
  {94, 354, 0, 231, 1, 10, 0, 1, 0, 0, 1},
  {109, 401, 0, 232, 1, 13, 0, 0, 0, 0, 1},
  {778, 4978, 0, 233, 0, 2, 0, 0, 0, 0, 6},
  {784, 4999, 3401, 233, 1, 13, 0, 0, 0, 0, 6},
  {794, 5037, 3438, 234, 0, 6, 0, 0, 0, 13, 6},
  {119, 437, 119, 234, 0, 6, 0, 0, 0, 0, 1},
  {804, 5092, 3483, 234, 0, 6, 0, 0, 0, 13, 6},
  {809, 5142, 3514, 234, 0, 6, 0, 0, 0, 2, 6},
  {820, 5196, 3543, 234, 0, 6, 0, 0, 0, 13, 19},
  {569, 3532, 3584, 234, 0, 10, 0, 1, 0, 0, 6},
  {123, 453, 0, 234, 1, 12, 0, 0, 0, 0, 1},
  {128, 484, 0, 235, 1, 12, 0, 0, 0, 0, 1},
  {836, 5272, 3608, 236, 0, 13, 0, 0, 0, 0, 6},
  {135, 518, 0, 236, 1, 12, 0, 0, 0, 0, 1},
  {594, 5293, 3626, 237, 1, 10, 0, 1, 0, 0, 6},
  {143, 553, 136, 238, 0, 4, 0, 0, 0, 0, 6},
  {151, 575, 0, 238, 0, 1, 0, 0, 0, 6, 1},
  {165, 625, 0, 238, 1, 10, 0, 1, 0, 0, 1},
  {178, 661, 0, 239, 1, 13, 0, 0, 0, 0, 1},
  {200, 718, 0, 240, 2, 13, 0, 0, 0, 0, 1},
  {222, 790, 0, 242, 0, 6, 5, 0, 0, 0, 1},
  {241, 830, 179, 242, 1, 10, 0, 1, 0, 0, 1},
  {842, 5328, 3655, 243, 1, 4, 0, 0, 0, 0, 6},
  {847, 5364, 3687, 244, 0, 13, 0, 0, 0, 0, 6},
  {616, 3769, 3704, 244, 0, 2, 0, 0, 0, 0, 6},
  {247, 871, 0, 244, 0, 12, 0, 0, 0, 12, 1},
  {852, 5384, 0, 244, 0, 13, 0, 0, 0, 13, 6},
  {252, 914, 0, 244, 0, 6, 5, 0, 0, 0, 1},
  {856, 5467, 0, 244, 0, 13, 0, 0, 0, 13, 6},
  {260, 943, 226, 244, 0, 10, 0, 1, 0, 0, 1},
  {265, 960, 0, 244, 0, 2, 0, 0, 0, 0, 1},
  {860, 5550, 3739, 244, 1, 6, 0, 9, 0, 0, 6},
  {275, 985, 0, 245, 1, 12, 0, 0, 0, 0, 1},
  {283, 1017, 0, 246, 1, 12, 0, 0, 0, 0, 1},
  {864, 5592, 3770, 247, 1, 6, 0, 0, 0, 0, 6},
  {290, 1048, 0, 248, 2, 13, 0, 0, 0, 0, 1},
  {869, 5624, 3792, 250, 0, 6, 0, 0, 0, 13, 6},
  {876, 5676, 3853, 250, 0, 6, 0, 0, 0, 13, 6},
  {296, 1100, 0, 250, 0, 10, 0, 1, 0, 0, 1},
  {307, 1123, 0, 250, 1, 10, 0, 1, 0, 0, 1},
  {319, 1167, 0, 251, 2, 13, 0, 0, 0, 0, 1},
  {884, 5729, 3912, 253, 1, 6, 0, 9, 0, 0, 6},
  {324, 1222, 0, 254, 1, 2, 0, 0, 0, 0, 1},
  {330, 1267, 0, 255, 1, 2, 0, 0, 0, 0, 1},
  {674, 5773, 3944, 256, 1, 13, 0, 0, 0, 0, 6},
  {890, 5816, 3957, 257, 0, 6, 0, 0, 0, 13, 6},
  {895, 5895, 3977, 257, 0, 6, 0, 0, 0, 13, 6},
  {339, 1311, 0, 257, 2, 4, 0, 0, 0, 0, 1},
  {347, 1366, 239, 259, 0, 4, 0, 0, 0, 0, 1},
  {901, 5976, 3996, 259, 0, 6, 0, 0, 0, 0, 6},
  {906, 5993, 4033, 259, 0, 6, 0, 0, 0, 0, 6},
  {912, 6011, 4065, 259, 1, 6, 0, 0, 0, 0, 6},
  {443, 6046, 0, 260, 1, 6, 0, 0, 0, 0, 6},
  {352, 1385, 0, 261, 0, 6, 14, 0, 0, 0, 1},
  {252, 914, 268, 261, 0, 6, 5, 0, 0, 0, 1},
  {920, 6072, 0, 261, 2, 6, 0, 0, 0, 0, 6},
  {324, 1415, 0, 263, 1, 2, 0, 0, 0, 0, 1},
  {330, 1451, 0, 264, 1, 2, 0, 0, 0, 0, 1},
  {8, 1, 1, 265, 1, 10, 0, 1, 0, 0, 1},
  {11, 29, 31, 266, 1, 2, 0, 0, 0, 0, 1},
  {15, 61, 51, 267, 1, 10, 0, 1, 0, 0, 7},
  {18, 89, 79, 268, 1, 10, 0, 1, 0, 0, 1},
  {407, 6119, 4094, 269, 1, 13, 0, 0, 0, 0, 7},
  {462, 6148, 4122, 270, 2, 7, 0, 0, 0, 0, 7},
  {22, 118, 0, 272, 0, 2, 0, 0, 0, 0, 1},
  {29, 140, 0, 272, 2, 5, 0, 0, 0, 0, 1},
  {42, 217, 0, 274, 1, 12, 0, 0, 0, 0, 1},
  {56, 255, 0, 275, 1, 12, 0, 0, 0, 0, 1},
  {68, 291, 0, 276, 0, 10, 0, 1, 0, 0, 1},
  {81, 316, 99, 276, 0, 14, 0, 0, 0, 0, 1},
  {87, 335, 0, 276, 0, 10, 0, 1, 0, 0, 1},
  {514, 6190, 4150, 276, 0, 7, 0, 0, 0, 0, 7},
  {761, 4851, 3285, 276, 0, 6, 13, 0, 0, 13, 19},
  {94, 354, 0, 276, 1, 10, 0, 1, 0, 0, 1},
  {109, 401, 0, 277, 1, 13, 0, 0, 0, 0, 1},
  {929, 6208, 4180, 278, 1, 12, 0, 10, 0, 0, 7},
  {119, 437, 119, 279, 0, 7, 0, 0, 0, 0, 1},
  {804, 6249, 4201, 279, 0, 7, 0, 0, 0, 13, 7},
  {820, 5196, 3543, 279, 0, 7, 0, 0, 0, 13, 19},
  {569, 3532, 4238, 279, 0, 10, 0, 1, 0, 0, 7},
  {123, 453, 0, 279, 1, 12, 0, 0, 0, 0, 1},
  {128, 484, 0, 280, 1, 12, 0, 0, 0, 0, 1},
  {936, 6310, 4261, 281, 1, 10, 0, 1, 0, 0, 7},
  {945, 6342, 4291, 282, 1, 10, 0, 1, 0, 0, 7},
  {135, 518, 0, 283, 1, 12, 0, 0, 0, 0, 1},
  {143, 553, 136, 284, 0, 4, 0, 0, 0, 0, 7},
  {151, 575, 0, 284, 0, 1, 0, 0, 0, 7, 1},
  {165, 625, 0, 284, 1, 10, 0, 1, 0, 0, 1},
  {178, 661, 0, 285, 1, 13, 0, 0, 0, 0, 1},
  {200, 718, 0, 286, 2, 13, 0, 0, 0, 0, 1},
  {222, 790, 0, 288, 0, 6, 5, 0, 0, 0, 1},
  {241, 830, 179, 288, 1, 10, 0, 1, 0, 0, 1},
  {956, 6378, 0, 289, 1, 12, 0, 10, 0, 0, 7},
  {960, 6418, 4323, 290, 0, 6, 13, 0, 0, 0, 7},
  {616, 3769, 4348, 290, 0, 2, 0, 0, 0, 0, 7},
  {247, 871, 0, 290, 0, 12, 0, 0, 0, 12, 1},
  {965, 6445, 4382, 290, 1, 7, 0, 0, 0, 0, 7},
  {971, 6473, 4423, 291, 1, 7, 0, 0, 0, 0, 7},
  {252, 914, 0, 292, 0, 6, 5, 0, 0, 0, 1},
  {260, 943, 226, 292, 0, 10, 0, 1, 0, 0, 1},
  {265, 960, 0, 292, 0, 2, 0, 0, 0, 0, 1},
  {275, 985, 0, 292, 1, 12, 0, 0, 0, 0, 1},
  {283, 1017, 0, 293, 1, 12, 0, 0, 0, 0, 1},
  {290, 1048, 0, 294, 2, 13, 0, 0, 0, 0, 1},
  {296, 1100, 0, 296, 0, 10, 0, 1, 0, 0, 1},
  {307, 1123, 0, 296, 1, 10, 0, 1, 0, 0, 1},
  {319, 1167, 0, 297, 2, 13, 0, 0, 0, 0, 1},
  {324, 1222, 0, 299, 1, 2, 0, 0, 0, 0, 1},
  {330, 1267, 0, 300, 1, 2, 0, 0, 0, 0, 1},
  {339, 1311, 0, 301, 2, 4, 0, 0, 0, 0, 1},
  {978, 6502, 4448, 303, 0, 7, 0, 0, 0, 0, 7},
  {347, 1366, 239, 303, 0, 4, 0, 0, 0, 0, 1},
  {983, 6519, 4468, 303, 0, 6, 13, 0, 0, 0, 7},
  {352, 1385, 0, 303, 0, 6, 14, 0, 0, 0, 1},
  {252, 914, 268, 303, 0, 6, 5, 0, 0, 0, 1},
  {920, 6548, 0, 303, 0, 7, 0, 0, 0, 0, 7},
  {324, 1415, 0, 303, 1, 2, 0, 0, 0, 0, 1},
  {330, 1451, 0, 304, 1, 2, 0, 0, 0, 0, 1},
  {8, 1, 1, 305, 1, 10, 0, 1, 0, 0, 1},
  {11, 29, 31, 306, 1, 2, 0, 0, 0, 0, 1},
  {15, 61, 51, 307, 1, 10, 0, 1, 0, 0, 8},
  {18, 6564, 4495, 308, 1, 10, 0, 1, 0, 0, 8},
  {22, 118, 0, 309, 0, 2, 0, 0, 0, 0, 1},
  {29, 140, 0, 309, 2, 5, 0, 0, 0, 0, 1},
  {42, 217, 0, 311, 1, 12, 0, 0, 0, 0, 1},
  {56, 255, 0, 312, 1, 12, 0, 0, 0, 0, 1},
  {68, 291, 0, 313, 0, 10, 0, 1, 0, 0, 1},
  {81, 316, 99, 313, 0, 14, 0, 0, 0, 0, 1},
  {87, 335, 0, 313, 0, 10, 0, 1, 0, 0, 1},
  {761, 4851, 3285, 313, 0, 6, 13, 0, 0, 13, 19},
  {94, 354, 0, 313, 1, 10, 0, 1, 0, 0, 1},
  {109, 401, 0, 314, 1, 13, 0, 0, 0, 0, 1},
  {119, 437, 119, 315, 0, 8, 0, 0, 0, 0, 1},
  {804, 5092, 4531, 315, 0, 8, 0, 0, 0, 13, 8},
  {820, 5196, 3543, 315, 0, 8, 0, 0, 0, 13, 19},
  {996, 6594, 4571, 315, 0, 10, 0, 1, 0, 0, 8},
  {123, 453, 0, 315, 1, 12, 0, 0, 0, 0, 1},
  {128, 484, 0, 316, 1, 12, 0, 0, 0, 0, 1},
  {836, 5272, 4602, 317, 0, 13, 0, 0, 0, 0, 8},
  {135, 518, 0, 317, 1, 12, 0, 0, 0, 0, 1},
  {143, 553, 136, 318, 0, 4, 0, 0, 0, 0, 8},
  {151, 575, 0, 318, 0, 1, 0, 0, 0, 8, 1},
  {165, 625, 0, 318, 1, 10, 0, 1, 0, 0, 1},
  {178, 661, 0, 319, 1, 13, 0, 0, 0, 0, 1},
  {200, 718, 0, 320, 2, 13, 0, 0, 0, 0, 1},
  {222, 790, 0, 322, 0, 6, 5, 0, 0, 0, 1},
  {241, 830, 179, 322, 1, 10, 0, 1, 0, 0, 1},
  {847, 5364, 4630, 323, 0, 13, 0, 0, 0, 0, 8},
  {247, 871, 0, 323, 0, 12, 0, 0, 0, 12, 1},
  {252, 914, 0, 323, 0, 6, 5, 0, 0, 0, 1},
  {260, 943, 226, 323, 0, 10, 0, 1, 0, 0, 1},
  {265, 960, 0, 323, 0, 2, 0, 0, 0, 0, 1},
  {275, 985, 0, 323, 1, 12, 0, 0, 0, 0, 1},
  {283, 1017, 0, 324, 1, 12, 0, 0, 0, 0, 1},
  {290, 1048, 0, 325, 2, 13, 0, 0, 0, 0, 1},
  {296, 1100, 0, 327, 0, 10, 0, 1, 0, 0, 1},
  {307, 1123, 0, 327, 1, 10, 0, 1, 0, 0, 1},
  {319, 1167, 0, 328, 2, 13, 0, 0, 0, 0, 1},
  {324, 1222, 0, 330, 1, 2, 0, 0, 0, 0, 1},
  {330, 1267, 0, 331, 1, 2, 0, 0, 0, 0, 1},
  {339, 1311, 0, 332, 2, 4, 0, 0, 0, 0, 1},
  {347, 1366, 239, 334, 0, 4, 0, 0, 0, 0, 8},
  {352, 1385, 0, 334, 0, 6, 14, 0, 0, 0, 1},
  {252, 914, 268, 334, 0, 6, 5, 0, 0, 0, 1},
  {920, 6619, 0, 334, 3, 8, 0, 0, 0, 0, 8},
  {324, 1415, 0, 337, 1, 2, 0, 0, 0, 0, 1},
  {330, 1451, 0, 338, 1, 2, 0, 0, 0, 0, 1},
  {8, 1, 1, 339, 1, 10, 0, 1, 0, 0, 1},
  {11, 29, 31, 340, 1, 2, 0, 0, 0, 0, 1},
  {15, 61, 51, 341, 1, 10, 0, 1, 0, 0, 1},
  {18, 89, 79, 342, 1, 10, 0, 1, 0, 0, 1},
  {22, 118, 0, 343, 0, 2, 0, 0, 0, 0, 1},
  {1014, 6682, 0, 343, 0, 1, 0, 0, 0, 0, 9},
  {1024, 6706, 0, 343, 1, 1, 0, 0, 0, 0, 9},
  {29, 140, 0, 344, 2, 5, 0, 0, 0, 0, 1},
  {42, 217, 0, 346, 1, 12, 0, 0, 0, 0, 1},
  {56, 255, 0, 347, 1, 12, 0, 0, 0, 0, 1},
  {68, 291, 0, 348, 0, 10, 0, 1, 0, 0, 1},
  {1034, 6736, 4656, 348, 1, 13, 0, 0, 0, 0, 9},
  {81, 316, 99, 349, 0, 14, 0, 0, 0, 0, 1},
  {87, 335, 0, 349, 0, 10, 0, 1, 0, 0, 1},
  {94, 354, 0, 349, 1, 10, 0, 1, 0, 0, 1},
  {109, 401, 0, 350, 1, 13, 0, 0, 0, 0, 1},
  {119, 437, 119, 351, 0, 9, 0, 0, 0, 0, 1},
  {123, 453, 0, 351, 1, 12, 0, 0, 0, 0, 1},
  {128, 484, 0, 352, 1, 12, 0, 0, 0, 0, 1},
  {135, 518, 0, 353, 1, 12, 0, 0, 0, 0, 1},
  {143, 553, 136, 354, 0, 4, 0, 0, 0, 0, 1},
  {151, 575, 0, 354, 0, 1, 0, 0, 0, 9, 1},
  {165, 625, 0, 354, 1, 10, 0, 1, 0, 0, 1},
  {178, 661, 0, 355, 1, 13, 0, 0, 0, 0, 1},
  {200, 718, 0, 356, 2, 13, 0, 0, 0, 0, 1},
  {222, 790, 0, 358, 0, 6, 5, 0, 0, 0, 1},
  {241, 830, 179, 358, 1, 10, 0, 1, 0, 0, 1},
  {247, 871, 0, 359, 0, 12, 0, 0, 0, 12, 1},
  {252, 914, 0, 359, 0, 6, 5, 0, 0, 0, 1},
  {260, 943, 226, 359, 0, 10, 0, 1, 0, 0, 1},
  {265, 960, 0, 359, 0, 2, 0, 0, 0, 0, 1},
  {275, 985, 0, 359, 1, 12, 0, 0, 0, 0, 1},
  {283, 1017, 0, 360, 1, 12, 0, 0, 0, 0, 1},
  {290, 1048, 0, 361, 2, 13, 0, 0, 0, 0, 1},
  {296, 1100, 0, 363, 0, 10, 0, 1, 0, 0, 1},
  {307, 1123, 0, 363, 1, 10, 0, 1, 0, 0, 1},
  {319, 1167, 0, 364, 2, 13, 0, 0, 0, 0, 1},
  {324, 1222, 0, 366, 1, 2, 0, 0, 0, 0, 1},
  {330, 1267, 0, 367, 1, 2, 0, 0, 0, 0, 1},
  {339, 1311, 0, 368, 2, 4, 0, 0, 0, 0, 1},
  {347, 1366, 239, 370, 0, 4, 0, 0, 0, 0, 1},
  {352, 1385, 0, 370, 0, 6, 14, 0, 0, 0, 1},
  {252, 914, 268, 370, 0, 6, 5, 0, 0, 0, 1},
  {920, 6774, 0, 370, 0, 9, 0, 0, 0, 13, 9},
  {324, 1415, 0, 370, 1, 2, 0, 0, 0, 0, 1},
  {330, 1451, 0, 371, 1, 2, 0, 0, 0, 0, 1},
  {460, 2726, 0, 372, 0, 10, 0, 1, 0, 0, 16},
  {8, 1, 1, 372, 1, 10, 0, 1, 0, 0, 1},
  {372, 6824, 4666, 373, 1, 10, 0, 1, 0, 0, 16},
  {11, 29, 31, 374, 1, 2, 0, 0, 0, 0, 1},
  {15, 61, 51, 375, 1, 10, 0, 1, 0, 0, 1},
  {18, 89, 0, 376, 1, 10, 0, 1, 0, 0, 16},
  {410, 6851, 4696, 377, 1, 10, 0, 1, 0, 0, 16},
  {22, 118, 0, 378, 0, 2, 0, 0, 0, 0, 1},
  {29, 140, 0, 378, 2, 5, 0, 0, 0, 0, 1},
  {42, 217, 0, 380, 1, 12, 0, 0, 0, 0, 1},
  {56, 255, 0, 381, 1, 12, 0, 0, 0, 0, 1},
  {68, 291, 0, 382, 0, 10, 0, 1, 0, 0, 1},
  {81, 316, 99, 382, 0, 14, 0, 0, 0, 0, 1},
  {87, 335, 0, 382, 0, 10, 0, 1, 0, 0, 1},
  {94, 354, 0, 382, 1, 10, 0, 1, 0, 0, 1},
  {109, 401, 0, 383, 1, 13, 0, 0, 0, 0, 1},
  {119, 437, 119, 384, 0, 10, 0, 0, 0, 0, 1},
  {123, 453, 0, 384, 1, 12, 0, 0, 0, 0, 1},
  {128, 484, 0, 385, 1, 12, 0, 0, 0, 0, 1},
  {135, 518, 0, 386, 1, 12, 0, 0, 0, 0, 1},
  {143, 553, 136, 387, 0, 4, 0, 0, 0, 0, 1},
  {151, 575, 0, 387, 0, 1, 0, 0, 0, 10, 1},
  {165, 625, 0, 387, 1, 10, 0, 1, 0, 0, 1},
  {178, 661, 0, 388, 1, 13, 0, 0, 0, 0, 1},
  {200, 718, 0, 389, 2, 13, 0, 0, 0, 0, 1},
  {222, 790, 0, 391, 0, 6, 5, 0, 0, 0, 1},
  {241, 830, 179, 391, 1, 10, 0, 1, 0, 0, 1},
  {247, 871, 0, 392, 0, 12, 0, 0, 0, 12, 1},
  {252, 914, 0, 392, 0, 6, 5, 0, 0, 0, 1},
  {260, 943, 226, 392, 0, 10, 0, 1, 0, 0, 1},
  {265, 960, 0, 392, 0, 2, 0, 0, 0, 0, 1},
  {275, 985, 0, 392, 1, 12, 0, 0, 0, 0, 1},
  {283, 1017, 0, 393, 1, 12, 0, 0, 0, 0, 1},
  {290, 1048, 0, 394, 2, 13, 0, 0, 0, 0, 1},
  {296, 1100, 0, 396, 0, 10, 0, 1, 0, 0, 1},
  {307, 1123, 0, 396, 1, 10, 0, 1, 0, 0, 1},
  {319, 1167, 0, 397, 2, 13, 0, 0, 0, 0, 1},
  {324, 1222, 0, 399, 1, 2, 0, 0, 0, 0, 1},
  {330, 1267, 0, 400, 1, 2, 0, 0, 0, 0, 1},
  {339, 1311, 0, 401, 2, 4, 0, 0, 0, 0, 1},
  {347, 1366, 0, 403, 0, 4, 0, 0, 0, 0, 16},
  {443, 6878, 4726, 403, 1, 10, 0, 1, 0, 0, 16},
  {352, 1385, 0, 404, 0, 6, 14, 0, 0, 0, 1},
  {252, 914, 268, 404, 0, 6, 5, 0, 0, 0, 1},
  {324, 1415, 0, 404, 1, 2, 0, 0, 0, 0, 1},
  {330, 1451, 0, 405, 1, 2, 0, 0, 0, 0, 1},
  {460, 2726, 0, 406, 0, 10, 0, 1, 0, 0, 16},
  {8, 1, 1, 406, 1, 10, 0, 1, 0, 0, 1},
  {372, 6824, 4666, 407, 1, 10, 0, 1, 0, 0, 16},
  {11, 29, 31, 408, 1, 2, 0, 0, 0, 0, 1},
  {15, 61, 51, 409, 1, 10, 0, 1, 0, 0, 1},
  {18, 89, 0, 410, 1, 10, 0, 1, 0, 0, 16},
  {410, 6851, 4696, 411, 1, 10, 0, 1, 0, 0, 16},
  {22, 118, 0, 412, 0, 2, 0, 0, 0, 0, 1},
  {29, 140, 0, 412, 2, 5, 0, 0, 0, 0, 1},
  {42, 217, 0, 414, 1, 12, 0, 0, 0, 0, 1},
  {56, 255, 0, 415, 1, 12, 0, 0, 0, 0, 1},
  {68, 291, 0, 416, 0, 10, 0, 1, 0, 0, 1},
  {81, 316, 99, 416, 0, 14, 0, 0, 0, 0, 1},
  {87, 335, 0, 416, 0, 10, 0, 1, 0, 0, 1},
  {94, 354, 0, 416, 1, 10, 0, 1, 0, 0, 1},
  {109, 401, 0, 417, 1, 13, 0, 0, 0, 0, 1},
  {119, 437, 119, 418, 0, 11, 0, 0, 0, 0, 1},
  {123, 453, 0, 418, 1, 12, 0, 0, 0, 0, 1},
  {128, 484, 0, 419, 1, 12, 0, 0, 0, 0, 1},
  {135, 518, 0, 420, 1, 12, 0, 0, 0, 0, 1},
  {143, 553, 136, 421, 0, 4, 0, 0, 0, 0, 1},
  {151, 575, 0, 421, 0, 1, 0, 0, 0, 11, 1},
  {165, 625, 0, 421, 1, 10, 0, 1, 0, 0, 1},
  {178, 661, 0, 422, 1, 13, 0, 0, 0, 0, 1},
  {200, 718, 0, 423, 2, 13, 0, 0, 0, 0, 1},
  {222, 790, 0, 425, 0, 6, 5, 0, 0, 0, 1},
  {241, 830, 179, 425, 1, 10, 0, 1, 0, 0, 1},
  {247, 871, 0, 426, 0, 12, 0, 0, 0, 12, 1},
  {252, 914, 0, 426, 0, 6, 5, 0, 0, 0, 1},
  {260, 943, 226, 426, 0, 10, 0, 1, 0, 0, 1},
  {265, 960, 0, 426, 0, 2, 0, 0, 0, 0, 1},
  {275, 985, 0, 426, 1, 12, 0, 0, 0, 0, 1},
  {283, 1017, 0, 427, 1, 12, 0, 0, 0, 0, 1},
  {290, 1048, 0, 428, 2, 13, 0, 0, 0, 0, 1},
  {296, 1100, 0, 430, 0, 10, 0, 1, 0, 0, 1},
  {307, 1123, 0, 430, 1, 10, 0, 1, 0, 0, 1},
  {319, 1167, 0, 431, 2, 13, 0, 0, 0, 0, 1},
  {324, 1222, 0, 433, 1, 2, 0, 0, 0, 0, 1},
  {330, 1267, 0, 434, 1, 2, 0, 0, 0, 0, 1},
  {339, 1311, 0, 435, 2, 4, 0, 0, 0, 0, 1},
  {347, 1366, 0, 437, 0, 4, 0, 0, 0, 0, 16},
  {443, 6878, 4726, 437, 1, 10, 0, 1, 0, 0, 16},
  {352, 1385, 0, 438, 0, 6, 14, 0, 0, 0, 1},
  {252, 914, 268, 438, 0, 6, 5, 0, 0, 0, 1},
  {324, 1415, 0, 438, 1, 2, 0, 0, 0, 0, 1},
  {330, 1451, 0, 439, 1, 2, 0, 0, 0, 0, 1},
  {460, 2726, 0, 440, 0, 10, 0, 1, 0, 0, 12},
  {8, 1, 1, 440, 1, 10, 0, 1, 0, 0, 1},
  {372, 6824, 4755, 441, 1, 10, 0, 1, 0, 0, 12},
  {11, 29, 31, 442, 1, 2, 0, 0, 0, 0, 1},
  {15, 61, 51, 443, 1, 10, 0, 1, 0, 0, 1},
  {18, 89, 0, 444, 1, 10, 0, 1, 0, 0, 12},
  {410, 6851, 4776, 445, 1, 10, 0, 1, 0, 0, 12},
  {22, 118, 0, 446, 0, 2, 0, 0, 0, 0, 1},
  {29, 140, 0, 446, 2, 5, 0, 0, 0, 0, 1},
  {42, 217, 0, 448, 1, 12, 0, 0, 0, 0, 1},
  {56, 255, 0, 449, 1, 12, 0, 0, 0, 0, 1},
  {68, 291, 0, 450, 0, 10, 0, 1, 0, 0, 1},
  {81, 316, 99, 450, 0, 14, 0, 0, 0, 0, 1},
  {87, 335, 0, 450, 0, 10, 0, 1, 0, 0, 1},
  {94, 354, 0, 450, 1, 10, 0, 1, 0, 0, 1},
  {109, 401, 0, 451, 1, 13, 0, 0, 0, 0, 1},
  {119, 437, 119, 452, 0, 12, 0, 0, 0, 0, 1},
  {123, 453, 0, 452, 1, 12, 0, 0, 0, 0, 1},
  {128, 484, 0, 453, 1, 12, 0, 0, 0, 0, 1},
  {135, 518, 0, 454, 1, 12, 0, 0, 0, 0, 1},
  {143, 553, 4810, 455, 0, 4, 0, 0, 0, 0, 12},
  {151, 575, 0, 455, 0, 1, 0, 0, 0, 12, 1},
  {165, 625, 0, 455, 1, 10, 0, 1, 0, 0, 1},
  {178, 661, 0, 456, 1, 13, 0, 0, 0, 0, 1},
  {200, 718, 0, 457, 2, 13, 0, 0, 0, 0, 1},
  {222, 790, 0, 459, 0, 6, 5, 0, 0, 0, 1},
  {241, 830, 179, 459, 1, 10, 0, 1, 0, 0, 1},
  {247, 871, 0, 460, 0, 12, 0, 0, 0, 12, 1},
  {252, 914, 0, 460, 0, 6, 5, 0, 0, 0, 1},
  {260, 943, 4824, 460, 0, 10, 0, 1, 0, 0, 12},
  {265, 960, 0, 460, 0, 2, 0, 0, 0, 0, 1},
  {275, 985, 0, 460, 1, 12, 0, 0, 0, 0, 1},
  {283, 1017, 0, 461, 1, 12, 0, 0, 0, 0, 1},
  {290, 1048, 0, 462, 2, 13, 0, 0, 0, 0, 1},
  {296, 1100, 0, 464, 0, 10, 0, 1, 0, 0, 1},
  {307, 1123, 0, 464, 1, 10, 0, 1, 0, 0, 1},
  {319, 1167, 0, 465, 2, 13, 0, 0, 0, 0, 1},
  {324, 1222, 0, 467, 1, 2, 0, 0, 0, 0, 1},
  {330, 1267, 0, 468, 1, 2, 0, 0, 0, 0, 1},
  {339, 1311, 0, 469, 2, 4, 0, 0, 0, 0, 1},
  {433, 2295, 4837, 471, 0, 3, 0, 0, 0, 0, 12},
  {978, 6905, 4849, 471, 0, 7, 0, 0, 0, 0, 12},
  {438, 2313, 4868, 471, 0, 2, 0, 0, 0, 0, 12},
  {347, 1366, 4878, 471, 0, 4, 0, 0, 0, 0, 12},
  {443, 6878, 4776, 471, 1, 10, 0, 1, 0, 0, 12},
  {352, 1385, 0, 472, 0, 6, 14, 0, 0, 0, 1},
  {252, 914, 268, 472, 0, 6, 5, 0, 0, 0, 1},
  {324, 1415, 0, 472, 1, 2, 0, 0, 0, 0, 1},
  {330, 1451, 0, 473, 1, 2, 0, 0, 0, 0, 1},
  {8, 1, 1, 474, 1, 10, 0, 1, 0, 0, 1},
  {11, 29, 31, 475, 1, 2, 0, 0, 0, 0, 1},
  {15, 61, 51, 476, 1, 10, 0, 1, 0, 0, 1},
  {18, 89, 79, 477, 1, 10, 0, 1, 0, 0, 1},
  {22, 118, 0, 478, 0, 2, 0, 0, 0, 0, 1},
  {29, 140, 0, 478, 2, 5, 0, 0, 0, 0, 1},
  {42, 217, 0, 480, 1, 12, 0, 0, 0, 0, 1},
  {56, 255, 0, 481, 1, 12, 0, 0, 0, 0, 1},
  {68, 291, 0, 482, 0, 10, 0, 1, 0, 0, 1},
  {81, 316, 99, 482, 0, 14, 0, 0, 0, 0, 1},
  {87, 335, 0, 482, 0, 10, 0, 1, 0, 0, 1},
  {94, 354, 0, 482, 1, 10, 0, 1, 0, 0, 1},
  {109, 401, 0, 483, 1, 13, 0, 0, 0, 0, 1},
  {119, 437, 119, 484, 0, 13, 0, 0, 0, 0, 1},
  {123, 453, 0, 484, 1, 12, 0, 0, 0, 0, 1},
  {128, 484, 0, 485, 1, 12, 0, 0, 0, 0, 1},
  {135, 518, 0, 486, 1, 12, 0, 0, 0, 0, 1},
  {143, 553, 136, 487, 0, 4, 0, 0, 0, 0, 1},
  {151, 575, 0, 487, 0, 1, 0, 0, 0, 13, 1},
  {165, 625, 0, 487, 1, 10, 0, 1, 0, 0, 1},
  {178, 661, 0, 488, 1, 13, 0, 0, 0, 0, 1},
  {200, 718, 0, 489, 2, 13, 0, 0, 0, 0, 1},
  {222, 790, 0, 491, 0, 6, 5, 0, 0, 0, 1},
  {241, 830, 179, 491, 1, 10, 0, 1, 0, 0, 1},
  {247, 871, 0, 492, 0, 12, 0, 0, 0, 12, 1},
  {252, 914, 0, 492, 0, 6, 5, 0, 0, 0, 1},
  {260, 943, 226, 492, 0, 10, 0, 1, 0, 0, 1},
  {265, 960, 0, 492, 0, 2, 0, 0, 0, 0, 1},
  {275, 985, 0, 492, 1, 12, 0, 0, 0, 0, 1},
  {283, 1017, 0, 493, 1, 12, 0, 0, 0, 0, 1},
  {290, 1048, 0, 494, 2, 13, 0, 0, 0, 0, 1},
  {296, 1100, 0, 496, 0, 10, 0, 1, 0, 0, 1},
  {307, 1123, 0, 496, 1, 10, 0, 1, 0, 0, 1},
  {319, 1167, 0, 497, 2, 13, 0, 0, 0, 0, 1},
  {324, 1222, 0, 499, 1, 2, 0, 0, 0, 0, 1},
  {330, 1267, 0, 500, 1, 2, 0, 0, 0, 0, 1},
  {339, 1311, 0, 501, 2, 4, 0, 0, 0, 0, 1},
  {433, 2295, 0, 503, 0, 3, 0, 0, 0, 0, 13},
  {438, 2313, 0, 503, 0, 2, 0, 0, 0, 0, 13},
  {1077, 6922, 0, 503, 0, 2, 0, 0, 0, 0, 13},
  {347, 1366, 0, 503, 0, 4, 0, 0, 0, 0, 13},
  {352, 1385, 0, 503, 0, 6, 14, 0, 0, 0, 1},
  {252, 914, 268, 503, 0, 6, 5, 0, 0, 0, 1},
  {324, 1415, 0, 503, 1, 2, 0, 0, 0, 0, 1},
  {330, 1451, 0, 504, 1, 2, 0, 0, 0, 0, 1},
  {8, 1, 1, 505, 1, 10, 0, 1, 0, 0, 1},
  {11, 29, 31, 506, 1, 2, 0, 0, 0, 0, 1},
  {15, 61, 51, 507, 1, 10, 0, 1, 0, 0, 1},
  {18, 89, 79, 508, 1, 10, 0, 1, 0, 0, 1},
  {22, 118, 0, 509, 0, 2, 0, 0, 0, 0, 1},
  {29, 140, 0, 509, 2, 5, 0, 0, 0, 0, 1},
  {42, 217, 0, 511, 1, 12, 0, 0, 0, 0, 1},
  {56, 255, 0, 512, 1, 12, 0, 0, 0, 0, 1},
  {68, 291, 0, 513, 0, 10, 0, 1, 0, 0, 1},
  {81, 316, 99, 513, 0, 14, 0, 0, 0, 0, 1},
  {87, 335, 0, 513, 0, 10, 0, 1, 0, 0, 1},
  {94, 354, 0, 513, 1, 10, 0, 1, 0, 0, 1},
  {109, 401, 0, 514, 1, 13, 0, 0, 0, 0, 1},
  {119, 437, 119, 515, 0, 14, 0, 0, 0, 0, 1},
  {123, 453, 0, 515, 1, 12, 0, 0, 0, 0, 1},
  {128, 484, 0, 516, 1, 12, 0, 0, 0, 0, 1},
  {135, 518, 0, 517, 1, 12, 0, 0, 0, 0, 1},
  {143, 553, 136, 518, 0, 4, 0, 0, 0, 0, 1},
  {151, 575, 0, 518, 0, 1, 0, 0, 0, 14, 1},
  {165, 625, 0, 518, 1, 10, 0, 1, 0, 0, 1},
  {178, 661, 0, 519, 1, 13, 0, 0, 0, 0, 1},
  {200, 718, 0, 520, 2, 13, 0, 0, 0, 0, 1},
  {222, 790, 0, 522, 0, 6, 5, 0, 0, 0, 1},
  {241, 830, 179, 522, 1, 10, 0, 1, 0, 0, 1},
  {247, 871, 0, 523, 0, 12, 0, 0, 0, 12, 1},
  {252, 914, 0, 523, 0, 6, 5, 0, 0, 0, 1},
  {1090, 6944, 4899, 523, 0, 4, 0, 0, 0, 0, 14},
  {260, 943, 226, 523, 0, 10, 0, 1, 0, 0, 1},
  {265, 960, 0, 523, 0, 2, 0, 0, 0, 0, 1},
  {275, 985, 0, 523, 1, 12, 0, 0, 0, 0, 1},
  {283, 1017, 0, 524, 1, 12, 0, 0, 0, 0, 1},
  {290, 1048, 0, 525, 2, 13, 0, 0, 0, 0, 1},
  {296, 1100, 0, 527, 0, 10, 0, 1, 0, 0, 1},
  {307, 1123, 0, 527, 1, 10, 0, 1, 0, 0, 1},
  {319, 1167, 0, 528, 2, 13, 0, 0, 0, 0, 1},
  {324, 1222, 0, 530, 1, 2, 0, 0, 0, 0, 1},
  {330, 1267, 0, 531, 1, 2, 0, 0, 0, 0, 1},
  {339, 1311, 0, 532, 2, 4, 0, 0, 0, 0, 1},
  {347, 1366, 239, 534, 0, 4, 0, 0, 0, 0, 1},
  {352, 1385, 0, 534, 0, 6, 14, 0, 0, 0, 1},
  {252, 914, 268, 534, 0, 6, 5, 0, 0, 0, 1},
  {324, 1415, 0, 534, 1, 2, 0, 0, 0, 0, 1},
  {330, 1451, 0, 535, 1, 2, 0, 0, 0, 0, 1},
  {8, 1, 1, 536, 1, 10, 0, 1, 0, 0, 1},
  {1102, 6963, 0, 537, 1, 9, 0, 0, 0, 13, 15},
  {11, 29, 31, 538, 1, 2, 0, 0, 0, 0, 1},
  {15, 61, 51, 539, 1, 10, 0, 1, 0, 0, 1},
  {18, 89, 79, 540, 1, 10, 0, 1, 0, 0, 1},
  {22, 118, 0, 541, 0, 2, 0, 0, 0, 0, 1},
  {29, 140, 0, 541, 2, 5, 0, 0, 0, 0, 1},
  {42, 217, 0, 543, 1, 12, 0, 0, 0, 0, 1},
  {56, 255, 0, 544, 1, 12, 0, 0, 0, 0, 1},
  {68, 291, 0, 545, 0, 10, 0, 1, 0, 0, 1},
  {81, 316, 99, 545, 0, 14, 0, 0, 0, 0, 1},
  {87, 335, 0, 545, 0, 10, 0, 1, 0, 0, 1},
  {94, 354, 0, 545, 1, 10, 0, 1, 0, 0, 1},
  {109, 401, 0, 546, 1, 13, 0, 0, 0, 0, 1},
  {119, 437, 119, 547, 0, 15, 0, 0, 0, 0, 1},
  {123, 453, 0, 547, 1, 12, 0, 0, 0, 0, 1},
  {128, 484, 0, 548, 1, 12, 0, 0, 0, 0, 1},
  {135, 518, 0, 549, 1, 12, 0, 0, 0, 0, 1},
  {143, 553, 136, 550, 0, 4, 0, 0, 0, 0, 1},
  {151, 575, 0, 550, 0, 1, 0, 0, 0, 15, 1},
  {165, 625, 0, 550, 1, 10, 0, 1, 0, 0, 1},
  {178, 661, 0, 551, 1, 13, 0, 0, 0, 0, 1},
  {200, 718, 0, 552, 2, 13, 0, 0, 0, 0, 1},
  {222, 790, 0, 554, 0, 6, 5, 0, 0, 0, 1},
  {241, 830, 179, 554, 1, 10, 0, 1, 0, 0, 1},
  {1105, 7034, 4927, 555, 0, 9, 0, 0, 0, 13, 15},
  {247, 871, 0, 555, 0, 12, 0, 0, 0, 12, 1},
  {252, 914, 0, 555, 0, 6, 5, 0, 0, 0, 1},
  {260, 943, 226, 555, 0, 10, 0, 1, 0, 0, 1},
  {265, 960, 0, 555, 0, 2, 0, 0, 0, 0, 1},
  {1112, 7087, 4952, 555, 1, 15, 0, 0, 0, 0, 15},
  {1114, 7117, 4978, 556, 1, 12, 0, 0, 0, 0, 15},
  {275, 985, 0, 557, 1, 12, 0, 0, 0, 0, 1},
  {1120, 7150, 4992, 558, 0, 9, 0, 0, 0, 13, 15},
  {283, 1017, 0, 558, 1, 12, 0, 0, 0, 0, 1},
  {1125, 7201, 5011, 559, 1, 12, 0, 0, 0, 0, 15},
  {290, 1048, 0, 560, 2, 13, 0, 0, 0, 0, 1},
  {296, 1100, 0, 562, 0, 10, 0, 1, 0, 0, 1},
  {307, 1123, 0, 562, 1, 10, 0, 1, 0, 0, 1},
  {319, 1167, 0, 563, 2, 13, 0, 0, 0, 0, 1},
  {324, 1222, 0, 565, 1, 2, 0, 0, 0, 0, 1},
  {330, 1267, 0, 566, 1, 2, 0, 0, 0, 0, 1},
  {339, 1311, 0, 567, 2, 4, 0, 0, 0, 0, 1},
  {347, 1366, 239, 569, 0, 4, 0, 0, 0, 0, 1},
  {1130, 7233, 0, 569, 1, 15, 0, 0, 0, 0, 15},
  {352, 1385, 0, 570, 0, 6, 14, 0, 0, 0, 1},
  {252, 914, 268, 570, 0, 6, 5, 0, 0, 0, 1},
  {324, 1415, 0, 570, 1, 2, 0, 0, 0, 0, 1},
  {330, 1451, 0, 571, 1, 2, 0, 0, 0, 0, 1},
  {460, 2726, 0, 572, 0, 10, 0, 1, 0, 0, 16},
  {8, 1, 1, 572, 1, 10, 0, 1, 0, 0, 1},
  {372, 6824, 4666, 573, 1, 10, 0, 1, 0, 0, 16},
  {11, 29, 31, 574, 1, 2, 0, 0, 0, 0, 1},
  {15, 61, 51, 575, 1, 10, 0, 1, 0, 0, 1},
  {18, 89, 0, 576, 1, 10, 0, 1, 0, 0, 16},
  {410, 6851, 4696, 577, 1, 10, 0, 1, 0, 0, 16},
  {22, 118, 0, 578, 0, 2, 0, 0, 0, 0, 1},
  {29, 140, 0, 578, 2, 5, 0, 0, 0, 0, 1},
  {42, 217, 0, 580, 1, 12, 0, 0, 0, 0, 1},
  {56, 255, 0, 581, 1, 12, 0, 0, 0, 0, 1},
  {68, 291, 0, 582, 0, 10, 0, 1, 0, 0, 1},
  {81, 316, 99, 582, 0, 14, 0, 0, 0, 0, 1},
  {87, 335, 0, 582, 0, 10, 0, 1, 0, 0, 1},
  {94, 354, 0, 582, 1, 10, 0, 1, 0, 0, 1},
  {109, 401, 0, 583, 1, 13, 0, 0, 0, 0, 1},
  {119, 437, 119, 584, 0, 16, 0, 0, 0, 0, 1},
  {123, 453, 0, 584, 1, 12, 0, 0, 0, 0, 1},
  {128, 484, 0, 585, 1, 12, 0, 0, 0, 0, 1},
  {135, 518, 0, 586, 1, 12, 0, 0, 0, 0, 1},
  {143, 553, 136, 587, 0, 4, 0, 0, 0, 0, 1},
  {151, 575, 0, 587, 0, 1, 0, 0, 0, 16, 1},
  {165, 625, 0, 587, 1, 10, 0, 1, 0, 0, 1},
  {178, 661, 0, 588, 1, 13, 0, 0, 0, 0, 1},
  {200, 718, 0, 589, 2, 13, 0, 0, 0, 0, 1},
  {222, 790, 0, 591, 0, 6, 5, 0, 0, 0, 1},
  {241, 830, 179, 591, 1, 10, 0, 1, 0, 0, 1},
  {247, 871, 0, 592, 0, 12, 0, 0, 0, 12, 1},
  {252, 914, 0, 592, 0, 6, 5, 0, 0, 0, 1},
  {260, 943, 226, 592, 0, 10, 0, 1, 0, 0, 1},
  {265, 960, 0, 592, 0, 2, 0, 0, 0, 0, 1},
  {275, 985, 0, 592, 1, 12, 0, 0, 0, 0, 1},
  {283, 1017, 0, 593, 1, 12, 0, 0, 0, 0, 1},
  {290, 1048, 0, 594, 2, 13, 0, 0, 0, 0, 1},
  {296, 1100, 0, 596, 0, 10, 0, 1, 0, 0, 1},
  {307, 1123, 0, 596, 1, 10, 0, 1, 0, 0, 1},
  {319, 1167, 0, 597, 2, 13, 0, 0, 0, 0, 1},
  {324, 1222, 0, 599, 1, 2, 0, 0, 0, 0, 1},
  {330, 1267, 0, 600, 1, 2, 0, 0, 0, 0, 1},
  {339, 1311, 0, 601, 2, 4, 0, 0, 0, 0, 1},
  {347, 1366, 0, 603, 0, 4, 0, 0, 0, 0, 16},
  {443, 6878, 4726, 603, 1, 10, 0, 1, 0, 0, 16},
  {352, 1385, 0, 604, 0, 6, 14, 0, 0, 0, 1},
  {252, 914, 268, 604, 0, 6, 5, 0, 0, 0, 1},
  {324, 1415, 0, 604, 1, 2, 0, 0, 0, 0, 1},
  {330, 1451, 0, 605, 1, 2, 0, 0, 0, 0, 1},
  {8, 1, 1, 606, 1, 10, 0, 1, 0, 0, 1},
  {11, 29, 31, 607, 1, 2, 0, 0, 0, 0, 1},
  {15, 61, 51, 608, 1, 10, 0, 1, 0, 0, 1},
  {18, 89, 79, 609, 1, 10, 0, 1, 0, 0, 1},
  {22, 118, 0, 610, 0, 2, 0, 0, 0, 0, 1},
  {29, 140, 0, 610, 2, 5, 0, 0, 0, 0, 1},
  {42, 217, 0, 612, 1, 12, 0, 0, 0, 0, 1},
  {56, 255, 0, 613, 1, 12, 0, 0, 0, 0, 1},
  {68, 291, 0, 614, 0, 10, 0, 1, 0, 0, 1},
  {81, 316, 99, 614, 0, 14, 0, 0, 0, 0, 1},
  {87, 335, 0, 614, 0, 10, 0, 1, 0, 0, 1},
  {1145, 7269, 0, 614, 0, 12, 0, 0, 0, 0, 17},
  {94, 354, 0, 614, 1, 10, 0, 1, 0, 0, 1},
  {109, 401, 0, 615, 1, 13, 0, 0, 0, 0, 1},
  {119, 437, 119, 616, 0, 17, 0, 0, 0, 0, 1},
  {123, 453, 0, 616, 1, 12, 0, 0, 0, 0, 1},
  {128, 484, 0, 617, 1, 12, 0, 0, 0, 0, 1},
  {135, 518, 0, 618, 1, 12, 0, 0, 0, 0, 1},
  {143, 553, 136, 619, 0, 4, 0, 0, 0, 0, 1},
  {151, 575, 0, 619, 0, 1, 0, 0, 0, 17, 1},
  {165, 625, 0, 619, 1, 10, 0, 1, 0, 0, 1},
  {178, 661, 0, 620, 1, 13, 0, 0, 0, 0, 1},
  {200, 718, 0, 621, 2, 13, 0, 0, 0, 0, 1},
  {222, 790, 0, 623, 0, 6, 5, 0, 0, 0, 1},
  {241, 830, 179, 623, 1, 10, 0, 1, 0, 0, 1},
  {247, 871, 0, 624, 0, 12, 0, 0, 0, 12, 1},
  {252, 914, 0, 624, 0, 6, 5, 0, 0, 0, 1},
  {260, 943, 226, 624, 0, 10, 0, 1, 0, 0, 1},
  {265, 960, 0, 624, 0, 2, 0, 0, 0, 0, 1},
  {275, 985, 0, 624, 1, 12, 0, 0, 0, 0, 1},
  {283, 1017, 0, 625, 1, 12, 0, 0, 0, 0, 1},
  {290, 1048, 0, 626, 2, 13, 0, 0, 0, 0, 1},
  {1151, 7286, 0, 628, 0, 4, 0, 7, 0, 0, 17},
  {296, 1100, 0, 628, 0, 10, 0, 1, 0, 0, 1},
  {307, 1123, 0, 628, 1, 10, 0, 1, 0, 0, 1},
  {319, 1167, 0, 629, 2, 13, 0, 0, 0, 0, 1},
  {324, 1222, 0, 631, 1, 2, 0, 0, 0, 0, 1},
  {330, 1267, 0, 632, 1, 2, 0, 0, 0, 0, 1},
  {339, 1311, 0, 633, 2, 4, 0, 0, 0, 0, 1},
  {347, 1366, 239, 635, 0, 4, 0, 0, 0, 0, 1},
  {352, 1385, 0, 635, 0, 6, 14, 0, 0, 0, 1},
  {1156, 7313, 0, 635, 1, 10, 0, 1, 0, 0, 17},
  {252, 914, 268, 636, 0, 6, 5, 0, 0, 0, 1},
  {1163, 7343, 0, 636, 1, 2, 0, 0, 0, 0, 17},
  {920, 7375, 0, 637, 1, 17, 0, 0, 0, 0, 17},
  {1169, 7401, 0, 638, 1, 13, 0, 11, 0, 17, 17},
  {1174, 7490, 0, 639, 1, 2, 0, 0, 0, 0, 17},
  {324, 1415, 0, 640, 1, 2, 0, 0, 0, 0, 1},
  {330, 1451, 0, 641, 1, 2, 0, 0, 0, 0, 1},
  {8, 1, 1, 642, 1, 10, 0, 1, 0, 0, 1},
  {11, 29, 31, 643, 1, 2, 0, 0, 0, 0, 1},
  {15, 61, 51, 644, 1, 10, 0, 1, 0, 0, 1},
  {18, 89, 79, 645, 1, 10, 0, 1, 0, 0, 1},
  {22, 118, 0, 646, 0, 2, 0, 0, 0, 0, 1},
  {29, 140, 0, 646, 2, 5, 0, 0, 0, 0, 1},
  {42, 217, 0, 648, 1, 12, 0, 0, 0, 0, 1},
  {56, 255, 0, 649, 1, 12, 0, 0, 0, 0, 1},
  {68, 291, 0, 650, 0, 10, 0, 1, 0, 0, 1},
  {81, 316, 99, 650, 0, 14, 0, 0, 0, 0, 1},
  {87, 335, 0, 650, 0, 10, 0, 1, 0, 0, 1},
  {94, 354, 0, 650, 1, 10, 0, 1, 0, 0, 1},
  {109, 401, 0, 651, 1, 13, 0, 0, 0, 0, 1},
  {119, 437, 119, 652, 0, 18, 0, 0, 0, 0, 1},
  {123, 453, 0, 652, 1, 12, 0, 0, 0, 0, 1},
  {128, 484, 0, 653, 1, 12, 0, 0, 0, 0, 1},
  {135, 518, 0, 654, 1, 12, 0, 0, 0, 0, 1},
  {143, 553, 136, 655, 0, 4, 0, 0, 0, 0, 1},
  {151, 575, 0, 655, 0, 1, 0, 0, 0, 18, 1},
  {165, 625, 0, 655, 1, 10, 0, 1, 0, 0, 1},
  {178, 661, 0, 656, 1, 13, 0, 0, 0, 0, 1},
  {200, 718, 0, 657, 2, 13, 0, 0, 0, 0, 1},
  {222, 790, 0, 659, 0, 6, 5, 0, 0, 0, 1},
  {241, 830, 179, 659, 1, 10, 0, 1, 0, 0, 1},
  {247, 871, 0, 660, 0, 12, 0, 0, 0, 12, 1},
  {252, 914, 0, 660, 0, 6, 5, 0, 0, 0, 1},
  {260, 943, 226, 660, 0, 10, 0, 1, 0, 0, 1},
  {265, 960, 0, 660, 0, 2, 0, 0, 0, 0, 1},
  {275, 985, 0, 660, 1, 12, 0, 0, 0, 0, 1},
  {283, 1017, 0, 661, 1, 12, 0, 0, 0, 0, 1},
  {290, 1048, 0, 662, 2, 13, 0, 0, 0, 0, 1},
  {296, 1100, 0, 664, 0, 10, 0, 1, 0, 0, 1},
  {307, 1123, 0, 664, 1, 10, 0, 1, 0, 0, 1},
  {319, 1167, 0, 665, 2, 13, 0, 0, 0, 0, 1},
  {324, 1222, 0, 667, 1, 2, 0, 0, 0, 0, 1},
  {330, 1267, 0, 668, 1, 2, 0, 0, 0, 0, 1},
  {339, 1311, 0, 669, 2, 4, 0, 0, 0, 0, 1},
  {347, 1366, 239, 671, 0, 4, 0, 0, 0, 0, 1},
  {352, 1385, 0, 671, 0, 6, 14, 0, 0, 0, 1},
  {1188, 7522, 5038, 671, 1, 13, 0, 0, 0, 0, 18},
  {1200, 7567, 5072, 672, 0, 13, 0, 0, 0, 0, 18},
  {1208, 7590, 5099, 672, 1, 13, 0, 0, 0, 0, 18},
  {1220, 7630, 5142, 673, 0, 2, 0, 0, 0, 0, 18},
  {252, 914, 268, 673, 0, 6, 5, 0, 0, 0, 1},
  {324, 1415, 0, 673, 1, 2, 0, 0, 0, 0, 1},
  {330, 1451, 0, 674, 1, 2, 0, 0, 0, 0, 1},
  {1227, 7652, 5166, 675, 0, 2, 0, 0, 0, 0, 18},
  {8, 1, 1, 675, 1, 10, 0, 1, 0, 0, 1},
  {11, 29, 31, 676, 1, 2, 0, 0, 0, 0, 1},
  {15, 61, 51, 677, 1, 10, 0, 1, 0, 0, 1},
  {18, 89, 79, 678, 1, 10, 0, 1, 0, 0, 1},
  {22, 118, 0, 679, 0, 2, 0, 0, 0, 0, 1},
  {29, 140, 0, 679, 2, 5, 0, 0, 0, 0, 1},
  {42, 217, 0, 681, 1, 12, 0, 0, 0, 0, 1},
  {56, 255, 0, 682, 1, 12, 0, 0, 0, 0, 1},
  {68, 291, 0, 683, 0, 10, 0, 1, 0, 0, 1},
  {81, 316, 99, 683, 0, 14, 0, 0, 0, 0, 1},
  {87, 335, 0, 683, 0, 10, 0, 1, 0, 0, 1},
  {761, 4851, 3285, 683, 0, 6, 13, 0, 0, 13, 19},
  {94, 354, 0, 683, 1, 10, 0, 1, 0, 0, 1},
  {109, 401, 0, 684, 1, 13, 0, 0, 0, 0, 1},
  {119, 437, 119, 685, 0, 19, 0, 0, 0, 0, 1},
  {820, 5196, 3543, 685, 0, 19, 0, 0, 0, 13, 19},
  {123, 453, 0, 685, 1, 12, 0, 0, 0, 0, 1},
  {128, 484, 0, 686, 1, 12, 0, 0, 0, 0, 1},
  {135, 518, 0, 687, 1, 12, 0, 0, 0, 0, 1},
  {143, 553, 136, 688, 0, 4, 0, 0, 0, 0, 1},
  {151, 575, 0, 688, 0, 1, 0, 0, 0, 19, 1},
  {165, 625, 0, 688, 1, 10, 0, 1, 0, 0, 1},
  {178, 661, 0, 689, 1, 13, 0, 0, 0, 0, 1},
  {200, 718, 0, 690, 2, 13, 0, 0, 0, 0, 1},
  {222, 790, 0, 692, 0, 6, 5, 0, 0, 0, 1},
  {241, 830, 179, 692, 1, 10, 0, 1, 0, 0, 1},
  {247, 871, 0, 693, 0, 12, 0, 0, 0, 12, 1},
  {252, 914, 0, 693, 0, 6, 5, 0, 0, 0, 1},
  {260, 943, 226, 693, 0, 10, 0, 1, 0, 0, 1},
  {265, 960, 0, 693, 0, 2, 0, 0, 0, 0, 1},
  {275, 985, 0, 693, 1, 12, 0, 0, 0, 0, 1},
  {283, 1017, 0, 694, 1, 12, 0, 0, 0, 0, 1},
  {290, 1048, 0, 695, 2, 13, 0, 0, 0, 0, 1},
  {296, 1100, 0, 697, 0, 10, 0, 1, 0, 0, 1},
  {307, 1123, 0, 697, 1, 10, 0, 1, 0, 0, 1},
  {319, 1167, 0, 698, 2, 13, 0, 0, 0, 0, 1},
  {324, 1222, 0, 700, 1, 2, 0, 0, 0, 0, 1},
  {330, 1267, 0, 701, 1, 2, 0, 0, 0, 0, 1},
  {339, 1311, 0, 702, 2, 4, 0, 0, 0, 0, 1},
  {347, 1366, 239, 704, 0, 4, 0, 0, 0, 0, 1},
  {352, 1385, 0, 704, 0, 6, 14, 0, 0, 0, 1},
  {252, 914, 268, 704, 0, 6, 5, 0, 0, 0, 1},
  {324, 1415, 0, 704, 1, 2, 0, 0, 0, 0, 1},
  {330, 1451, 0, 705, 1, 2, 0, 0, 0, 0, 1},
  {8, 1, 1, 706, 1, 10, 0, 1, 0, 0, 1},
  {11, 29, 31, 707, 1, 2, 0, 0, 0, 0, 1},
  {15, 61, 51, 708, 1, 10, 0, 1, 0, 0, 1},
  {18, 89, 79, 709, 1, 10, 0, 1, 0, 0, 1},
  {22, 118, 0, 710, 0, 2, 0, 0, 0, 0, 1},
  {29, 140, 0, 710, 2, 5, 0, 0, 0, 0, 1},
  {42, 217, 0, 712, 1, 12, 0, 0, 0, 0, 1},
  {56, 255, 0, 713, 1, 12, 0, 0, 0, 0, 1},
  {68, 291, 0, 714, 0, 10, 0, 1, 0, 0, 1},
  {81, 316, 99, 714, 0, 14, 0, 0, 0, 0, 1},
  {87, 335, 0, 714, 0, 10, 0, 1, 0, 0, 1},
  {1145, 7269, 5189, 714, 0, 12, 0, 0, 0, 0, 20},
  {94, 354, 0, 714, 1, 10, 0, 1, 0, 0, 1},
  {109, 401, 0, 715, 1, 13, 0, 0, 0, 0, 1},
  {119, 437, 119, 716, 0, 20, 0, 0, 0, 0, 1},
  {123, 453, 0, 716, 1, 12, 0, 0, 0, 0, 1},
  {128, 484, 0, 717, 1, 12, 0, 0, 0, 0, 1},
  {135, 518, 0, 718, 1, 12, 0, 0, 0, 0, 1},
  {143, 553, 136, 719, 0, 4, 0, 0, 0, 0, 1},
  {151, 575, 0, 719, 0, 1, 0, 0, 0, 20, 1},
  {165, 625, 0, 719, 1, 10, 0, 1, 0, 0, 1},
  {178, 661, 0, 720, 1, 13, 0, 0, 0, 0, 1},
  {200, 718, 0, 721, 2, 13, 0, 0, 0, 0, 1},
  {222, 790, 0, 723, 0, 6, 5, 0, 0, 0, 1},
  {241, 830, 179, 723, 1, 10, 0, 1, 0, 0, 1},
  {247, 871, 0, 724, 0, 12, 0, 0, 0, 12, 1},
  {252, 914, 0, 724, 0, 6, 5, 0, 0, 0, 1},
  {260, 943, 226, 724, 0, 10, 0, 1, 0, 0, 1},
  {265, 960, 0, 724, 0, 2, 0, 0, 0, 0, 1},
  {275, 985, 0, 724, 1, 12, 0, 0, 0, 0, 1},
  {283, 1017, 0, 725, 1, 12, 0, 0, 0, 0, 1},
  {290, 1048, 0, 726, 2, 13, 0, 0, 0, 0, 1},
  {1151, 7673, 5200, 728, 0, 4, 0, 0, 0, 0, 20},
  {296, 1100, 0, 728, 0, 10, 0, 1, 0, 0, 1},
  {307, 1123, 0, 728, 1, 10, 0, 1, 0, 0, 1},
  {319, 1167, 0, 729, 2, 13, 0, 0, 0, 0, 1},
  {324, 1222, 0, 731, 1, 2, 0, 0, 0, 0, 1},
  {330, 1267, 0, 732, 1, 2, 0, 0, 0, 0, 1},
  {339, 1311, 0, 733, 2, 4, 0, 0, 0, 0, 1},
  {347, 1366, 239, 735, 0, 4, 0, 0, 0, 0, 1},
  {352, 1385, 0, 735, 0, 6, 14, 0, 0, 0, 1},
  {1249, 7692, 0, 735, 1, 10, 0, 1, 0, 0, 20},
  {1156, 7313, 5229, 736, 1, 10, 0, 1, 0, 0, 20},
  {1260, 7726, 0, 737, 1, 10, 0, 1, 0, 0, 20},
  {252, 914, 268, 738, 0, 6, 5, 0, 0, 0, 1},
  {920, 7755, 0, 738, 2, 20, 0, 0, 0, 0, 20},
  {1169, 7796, 5250, 740, 2, 13, 0, 0, 0, 20, 20},
  {1266, 7868, 0, 742, 2, 2, 0, 0, 0, 0, 20},
  {324, 1415, 0, 744, 1, 2, 0, 0, 0, 0, 1},
  {330, 1451, 0, 745, 1, 2, 0, 0, 0, 0, 1},
  {1273, 7933, 0, 746, 1, 2, 0, 0, 0, 0, 20},
  {8, 1, 1, 747, 1, 10, 0, 1, 0, 0, 1},
  {11, 29, 31, 748, 1, 2, 0, 0, 0, 0, 1},
  {15, 61, 51, 749, 1, 10, 0, 1, 0, 0, 1},
  {18, 89, 79, 750, 1, 10, 0, 1, 0, 0, 1},
  {22, 118, 0, 751, 0, 2, 0, 0, 0, 0, 1},
  {29, 140, 0, 751, 2, 5, 0, 0, 0, 0, 1},
  {42, 217, 0, 753, 1, 12, 0, 0, 0, 0, 1},
  {56, 255, 0, 754, 1, 12, 0, 0, 0, 0, 1},
  {68, 291, 0, 755, 0, 10, 0, 1, 0, 0, 1},
  {81, 316, 99, 755, 0, 14, 0, 0, 0, 0, 1},
  {87, 335, 0, 755, 0, 10, 0, 1, 0, 0, 1},
  {94, 354, 0, 755, 1, 10, 0, 1, 0, 0, 1},
  {109, 401, 0, 756, 1, 13, 0, 0, 0, 0, 1},
  {119, 437, 119, 757, 0, 21, 0, 0, 0, 0, 1},
  {123, 453, 0, 757, 1, 12, 0, 0, 0, 0, 1},
  {128, 484, 0, 758, 1, 12, 0, 0, 0, 0, 1},
  {1285, 7966, 5297, 759, 0, 10, 0, 1, 0, 0, 21},
  {135, 518, 0, 759, 1, 12, 0, 0, 0, 0, 1},
  {143, 553, 136, 760, 0, 4, 0, 0, 0, 0, 1},
  {151, 575, 0, 760, 0, 1, 0, 0, 0, 21, 1},
  {165, 625, 0, 760, 1, 10, 0, 1, 0, 0, 1},
  {178, 661, 0, 761, 1, 13, 0, 0, 0, 0, 1},
  {200, 718, 0, 762, 2, 13, 0, 0, 0, 0, 1},
  {222, 790, 0, 764, 0, 6, 5, 0, 0, 0, 1},
  {241, 830, 179, 764, 1, 10, 0, 1, 0, 0, 1},
  {247, 871, 0, 765, 0, 12, 0, 0, 0, 12, 1},
  {1291, 7984, 5323, 765, 0, 10, 0, 1, 0, 0, 21},
  {252, 914, 0, 765, 0, 6, 5, 0, 0, 0, 1},
  {260, 943, 226, 765, 0, 10, 0, 1, 0, 0, 1},
  {265, 960, 0, 765, 0, 2, 0, 0, 0, 0, 1},
  {1296, 8001, 5348, 765, 1, 2, 0, 0, 0, 0, 21},
  {275, 985, 0, 766, 1, 12, 0, 0, 0, 0, 1},
  {283, 1017, 0, 767, 1, 12, 0, 0, 0, 0, 1},
  {290, 1048, 0, 768, 2, 13, 0, 0, 0, 0, 1},
  {1151, 8040, 5378, 770, 0, 2, 0, 0, 0, 0, 21},
  {296, 1100, 0, 770, 0, 10, 0, 1, 0, 0, 1},
  {307, 1123, 0, 770, 1, 10, 0, 1, 0, 0, 1},
  {319, 1167, 0, 771, 2, 13, 0, 0, 0, 0, 1},
  {1307, 8060, 0, 773, 1, 2, 0, 0, 0, 0, 21},
  {1315, 8090, 0, 774, 2, 2, 0, 0, 0, 0, 21},
  {1328, 8147, 0, 776, 1, 2, 0, 0, 0, 0, 21},
  {1337, 8178, 0, 777, 2, 2, 0, 0, 0, 0, 21},
  {324, 1222, 0, 779, 1, 2, 0, 0, 0, 0, 1},
  {330, 1267, 0, 780, 1, 2, 0, 0, 0, 0, 1},
  {339, 1311, 0, 781, 2, 4, 0, 0, 0, 0, 1},
  {347, 1366, 239, 783, 0, 4, 0, 0, 0, 0, 1},
  {1345, 8231, 5398, 783, 1, 2, 0, 0, 0, 0, 21},
  {352, 1385, 0, 784, 0, 6, 14, 0, 0, 0, 1},
  {1351, 8265, 5422, 784, 1, 10, 0, 1, 0, 0, 21},
  {1360, 8315, 5453, 785, 1, 10, 0, 1, 0, 0, 21},
  {252, 914, 268, 786, 0, 6, 5, 0, 0, 0, 1},
  {920, 8364, 5483, 786, 3, 21, 0, 0, 0, 0, 21},
  {1368, 8447, 5502, 789, 1, 2, 0, 0, 0, 0, 21},
  {1382, 8505, 5546, 790, 1, 2, 0, 0, 0, 0, 21},
  {1395, 8562, 5577, 791, 1, 2, 0, 0, 0, 0, 21},
  {1406, 8617, 5606, 792, 1, 2, 0, 0, 0, 0, 21},
  {1414, 8669, 5631, 793, 2, 2, 0, 0, 0, 0, 21},
  {1425, 8739, 5675, 795, 2, 2, 0, 0, 0, 0, 21},
  {324, 1415, 0, 797, 1, 2, 0, 0, 0, 0, 1},
  {330, 1451, 0, 798, 1, 2, 0, 0, 0, 0, 1},
  {1441, 8821, 5705, 799, 2, 2, 0, 0, 0, 0, 21},
  {8, 1, 1, 801, 1, 10, 0, 1, 0, 0, 1},
  {11, 29, 31, 802, 1, 2, 0, 0, 0, 0, 1},
  {15, 61, 51, 803, 1, 10, 0, 1, 0, 0, 1},
  {18, 89, 79, 804, 1, 10, 0, 1, 0, 0, 1},
  {22, 118, 0, 805, 0, 2, 0, 0, 0, 0, 1},
  {29, 140, 0, 805, 2, 5, 0, 0, 0, 0, 1},
  {42, 217, 0, 807, 1, 12, 0, 0, 0, 0, 1},
  {56, 255, 0, 808, 1, 12, 0, 0, 0, 0, 1},
  {68, 291, 0, 809, 0, 10, 0, 1, 0, 0, 1},
  {81, 316, 99, 809, 0, 14, 0, 0, 0, 0, 1},
  {87, 335, 0, 809, 0, 10, 0, 1, 0, 0, 1},
  {94, 354, 0, 809, 1, 10, 0, 1, 0, 0, 1},
  {109, 401, 0, 810, 1, 13, 0, 0, 0, 0, 1},
  {119, 437, 119, 811, 0, 22, 0, 0, 0, 0, 1},
  {123, 453, 0, 811, 1, 12, 0, 0, 0, 0, 1},
  {128, 484, 0, 812, 1, 12, 0, 0, 0, 0, 1},
  {135, 518, 0, 813, 1, 12, 0, 0, 0, 0, 1},
  {143, 553, 136, 814, 0, 4, 0, 0, 0, 0, 1},
  {151, 575, 0, 814, 0, 1, 0, 0, 0, 22, 1},
  {165, 625, 0, 814, 1, 10, 0, 1, 0, 0, 1},
  {178, 661, 0, 815, 1, 13, 0, 0, 0, 0, 1},
  {200, 718, 0, 816, 2, 13, 0, 0, 0, 0, 1},
  {222, 790, 0, 818, 0, 6, 5, 0, 0, 0, 1},
  {241, 830, 179, 818, 1, 10, 0, 1, 0, 0, 1},
  {247, 871, 0, 819, 0, 12, 0, 0, 0, 12, 1},
  {252, 914, 0, 819, 0, 6, 5, 0, 0, 0, 1},
  {260, 943, 226, 819, 0, 10, 0, 1, 0, 0, 1},
  {265, 960, 0, 819, 0, 2, 0, 0, 0, 0, 1},
  {275, 985, 0, 819, 1, 12, 0, 0, 0, 0, 1},
  {283, 1017, 0, 820, 1, 12, 0, 0, 0, 0, 1},
  {290, 1048, 0, 821, 2, 13, 0, 0, 0, 0, 1},
  {296, 1100, 0, 823, 0, 10, 0, 1, 0, 0, 1},
  {307, 1123, 0, 823, 1, 10, 0, 1, 0, 0, 1},
  {319, 1167, 0, 824, 2, 13, 0, 0, 0, 0, 1},
  {324, 1222, 0, 826, 1, 2, 0, 0, 0, 0, 1},
  {330, 1267, 0, 827, 1, 2, 0, 0, 0, 0, 1},
  {339, 1311, 0, 828, 2, 4, 0, 0, 0, 0, 1},
  {347, 1366, 239, 830, 0, 4, 0, 0, 0, 0, 1},
  {352, 1385, 0, 830, 0, 6, 14, 0, 0, 0, 1},
  {252, 914, 268, 830, 0, 6, 5, 0, 0, 0, 1},
  {1462, 8889, 0, 830, 2, 12, 0, 0, 0, 0, 22},
  {324, 1415, 0, 832, 1, 2, 0, 0, 0, 0, 1},
  {330, 1451, 0, 833, 1, 2, 0, 0, 0, 0, 1},
  {8, 1, 1, 834, 1, 10, 0, 1, 0, 0, 1},
  {11, 29, 31, 835, 1, 2, 0, 0, 0, 0, 1},
  {15, 61, 51, 836, 1, 10, 0, 1, 0, 0, 1},
  {18, 89, 79, 837, 1, 10, 0, 1, 0, 0, 1},
  {22, 118, 0, 838, 0, 2, 0, 0, 0, 0, 1},
  {29, 140, 0, 838, 2, 5, 0, 0, 0, 0, 1},
  {42, 217, 0, 840, 1, 12, 0, 0, 0, 0, 1},
  {56, 255, 0, 841, 1, 12, 0, 0, 0, 0, 1},
  {68, 291, 0, 842, 0, 10, 0, 1, 0, 0, 1},
  {81, 316, 99, 842, 0, 14, 0, 0, 0, 0, 1},
  {87, 335, 0, 842, 0, 10, 0, 1, 0, 0, 1},
  {94, 354, 0, 842, 1, 10, 0, 1, 0, 0, 1},
  {109, 401, 0, 843, 1, 13, 0, 0, 0, 0, 1},
  {119, 437, 119, 844, 0, 23, 0, 0, 0, 0, 1},
  {123, 453, 0, 844, 1, 12, 0, 0, 0, 0, 1},
  {128, 484, 0, 845, 1, 12, 0, 0, 0, 0, 1},
  {135, 518, 0, 846, 1, 12, 0, 0, 0, 0, 1},
  {143, 553, 136, 847, 0, 4, 0, 0, 0, 0, 1},
  {151, 575, 0, 847, 0, 1, 0, 0, 0, 23, 1},
  {165, 625, 0, 847, 1, 10, 0, 1, 0, 0, 1},
  {178, 661, 0, 848, 1, 13, 0, 0, 0, 0, 1},
  {200, 718, 0, 849, 2, 13, 0, 0, 0, 0, 1},
  {222, 790, 0, 851, 0, 6, 5, 0, 0, 0, 1},
  {241, 830, 179, 851, 1, 10, 0, 1, 0, 0, 1},
  {247, 871, 0, 852, 0, 12, 0, 0, 0, 12, 1},
  {252, 914, 0, 852, 0, 6, 5, 0, 0, 0, 1},
  {260, 943, 226, 852, 0, 10, 0, 1, 0, 0, 1},
  {265, 960, 0, 852, 0, 2, 0, 0, 0, 0, 1},
  {275, 985, 0, 852, 1, 12, 0, 0, 0, 0, 1},
  {283, 1017, 0, 853, 1, 12, 0, 0, 0, 0, 1},
  {290, 1048, 0, 854, 2, 13, 0, 0, 0, 0, 1},
  {1151, 8944, 0, 856, 4, 4, 0, 0, 0, 0, 23},
  {296, 1100, 0, 860, 0, 10, 0, 1, 0, 0, 1},
  {307, 1123, 0, 860, 1, 10, 0, 1, 0, 0, 1},
  {1491, 9057, 0, 861, 1, 12, 0, 0, 0, 0, 23},
  {319, 1167, 0, 862, 2, 13, 0, 0, 0, 0, 1},
  {324, 1222, 0, 864, 1, 2, 0, 0, 0, 0, 1},
  {330, 1267, 0, 865, 1, 2, 0, 0, 0, 0, 1},
  {339, 1311, 0, 866, 2, 4, 0, 0, 0, 0, 1},
  {347, 1366, 239, 868, 0, 4, 0, 0, 0, 0, 1},
  {1345, 9090, 0, 868, 4, 2, 0, 0, 0, 0, 23},
  {352, 1385, 0, 872, 0, 6, 14, 0, 0, 0, 1},
  {252, 914, 268, 872, 0, 6, 5, 0, 0, 0, 1},
  {920, 9207, 0, 872, 5, 23, 0, 0, 0, 0, 23},
  {324, 1415, 0, 877, 1, 2, 0, 0, 0, 0, 1},
  {330, 1451, 0, 878, 1, 2, 0, 0, 0, 0, 1},
  {8, 1, 1, 879, 1, 10, 0, 1, 0, 0, 1},
  {11, 29, 31, 880, 1, 2, 0, 0, 0, 0, 1},
  {15, 61, 51, 881, 1, 10, 0, 1, 0, 0, 1},
  {18, 89, 79, 882, 1, 10, 0, 1, 0, 0, 1},
  {22, 118, 0, 883, 0, 2, 0, 0, 0, 0, 1},
  {29, 140, 0, 883, 2, 5, 0, 0, 0, 0, 1},
  {42, 217, 0, 885, 1, 12, 0, 0, 0, 0, 1},
  {56, 255, 0, 886, 1, 12, 0, 0, 0, 0, 1},
  {68, 291, 0, 887, 0, 10, 0, 1, 0, 0, 1},
  {81, 316, 99, 887, 0, 14, 0, 0, 0, 0, 1},
  {87, 335, 0, 887, 0, 10, 0, 1, 0, 0, 1},
  {94, 354, 0, 887, 1, 10, 0, 1, 0, 0, 1},
  {109, 401, 0, 888, 1, 13, 0, 0, 0, 0, 1},
  {1537, 9318, 0, 889, 0, 13, 0, 0, 0, 24, 24},
  {1544, 9363, 0, 889, 0, 24, 0, 0, 0, 0, 24},
  {119, 437, 119, 889, 0, 24, 0, 0, 0, 0, 1},
  {1552, 9383, 0, 889, 1, 10, 0, 1, 0, 0, 24},
  {1558, 9410, 0, 890, 0, 10, 0, 1, 0, 0, 24},
  {123, 453, 0, 890, 1, 12, 0, 0, 0, 0, 1},
  {128, 484, 0, 891, 1, 12, 0, 0, 0, 0, 1},
  {1564, 9428, 0, 892, 0, 4, 0, 0, 0, 0, 24},
  {135, 518, 0, 892, 1, 12, 0, 0, 0, 0, 1},
  {143, 553, 136, 893, 0, 4, 0, 0, 0, 0, 1},
  {151, 575, 0, 893, 0, 1, 0, 0, 0, 24, 1},
  {165, 625, 0, 893, 1, 10, 0, 1, 0, 0, 1},
  {178, 661, 0, 894, 1, 13, 0, 0, 0, 0, 1},
  {200, 718, 0, 895, 2, 13, 0, 0, 0, 0, 1},
  {222, 790, 0, 897, 0, 6, 5, 0, 0, 0, 1},
  {241, 830, 179, 897, 1, 10, 0, 1, 0, 0, 1},
  {247, 871, 0, 898, 0, 12, 0, 0, 0, 12, 1},
  {252, 914, 0, 898, 0, 6, 5, 0, 0, 0, 1},
  {260, 943, 226, 898, 0, 10, 0, 1, 0, 0, 1},
  {265, 960, 0, 898, 0, 2, 0, 0, 0, 0, 1},
  {275, 985, 0, 898, 1, 12, 0, 0, 0, 0, 1},
  {283, 1017, 0, 899, 1, 12, 0, 0, 0, 0, 1},
  {290, 1048, 0, 900, 2, 13, 0, 0, 0, 0, 1},
  {1570, 9448, 0, 902, 0, 13, 0, 0, 0, 24, 24},
  {1574, 9490, 0, 902, 0, 24, 0, 0, 0, 0, 24},
  {1579, 9507, 0, 902, 2, 4, 0, 7, 0, 0, 24},
  {296, 1100, 0, 904, 0, 10, 0, 1, 0, 0, 1},
  {307, 1123, 0, 904, 1, 10, 0, 1, 0, 0, 1},
  {319, 1167, 0, 905, 2, 13, 0, 0, 0, 0, 1},
  {324, 1222, 0, 907, 1, 2, 0, 0, 0, 0, 1},
  {330, 1267, 0, 908, 1, 2, 0, 0, 0, 0, 1},
  {339, 1311, 0, 909, 2, 4, 0, 0, 0, 0, 1},
  {347, 1366, 239, 911, 0, 4, 0, 0, 0, 0, 1},
  {352, 1385, 0, 911, 0, 6, 14, 0, 0, 0, 1},
  {1593, 9614, 0, 911, 0, 12, 0, 0, 0, 0, 24},
  {1606, 9638, 0, 911, 0, 13, 0, 0, 0, 0, 24},
  {252, 914, 268, 911, 0, 6, 5, 0, 0, 0, 1},
  {1169, 9686, 0, 911, 2, 24, 0, 0, 0, 0, 24},
  {324, 1415, 0, 913, 1, 2, 0, 0, 0, 0, 1},
  {330, 1451, 0, 914, 1, 2, 0, 0, 0, 0, 1},
  {1626, 9725, 0, 915, 1, 4, 0, 0, 0, 0, 24},
  {8, 1, 1, 916, 1, 10, 0, 1, 0, 0, 1},
  {11, 29, 31, 917, 1, 2, 0, 0, 0, 0, 1},
  {15, 61, 51, 918, 1, 10, 0, 1, 0, 0, 1},
  {18, 89, 79, 919, 1, 10, 0, 1, 0, 0, 1},
  {22, 118, 0, 920, 0, 2, 0, 0, 0, 0, 1},
  {29, 140, 0, 920, 2, 5, 0, 0, 0, 0, 1},
  {42, 217, 0, 922, 1, 12, 0, 0, 0, 0, 1},
  {56, 255, 0, 923, 1, 12, 0, 0, 0, 0, 1},
  {68, 291, 0, 924, 0, 10, 0, 1, 0, 0, 1},
  {81, 316, 99, 924, 0, 14, 0, 0, 0, 0, 1},
  {87, 335, 0, 924, 0, 10, 0, 1, 0, 0, 1},
  {94, 354, 0, 924, 1, 10, 0, 1, 0, 0, 1},
  {109, 401, 0, 925, 1, 13, 0, 0, 0, 0, 1},
  {119, 437, 119, 926, 0, 25, 0, 0, 0, 0, 1},
  {123, 453, 0, 926, 1, 12, 0, 0, 0, 0, 1},
  {128, 484, 0, 927, 1, 12, 0, 0, 0, 0, 1},
  {135, 518, 0, 928, 1, 12, 0, 0, 0, 0, 1},
  {143, 553, 136, 929, 0, 4, 0, 0, 0, 0, 1},
  {151, 575, 0, 929, 0, 1, 0, 0, 0, 25, 1},
  {165, 625, 0, 929, 1, 10, 0, 1, 0, 0, 1},
  {178, 661, 0, 930, 1, 13, 0, 0, 0, 0, 1},
  {200, 718, 0, 931, 2, 13, 0, 0, 0, 0, 1},
  {222, 790, 0, 933, 0, 6, 5, 0, 0, 0, 1},
  {241, 830, 179, 933, 1, 10, 0, 1, 0, 0, 1},
  {247, 871, 0, 934, 0, 12, 0, 0, 0, 12, 1},
  {252, 914, 0, 934, 0, 6, 5, 0, 0, 0, 1},
  {260, 943, 226, 934, 0, 10, 0, 1, 0, 0, 1},
  {265, 960, 0, 934, 0, 2, 0, 0, 0, 0, 1},
  {275, 985, 0, 934, 1, 12, 0, 0, 0, 0, 1},
  {283, 1017, 0, 935, 1, 12, 0, 0, 0, 0, 1},
  {290, 1048, 0, 936, 2, 13, 0, 0, 0, 0, 1},
  {296, 1100, 0, 938, 0, 10, 0, 1, 0, 0, 1},
  {307, 1123, 0, 938, 1, 10, 0, 1, 0, 0, 1},
  {319, 1167, 0, 939, 2, 13, 0, 0, 0, 0, 1},
  {324, 1222, 0, 941, 1, 2, 0, 0, 0, 0, 1},
  {330, 1267, 0, 942, 1, 2, 0, 0, 0, 0, 1},
  {339, 1311, 0, 943, 2, 4, 0, 0, 0, 0, 1},
  {347, 1366, 239, 945, 0, 4, 0, 0, 0, 0, 1},
  {1645, 9778, 5734, 945, 1, 3, 0, 0, 0, 0, 25},
  {1650, 9803, 5754, 946, 1, 3, 0, 0, 0, 0, 25},
  {352, 1385, 0, 947, 0, 6, 14, 0, 0, 0, 1},
  {1656, 9829, 5790, 947, 1, 3, 0, 0, 0, 0, 25},
  {1661, 9854, 5808, 948, 1, 3, 0, 0, 0, 0, 25},
  {1667, 9880, 5842, 949, 1, 3, 0, 0, 0, 0, 25},
  {1672, 9905, 5863, 950, 2, 3, 0, 0, 0, 0, 25},
  {1678, 9940, 5903, 952, 1, 3, 0, 0, 0, 0, 25},
  {1684, 9966, 5940, 953, 1, 3, 0, 0, 0, 0, 25},
  {1689, 9991, 5960, 954, 1, 3, 0, 0, 0, 0, 25},
  {1693, 10015, 5977, 955, 1, 3, 0, 0, 0, 0, 25},
  {1698, 10040, 6005, 956, 1, 3, 0, 0, 0, 0, 25},
  {1702, 10064, 6030, 957, 1, 3, 0, 0, 0, 0, 25},
  {1707, 10089, 6069, 958, 1, 3, 0, 0, 0, 0, 25},
  {1711, 10113, 6100, 959, 2, 3, 0, 0, 0, 0, 25},
  {1717, 10148, 6139, 961, 2, 3, 0, 0, 0, 0, 25},
  {1723, 10199, 6157, 963, 1, 3, 0, 0, 0, 0, 25},
  {1727, 10223, 6185, 964, 1, 3, 0, 0, 0, 0, 25},
  {1733, 10249, 6212, 965, 1, 3, 0, 0, 0, 0, 25},
  {252, 914, 268, 966, 0, 6, 5, 0, 0, 0, 1},
  {1738, 10274, 6239, 966, 1, 3, 0, 0, 0, 0, 25},
  {1742, 10298, 6254, 967, 1, 3, 0, 0, 0, 0, 25},
  {324, 1415, 0, 968, 1, 2, 0, 0, 0, 0, 1},
  {330, 1451, 0, 969, 1, 2, 0, 0, 0, 0, 1},
  {1747, 10323, 6280, 970, 1, 3, 0, 0, 0, 0, 25},
  {1752, 10348, 6302, 971, 1, 3, 0, 0, 0, 0, 25},
  {1756, 10372, 6320, 972, 1, 3, 0, 0, 0, 0, 25},
  {8, 1, 1, 973, 1, 10, 0, 1, 0, 0, 1},
  {11, 29, 31, 974, 1, 2, 0, 0, 0, 0, 1},
  {15, 61, 51, 975, 1, 10, 0, 1, 0, 0, 1},
  {18, 89, 79, 976, 1, 10, 0, 1, 0, 0, 1},
  {22, 118, 0, 977, 0, 2, 0, 0, 0, 0, 1},
  {29, 140, 0, 977, 2, 5, 0, 0, 0, 0, 1},
  {42, 217, 0, 979, 1, 12, 0, 0, 0, 0, 1},
  {56, 255, 0, 980, 1, 12, 0, 0, 0, 0, 1},
  {68, 291, 0, 981, 0, 10, 0, 1, 0, 0, 1},
  {81, 316, 99, 981, 0, 14, 0, 0, 0, 0, 1},
  {87, 335, 0, 981, 0, 10, 0, 1, 0, 0, 1},
  {94, 354, 0, 981, 1, 10, 0, 1, 0, 0, 1},
  {109, 401, 0, 982, 1, 13, 0, 0, 0, 0, 1},
  {119, 437, 119, 983, 0, 26, 0, 0, 0, 0, 1},
  {123, 453, 0, 983, 1, 12, 0, 0, 0, 0, 1},
  {128, 484, 0, 984, 1, 12, 0, 0, 0, 0, 1},
  {135, 518, 0, 985, 1, 12, 0, 0, 0, 0, 1},
  {143, 553, 136, 986, 0, 4, 0, 0, 0, 0, 1},
  {151, 575, 0, 986, 0, 1, 0, 0, 0, 26, 1},
  {165, 625, 0, 986, 1, 10, 0, 1, 0, 0, 1},
  {178, 661, 0, 987, 1, 13, 0, 0, 0, 0, 1},
  {200, 718, 0, 988, 2, 13, 0, 0, 0, 0, 1},
  {222, 790, 0, 990, 0, 6, 5, 0, 0, 0, 1},
  {241, 830, 179, 990, 1, 10, 0, 1, 0, 0, 1},
  {247, 871, 0, 991, 0, 12, 0, 0, 0, 12, 1},
  {252, 914, 0, 991, 0, 6, 5, 0, 0, 0, 1},
  {260, 943, 226, 991, 0, 10, 0, 1, 0, 0, 1},
  {265, 960, 0, 991, 0, 2, 0, 0, 0, 0, 1},
  {275, 985, 0, 991, 1, 12, 0, 0, 0, 0, 1},
  {283, 1017, 0, 992, 1, 12, 0, 0, 0, 0, 1},
  {290, 1048, 0, 993, 2, 13, 0, 0, 0, 0, 1},
  {296, 1100, 0, 995, 0, 10, 0, 1, 0, 0, 1},
  {307, 1123, 0, 995, 1, 10, 0, 1, 0, 0, 1},
  {319, 1167, 0, 996, 2, 13, 0, 0, 0, 0, 1},
  {324, 1222, 0, 998, 1, 2, 0, 0, 0, 0, 1},
  {330, 1267, 0, 999, 1, 2, 0, 0, 0, 0, 1},
  {339, 1311, 0, 1000, 2, 4, 0, 0, 0, 0, 1},
  {347, 1366, 239, 1002, 0, 4, 0, 0, 0, 0, 1},
  {352, 1385, 0, 1002, 0, 6, 14, 0, 0, 0, 1},
  {252, 914, 268, 1002, 0, 6, 5, 0, 0, 0, 1},
  {1765, 10397, 0, 1002, 0, 2, 0, 0, 0, 0, 26},
  {1776, 10423, 0, 1002, 1, 4, 0, 0, 0, 0, 26},
  {324, 1415, 0, 1003, 1, 2, 0, 0, 0, 0, 1},
  {330, 1451, 0, 1004, 1, 2, 0, 0, 0, 0, 1},
  {1790, 10465, 0, 1005, 0, 4, 0, 0, 0, 0, 26},
  {8, 1, 1, 1005, 1, 10, 0, 1, 0, 0, 1},
  {11, 29, 31, 1006, 1, 2, 0, 0, 0, 0, 1},
  {15, 61, 51, 1007, 1, 10, 0, 1, 0, 0, 1},
  {18, 89, 79, 1008, 1, 10, 0, 1, 0, 0, 1},
  {22, 118, 0, 1009, 0, 2, 0, 0, 0, 0, 1},
  {29, 140, 0, 1009, 2, 5, 0, 0, 0, 0, 1},
  {42, 217, 0, 1011, 1, 12, 0, 0, 0, 0, 1},
  {56, 255, 0, 1012, 1, 12, 0, 0, 0, 0, 1},
  {68, 291, 0, 1013, 0, 10, 0, 1, 0, 0, 1},
  {81, 316, 99, 1013, 0, 14, 0, 0, 0, 0, 1},
  {87, 335, 0, 1013, 0, 10, 0, 1, 0, 0, 1},
  {94, 354, 0, 1013, 1, 10, 0, 1, 0, 0, 1},
  {109, 401, 0, 1014, 1, 13, 0, 0, 0, 0, 1},
  {119, 437, 119, 1015, 0, 27, 0, 0, 0, 0, 1},
  {123, 453, 0, 1015, 1, 12, 0, 0, 0, 0, 1},
  {128, 484, 0, 1016, 1, 12, 0, 0, 0, 0, 1},
  {135, 518, 0, 1017, 1, 12, 0, 0, 0, 0, 1},
  {143, 553, 136, 1018, 0, 4, 0, 0, 0, 0, 1},
  {151, 575, 0, 1018, 0, 1, 0, 0, 0, 27, 1},
  {165, 625, 0, 1018, 1, 10, 0, 1, 0, 0, 1},
  {178, 661, 0, 1019, 1, 13, 0, 0, 0, 0, 1},
  {200, 718, 0, 1020, 2, 13, 0, 0, 0, 0, 1},
  {222, 790, 0, 1022, 0, 6, 5, 0, 0, 0, 1},
  {241, 830, 179, 1022, 1, 10, 0, 1, 0, 0, 1},
  {247, 871, 0, 1023, 0, 12, 0, 0, 0, 12, 1},
  {252, 914, 0, 1023, 0, 6, 5, 0, 0, 0, 1},
  {260, 943, 226, 1023, 0, 10, 0, 1, 0, 0, 1},
  {265, 960, 0, 1023, 0, 2, 0, 0, 0, 0, 1},
  {275, 985, 0, 1023, 1, 12, 0, 0, 0, 0, 1},
  {283, 1017, 0, 1024, 1, 12, 0, 0, 0, 0, 1},
  {290, 1048, 0, 1025, 2, 13, 0, 0, 0, 0, 1},
  {296, 1100, 0, 1027, 0, 10, 0, 1, 0, 0, 1},
  {307, 1123, 0, 1027, 1, 10, 0, 1, 0, 0, 1},
  {319, 1167, 0, 1028, 2, 13, 0, 0, 0, 0, 1},
  {324, 1222, 0, 1030, 1, 2, 0, 0, 0, 0, 1},
  {330, 1267, 0, 1031, 1, 2, 0, 0, 0, 0, 1},
  {339, 1311, 0, 1032, 2, 4, 0, 0, 0, 0, 1},
  {347, 1366, 239, 1034, 0, 4, 0, 0, 0, 0, 1},
  {352, 1385, 0, 1034, 0, 6, 14, 0, 0, 0, 1},
  {252, 914, 268, 1034, 0, 6, 5, 0, 0, 0, 1},
  {324, 1415, 0, 1034, 1, 2, 0, 0, 0, 0, 1},
  {330, 1451, 0, 1035, 1, 2, 0, 0, 0, 0, 1},
  {8, 1, 1, 1036, 1, 10, 0, 1, 0, 0, 1},
  {11, 29, 31, 1037, 1, 2, 0, 0, 0, 0, 1},
  {15, 61, 51, 1038, 1, 10, 0, 1, 0, 0, 1},
  {18, 89, 79, 1039, 1, 10, 0, 1, 0, 0, 1},
  {22, 118, 0, 1040, 0, 2, 0, 0, 0, 0, 1},
  {29, 140, 0, 1040, 2, 5, 0, 0, 0, 0, 1},
  {42, 217, 0, 1042, 1, 12, 0, 0, 0, 0, 1},
  {56, 255, 0, 1043, 1, 12, 0, 0, 0, 0, 1},
  {68, 291, 0, 1044, 0, 10, 0, 1, 0, 0, 1},
  {81, 316, 99, 1044, 0, 14, 0, 0, 0, 0, 1},
  {87, 335, 0, 1044, 0, 10, 0, 1, 0, 0, 1},
  {94, 354, 0, 1044, 1, 10, 0, 1, 0, 0, 1},
  {109, 401, 0, 1045, 1, 13, 0, 0, 0, 0, 1},
  {119, 437, 119, 1046, 0, 28, 0, 0, 0, 0, 1},
  {123, 453, 0, 1046, 1, 12, 0, 0, 0, 0, 1},
  {128, 484, 0, 1047, 1, 12, 0, 0, 0, 0, 1},
  {135, 518, 0, 1048, 1, 12, 0, 0, 0, 0, 1},
  {143, 553, 136, 1049, 0, 4, 0, 0, 0, 0, 1},
  {151, 575, 0, 1049, 0, 1, 0, 0, 0, 28, 1},
  {165, 625, 0, 1049, 1, 10, 0, 1, 0, 0, 1},
  {178, 661, 0, 1050, 1, 13, 0, 0, 0, 0, 1},
  {200, 718, 0, 1051, 2, 13, 0, 0, 0, 0, 1},
  {222, 790, 0, 1053, 0, 6, 5, 0, 0, 0, 1},
  {241, 830, 179, 1053, 1, 10, 0, 1, 0, 0, 1},
  {247, 871, 0, 1054, 0, 12, 0, 0, 0, 12, 1},
  {252, 914, 0, 1054, 0, 6, 5, 0, 0, 0, 1},
  {260, 943, 226, 1054, 0, 10, 0, 1, 0, 0, 1},
  {265, 960, 0, 1054, 0, 2, 0, 0, 0, 0, 1},
  {275, 985, 0, 1054, 1, 12, 0, 0, 0, 0, 1},
  {283, 1017, 0, 1055, 1, 12, 0, 0, 0, 0, 1},
  {290, 1048, 0, 1056, 2, 13, 0, 0, 0, 0, 1},
  {296, 1100, 0, 1058, 0, 10, 0, 1, 0, 0, 1},
  {307, 1123, 0, 1058, 1, 10, 0, 1, 0, 0, 1},
  {319, 1167, 0, 1059, 2, 13, 0, 0, 0, 0, 1},
  {324, 1222, 0, 1061, 1, 2, 0, 0, 0, 0, 1},
  {330, 1267, 0, 1062, 1, 2, 0, 0, 0, 0, 1},
  {339, 1311, 0, 1063, 2, 4, 0, 0, 0, 0, 1},
  {347, 1366, 239, 1065, 0, 4, 0, 0, 0, 0, 1},
  {352, 1385, 0, 1065, 0, 6, 14, 0, 0, 0, 1},
  {1156, 7313, 6349, 1065, 1, 10, 0, 1, 0, 0, 28},
  {252, 914, 268, 1066, 0, 6, 5, 0, 0, 0, 1},
  {1811, 10484, 6389, 1066, 0, 10, 0, 1, 0, 0, 28},
  {1151, 10502, 6455, 1066, 1, 4, 0, 0, 0, 0, 28},
  {324, 1415, 0, 1067, 1, 2, 0, 0, 0, 0, 1},
  {330, 1451, 0, 1068, 1, 2, 0, 0, 0, 0, 1},
  {1817, 10532, 6519, 1069, 0, 12, 0, 0, 0, 0, 28},
  {1345, 10551, 6544, 1069, 2, 2, 0, 0, 0, 0, 28},
  {8, 1, 1, 1071, 1, 10, 0, 1, 0, 0, 1},
  {11, 29, 31, 1072, 1, 2, 0, 0, 0, 0, 1},
  {15, 61, 51, 1073, 1, 10, 0, 1, 0, 0, 1},
  {18, 89, 79, 1074, 1, 10, 0, 1, 0, 0, 1},
  {22, 118, 0, 1075, 0, 2, 0, 0, 0, 0, 1},
  {29, 140, 0, 1075, 2, 5, 0, 0, 0, 0, 1},
  {1833, 10599, 6605, 1077, 1, 10, 0, 1, 0, 0, 29},
  {1860, 10649, 6670, 1078, 0, 12, 0, 0, 0, 0, 29},
  {42, 217, 0, 1078, 1, 12, 0, 0, 0, 0, 1},
  {56, 255, 0, 1079, 1, 12, 0, 0, 0, 0, 1},
  {68, 291, 0, 1080, 0, 10, 0, 1, 0, 0, 1},
  {81, 316, 99, 1080, 0, 14, 0, 0, 0, 0, 1},
  {87, 335, 0, 1080, 0, 10, 0, 1, 0, 0, 1},
  {1886, 10686, 6726, 1080, 0, 12, 0, 0, 0, 0, 29},
  {1913, 10705, 6790, 1080, 3, 10, 0, 1, 0, 0, 29},
  {1921, 10781, 6836, 1083, 3, 10, 0, 1, 0, 0, 29},
  {94, 354, 0, 1086, 1, 10, 0, 1, 0, 0, 1},
  {109, 401, 0, 1087, 1, 13, 0, 0, 0, 0, 1},
  {119, 437, 119, 1088, 0, 29, 0, 0, 0, 0, 1},
  {1941, 10860, 6884, 1088, 0, 13, 0, 0, 0, 0, 29},
  {1947, 10881, 6921, 1088, 1, 10, 0, 1, 0, 0, 29},
  {1956, 10912, 6954, 1089, 1, 10, 0, 1, 0, 0, 29},
  {1977, 10960, 7003, 1090, 0, 10, 0, 1, 0, 0, 29},
  {123, 453, 0, 1090, 1, 12, 0, 0, 0, 0, 1},
  {128, 484, 0, 1091, 1, 12, 0, 0, 0, 0, 1},
  {1985, 10980, 7047, 1092, 0, 12, 0, 0, 0, 0, 29},
  {135, 518, 0, 1092, 1, 12, 0, 0, 0, 0, 1},
  {143, 553, 136, 1093, 0, 4, 0, 0, 0, 0, 1},
  {151, 575, 0, 1093, 0, 1, 0, 0, 0, 29, 1},
  {165, 625, 0, 1093, 1, 10, 0, 1, 0, 0, 1},
  {178, 661, 0, 1094, 1, 13, 0, 0, 0, 0, 1},
  {200, 718, 0, 1095, 2, 13, 0, 0, 0, 0, 1},
  {222, 790, 0, 1097, 0, 6, 5, 0, 0, 0, 1},
  {241, 830, 179, 1097, 1, 10, 0, 1, 0, 0, 1},
  {1997, 11003, 7074, 1098, 2, 13, 0, 0, 0, 0, 29},
  {2007, 11052, 7134, 1100, 3, 10, 0, 15, 0, 0, 29},
  {247, 871, 0, 1103, 0, 12, 0, 0, 0, 12, 1},
  {252, 914, 0, 1103, 0, 6, 5, 0, 0, 0, 1},
  {260, 943, 226, 1103, 0, 10, 0, 1, 0, 0, 1},
  {265, 960, 0, 1103, 0, 2, 0, 0, 0, 0, 1},
  {275, 985, 0, 1103, 1, 12, 0, 0, 0, 0, 1},
  {283, 1017, 0, 1104, 1, 12, 0, 0, 0, 0, 1},
  {290, 1048, 0, 1105, 2, 13, 0, 0, 0, 0, 1},
  {296, 1100, 0, 1107, 0, 10, 0, 1, 0, 0, 1},
  {307, 1123, 0, 1107, 1, 10, 0, 1, 0, 0, 1},
  {2021, 11137, 7208, 1108, 0, 13, 0, 0, 0, 0, 29},
  {2028, 11159, 7246, 1108, 0, 10, 0, 1, 0, 0, 29},
  {319, 1167, 0, 1108, 2, 13, 0, 0, 0, 0, 1},
  {324, 1222, 0, 1110, 1, 2, 0, 0, 0, 0, 1},
  {330, 1267, 0, 1111, 1, 2, 0, 0, 0, 0, 1},
  {339, 1311, 0, 1112, 2, 4, 0, 0, 0, 0, 1},
  {2035, 11178, 7272, 1114, 0, 5, 0, 0, 0, 0, 29},
  {2041, 11198, 7314, 1114, 0, 10, 0, 1, 0, 0, 29},
  {2046, 11215, 7336, 1114, 0, 10, 0, 1, 0, 0, 29},
  {2054, 11235, 7361, 1114, 0, 10, 0, 1, 0, 0, 29},
  {347, 1366, 239, 1114, 0, 4, 0, 0, 0, 0, 1},
  {2064, 11257, 7380, 1114, 1, 10, 0, 1, 0, 0, 29},
  {352, 1385, 0, 1115, 0, 6, 14, 0, 0, 0, 1},
  {252, 914, 268, 1115, 0, 6, 5, 0, 0, 0, 1},
  {920, 11297, 7443, 1115, 0, 29, 0, 0, 0, 0, 29},
  {324, 1415, 0, 1115, 1, 2, 0, 0, 0, 0, 1},
  {330, 1451, 0, 1116, 1, 2, 0, 0, 0, 0, 1},
  {8, 1, 1, 1117, 1, 10, 0, 1, 0, 0, 1},
  {11, 29, 31, 1118, 1, 2, 0, 0, 0, 0, 1},
  {15, 61, 51, 1119, 1, 10, 0, 1, 0, 0, 1},
  {18, 89, 79, 1120, 1, 10, 0, 1, 0, 0, 1},
  {22, 118, 0, 1121, 0, 2, 0, 0, 0, 0, 1},
  {29, 140, 0, 1121, 2, 5, 0, 0, 0, 0, 1},
  {42, 217, 0, 1123, 1, 12, 0, 0, 0, 0, 1},
  {56, 255, 0, 1124, 1, 12, 0, 0, 0, 0, 1},
  {68, 291, 0, 1125, 0, 10, 0, 1, 0, 0, 1},
  {2076, 11316, 7480, 1125, 4, 30, 0, 0, 0, 0, 30},
  {81, 316, 99, 1129, 0, 14, 0, 0, 0, 0, 1},
  {87, 335, 0, 1129, 0, 10, 0, 1, 0, 0, 1},
  {94, 354, 0, 1129, 1, 10, 0, 1, 0, 0, 1},
  {109, 401, 0, 1130, 1, 13, 0, 0, 0, 0, 1},
  {929, 11388, 7519, 1131, 0, 12, 0, 0, 0, 0, 30},
  {119, 437, 119, 1131, 0, 30, 0, 0, 0, 0, 1},
  {123, 453, 0, 1131, 1, 12, 0, 0, 0, 0, 1},
  {128, 484, 0, 1132, 1, 12, 0, 0, 0, 0, 1},
  {2083, 11406, 7554, 1133, 1, 30, 0, 0, 0, 0, 30},
  {2088, 11438, 7597, 1134, 4, 30, 0, 0, 0, 0, 30},
  {2100, 11515, 7635, 1138, 5, 30, 0, 0, 0, 0, 30},
  {1220, 7630, 7679, 1143, 0, 2, 0, 0, 0, 0, 30},
  {135, 518, 0, 1143, 1, 12, 0, 0, 0, 0, 1},
  {143, 553, 136, 1144, 0, 4, 0, 0, 0, 0, 1},
  {151, 575, 0, 1144, 0, 1, 0, 0, 0, 30, 1},
  {165, 625, 0, 1144, 1, 10, 0, 1, 0, 0, 1},
  {178, 661, 0, 1145, 1, 13, 0, 0, 0, 0, 1},
  {200, 718, 0, 1146, 2, 13, 0, 0, 0, 0, 1},
  {222, 790, 0, 1148, 0, 6, 5, 0, 0, 0, 1},
  {241, 830, 179, 1148, 1, 10, 0, 1, 0, 0, 1},
  {2110, 11605, 7703, 1149, 5, 30, 0, 0, 0, 0, 30},
  {247, 871, 0, 1154, 0, 12, 0, 0, 0, 12, 1},
  {252, 914, 0, 1154, 0, 6, 5, 0, 0, 0, 1},
  {260, 943, 226, 1154, 0, 10, 0, 1, 0, 0, 1},
  {265, 960, 0, 1154, 0, 2, 0, 0, 0, 0, 1},
  {2115, 11685, 7739, 1154, 3, 30, 0, 0, 0, 0, 30},
  {275, 985, 0, 1157, 1, 12, 0, 0, 0, 0, 1},
  {283, 1017, 0, 1158, 1, 12, 0, 0, 0, 0, 1},
  {864, 11740, 7773, 1159, 3, 30, 0, 0, 0, 0, 30},
  {290, 1048, 0, 1162, 2, 13, 0, 0, 0, 0, 1},
  {2121, 11807, 7858, 1164, 5, 30, 0, 0, 0, 0, 30},
  {296, 1100, 0, 1169, 0, 10, 0, 1, 0, 0, 1},
  {307, 1123, 0, 1169, 1, 10, 0, 1, 0, 0, 1},
  {319, 1167, 0, 1170, 2, 13, 0, 0, 0, 0, 1},
  {324, 1222, 0, 1172, 1, 2, 0, 0, 0, 0, 1},
  {330, 1267, 0, 1173, 1, 2, 0, 0, 0, 0, 1},
  {339, 1311, 0, 1174, 2, 4, 0, 0, 0, 0, 1},
  {2126, 11892, 7903, 1176, 4, 30, 0, 0, 0, 0, 30},
  {347, 1366, 239, 1180, 0, 4, 0, 0, 0, 0, 1},
  {1227, 7652, 7960, 1180, 0, 2, 0, 0, 0, 0, 30},
  {352, 1385, 0, 1180, 0, 6, 14, 0, 0, 0, 1},
  {252, 914, 268, 1180, 0, 6, 5, 0, 0, 0, 1},
  {920, 11961, 7983, 1180, 3, 30, 0, 0, 0, 0, 30},
  {324, 1415, 0, 1183, 1, 2, 0, 0, 0, 0, 1},
  {330, 1451, 0, 1184, 1, 2, 0, 0, 0, 0, 1},
  {8, 1, 1, 1185, 1, 10, 0, 1, 0, 0, 1},
  {11, 29, 31, 1186, 1, 2, 0, 0, 0, 0, 1},
  {15, 61, 51, 1187, 1, 10, 0, 1, 0, 0, 1},
  {18, 89, 79, 1188, 1, 10, 0, 1, 0, 0, 1},
  {22, 118, 0, 1189, 0, 2, 0, 0, 0, 0, 1},
  {29, 140, 0, 1189, 2, 5, 0, 0, 0, 0, 1},
  {42, 217, 0, 1191, 1, 12, 0, 0, 0, 0, 1},
  {56, 255, 0, 1192, 1, 12, 0, 0, 0, 0, 1},
  {68, 291, 0, 1193, 0, 10, 0, 1, 0, 0, 1},
  {81, 316, 99, 1193, 0, 14, 0, 0, 0, 0, 1},
  {87, 335, 0, 1193, 0, 10, 0, 1, 0, 0, 1},
  {94, 354, 0, 1193, 1, 10, 0, 1, 0, 0, 1},
  {109, 401, 0, 1194, 1, 13, 0, 0, 0, 0, 1},
  {119, 437, 119, 1195, 0, 31, 0, 0, 0, 0, 1},
  {123, 453, 0, 1195, 1, 12, 0, 0, 0, 0, 1},
  {128, 484, 0, 1196, 1, 12, 0, 0, 0, 0, 1},
  {135, 518, 0, 1197, 1, 12, 0, 0, 0, 0, 1},
  {143, 553, 136, 1198, 0, 4, 0, 0, 0, 0, 1},
  {151, 575, 0, 1198, 0, 1, 0, 0, 0, 31, 1},
  {165, 625, 0, 1198, 1, 10, 0, 1, 0, 0, 1},
  {178, 661, 0, 1199, 1, 13, 0, 0, 0, 0, 1},
  {200, 718, 0, 1200, 2, 13, 0, 0, 0, 0, 1},
  {222, 790, 0, 1202, 0, 6, 5, 0, 0, 0, 1},
  {241, 830, 179, 1202, 1, 10, 0, 1, 0, 0, 1},
  {247, 871, 0, 1203, 0, 12, 0, 0, 0, 12, 1},
  {252, 914, 0, 1203, 0, 6, 5, 0, 0, 0, 1},
  {260, 943, 226, 1203, 0, 10, 0, 1, 0, 0, 1},
  {265, 960, 0, 1203, 0, 2, 0, 0, 0, 0, 1},
  {275, 985, 0, 1203, 1, 12, 0, 0, 0, 0, 1},
  {283, 1017, 0, 1204, 1, 12, 0, 0, 0, 0, 1},
  {290, 1048, 0, 1205, 2, 13, 0, 0, 0, 0, 1},
  {296, 1100, 0, 1207, 0, 10, 0, 1, 0, 0, 1},
  {307, 1123, 0, 1207, 1, 10, 0, 1, 0, 0, 1},
  {319, 1167, 0, 1208, 2, 13, 0, 0, 0, 0, 1},
  {324, 1222, 0, 1210, 1, 2, 0, 0, 0, 0, 1},
  {330, 1267, 0, 1211, 1, 2, 0, 0, 0, 0, 1},
  {339, 1311, 0, 1212, 2, 4, 0, 0, 0, 0, 1},
  {347, 1366, 239, 1214, 0, 4, 0, 0, 0, 0, 1},
  {2138, 12028, 8041, 1214, 2, 12, 0, 0, 0, 0, 31},
  {2144, 12074, 8075, 1216, 0, 2, 0, 0, 0, 0, 31},
  {352, 1385, 0, 1216, 0, 6, 14, 0, 0, 0, 1},
  {2150, 12095, 8126, 1216, 4, 12, 0, 0, 0, 0, 31},
  {2156, 12160, 8196, 1220, 7, 12, 0, 0, 0, 0, 31},
  {2166, 12283, 8274, 1227, 3, 12, 0, 0, 0, 0, 31},
  {2174, 12337, 8323, 1230, 0, 2, 0, 0, 0, 0, 31},
  {2177, 12355, 8357, 1230, 5, 12, 0, 0, 0, 0, 31},
  {2186, 12439, 8419, 1235, 0, 2, 0, 0, 0, 0, 31},
  {2198, 12466, 8448, 1235, 0, 2, 0, 0, 0, 0, 31},
  {2210, 12493, 8501, 1235, 0, 2, 0, 0, 0, 0, 31},
  {2219, 12517, 8531, 1235, 4, 12, 0, 0, 0, 0, 31},
  {2224, 12583, 8595, 1239, 6, 12, 0, 0, 0, 0, 31},
  {2231, 12679, 8656, 1245, 7, 12, 0, 0, 0, 0, 31},
  {2236, 12789, 8739, 1252, 2, 12, 0, 0, 0, 0, 31},
  {2249, 12839, 8813, 1254, 0, 2, 0, 0, 0, 0, 31},
  {2260, 12865, 8852, 1254, 6, 12, 0, 0, 0, 0, 31},
  {2269, 12962, 8912, 1260, 3, 4, 0, 0, 0, 0, 31},
  {2274, 13022, 8963, 1263, 2, 10, 0, 1, 0, 0, 31},
  {2282, 13072, 8995, 1265, 0, 2, 0, 0, 0, 0, 31},
  {2287, 13092, 9052, 1265, 3, 2, 0, 5, 0, 0, 31},
  {2294, 13174, 9139, 1268, 0, 2, 0, 0, 0, 0, 31},
  {2298, 13193, 9174, 1268, 7, 12, 0, 0, 0, 0, 31},
  {2304, 13302, 9262, 1275, 2, 12, 0, 0, 0, 0, 31},
  {2311, 13349, 9292, 1277, 6, 12, 0, 0, 0, 0, 31},
  {2317, 13444, 9345, 1283, 0, 2, 0, 0, 0, 0, 31},
  {2322, 13464, 9384, 1283, 3, 12, 0, 0, 0, 0, 31},
  {2329, 13524, 9457, 1286, 0, 2, 0, 0, 0, 0, 31},
  {2343, 13553, 9481, 1286, 2, 12, 0, 0, 0, 0, 31},
  {2349, 13596, 9532, 1288, 7, 12, 0, 0, 0, 0, 31},
  {2360, 13714, 9593, 1295, 3, 4, 0, 7, 0, 0, 31},
  {2366, 13786, 9678, 1298, 5, 2, 0, 5, 0, 0, 31},
  {2379, 13892, 9764, 1303, 7, 12, 0, 0, 0, 0, 31},
  {2390, 14016, 9847, 1310, 6, 2, 0, 0, 0, 0, 31},
  {2398, 14118, 9930, 1316, 4, 2, 0, 5, 0, 0, 31},
  {252, 914, 268, 1320, 0, 6, 5, 0, 0, 0, 1},
  {2403, 14212, 10010, 1320, 4, 12, 0, 0, 0, 0, 31},
  {2413, 14288, 10066, 1324, 5, 12, 0, 0, 0, 0, 31},
  {2419, 14371, 10111, 1329, 6, 12, 0, 0, 0, 0, 31},
  {2425, 14466, 10176, 1335, 0, 4, 0, 0, 0, 0, 31},
  {2434, 14489, 10255, 1335, 0, 2, 0, 0, 0, 0, 31},
  {2445, 14515, 10291, 1335, 7, 12, 0, 0, 0, 0, 31},
  {2455, 14632, 10379, 1342, 2, 12, 0, 0, 0, 0, 31},
  {324, 1415, 0, 1344, 1, 2, 0, 0, 0, 0, 1},
  {330, 1451, 0, 1345, 1, 2, 0, 0, 0, 0, 1},
  {2465, 14677, 10411, 1346, 7, 12, 0, 0, 0, 0, 31},
  {2472, 14787, 10463, 1353, 6, 12, 0, 0, 0, 0, 31},
  {2480, 14883, 10554, 1359, 3, 12, 0, 0, 0, 0, 31},
  {2487, 14946, 10620, 1362, 5, 12, 0, 0, 0, 0, 31},
  {2500, 15050, 10669, 1367, 6, 12, 0, 0, 0, 0, 31},
  {2510, 15165, 10722, 1373, 4, 12, 0, 0, 0, 0, 31},
  {2515, 15243, 10787, 1377, 4, 12, 0, 0, 0, 0, 31},
  {2527, 15319, 10845, 1381, 5, 12, 0, 0, 0, 0, 31},
  {2538, 15411, 10904, 1386, 2, 2, 0, 0, 0, 0, 31},
  {2549, 15463, 10953, 1388, 6, 12, 0, 0, 0, 0, 31},
  {2562, 15567, 11009, 1394, 2, 12, 0, 0, 0, 0, 31},
  {2568, 15613, 11073, 1396, 5, 12, 0, 0, 0, 0, 31},
  {2575, 15689, 11120, 1401, 4, 12, 0, 0, 0, 0, 31},
  {2586, 15762, 11152, 1405, 7, 2, 0, 0, 0, 0, 31},
  {8, 1, 1, 1412, 1, 10, 0, 1, 0, 0, 1},
  {11, 29, 31, 1413, 1, 2, 0, 0, 0, 0, 1},
  {15, 61, 51, 1414, 1, 10, 0, 1, 0, 0, 1},
  {18, 89, 79, 1415, 1, 10, 0, 1, 0, 0, 1},
  {22, 118, 0, 1416, 0, 2, 0, 0, 0, 0, 1},
  {2607, 15882, 11240, 1416, 2, 12, 0, 0, 0, 0, 32},
  {29, 140, 0, 1418, 2, 5, 0, 0, 0, 0, 1},
  {2611, 15921, 11311, 1420, 4, 12, 0, 0, 0, 0, 32},
  {42, 217, 0, 1424, 1, 12, 0, 0, 0, 0, 1},
  {56, 255, 0, 1425, 1, 12, 0, 0, 0, 0, 1},
  {68, 291, 0, 1426, 0, 10, 0, 1, 0, 0, 1},
  {81, 316, 99, 1426, 0, 14, 0, 0, 0, 0, 1},
  {87, 335, 0, 1426, 0, 10, 0, 1, 0, 0, 1},
  {514, 15988, 11364, 1426, 0, 12, 0, 0, 0, 0, 32},
  {94, 354, 0, 1426, 1, 10, 0, 1, 0, 0, 1},
  {109, 401, 0, 1427, 1, 13, 0, 0, 0, 0, 1},
  {778, 4978, 11380, 1428, 0, 2, 0, 0, 0, 0, 32},
  {2616, 16005, 11395, 1428, 1, 12, 0, 0, 0, 0, 32},
  {119, 437, 119, 1429, 0, 32, 0, 0, 0, 0, 1},
  {2621, 16034, 11454, 1429, 1, 4, 0, 0, 0, 0, 32},
  {123, 453, 0, 1430, 1, 12, 0, 0, 0, 0, 1},
  {128, 484, 0, 1431, 1, 12, 0, 0, 0, 0, 1},
  {2633, 16071, 11497, 1432, 1, 10, 0, 1, 0, 0, 32},
  {135, 518, 0, 1433, 1, 12, 0, 0, 0, 0, 1},
  {603, 16100, 11555, 1434, 0, 2, 0, 0, 0, 0, 32},
  {2640, 16121, 11566, 1434, 1, 2, 0, 0, 0, 0, 32},
  {143, 553, 136, 1435, 0, 4, 0, 0, 0, 0, 1},
  {151, 575, 0, 1435, 0, 1, 0, 0, 0, 32, 1},
  {165, 625, 0, 1435, 1, 10, 0, 1, 0, 0, 1},
  {178, 661, 0, 1436, 1, 13, 0, 0, 0, 0, 1},
  {200, 718, 0, 1437, 2, 13, 0, 0, 0, 0, 1},
  {222, 790, 0, 1439, 0, 6, 5, 0, 0, 0, 1},
  {241, 830, 179, 1439, 1, 10, 0, 1, 0, 0, 1},
  {247, 871, 0, 1440, 0, 12, 0, 0, 0, 12, 1},
  {2647, 16156, 11608, 1440, 2, 12, 0, 0, 0, 0, 32},
  {2652, 16198, 11630, 1442, 1, 10, 0, 1, 0, 0, 32},
  {252, 914, 0, 1443, 0, 6, 5, 0, 0, 0, 1},
  {260, 943, 226, 1443, 0, 10, 0, 1, 0, 0, 1},
  {265, 960, 0, 1443, 0, 2, 0, 0, 0, 0, 1},
  {275, 985, 0, 1443, 1, 12, 0, 0, 0, 0, 1},
  {283, 1017, 0, 1444, 1, 12, 0, 0, 0, 0, 1},
  {290, 1048, 0, 1445, 2, 13, 0, 0, 0, 0, 1},
  {296, 1100, 0, 1447, 0, 10, 0, 1, 0, 0, 1},
  {307, 1123, 0, 1447, 1, 10, 0, 1, 0, 0, 1},
  {319, 1167, 0, 1448, 2, 13, 0, 0, 0, 0, 1},
  {2660, 16231, 11654, 1450, 1, 10, 0, 1, 0, 0, 32},
  {324, 1222, 0, 1451, 1, 2, 0, 0, 0, 0, 1},
  {330, 1267, 0, 1452, 1, 2, 0, 0, 0, 0, 1},
  {339, 1311, 0, 1453, 2, 4, 0, 0, 0, 0, 1},
  {347, 1366, 239, 1455, 0, 4, 0, 0, 0, 0, 1},
  {2672, 16270, 11688, 1455, 0, 12, 0, 0, 0, 0, 32},
  {2684, 16293, 11722, 1455, 0, 2, 0, 0, 0, 0, 32},
  {352, 1385, 0, 1455, 0, 6, 14, 0, 0, 0, 1},
  {252, 914, 268, 1455, 0, 6, 5, 0, 0, 0, 1},
  {920, 16312, 11740, 1455, 0, 32, 0, 0, 0, 0, 32},
  {324, 1415, 0, 1455, 1, 2, 0, 0, 0, 0, 1},
  {330, 1451, 0, 1456, 1, 2, 0, 0, 0, 0, 1},
  {8, 1, 1, 1457, 1, 10, 0, 1, 0, 0, 1},
  {11, 29, 31, 1458, 1, 2, 0, 0, 0, 0, 1},
  {15, 61, 51, 1459, 1, 10, 0, 1, 0, 0, 1},
  {18, 89, 79, 1460, 1, 10, 0, 1, 0, 0, 1},
  {22, 118, 0, 1461, 0, 2, 0, 0, 0, 0, 1},
  {29, 140, 0, 1461, 2, 5, 0, 0, 0, 0, 1},
  {2611, 15921, 11311, 1463, 4, 12, 0, 0, 0, 0, 33},
  {42, 217, 0, 1467, 1, 12, 0, 0, 0, 0, 1},
  {56, 255, 0, 1468, 1, 12, 0, 0, 0, 0, 1},
  {68, 291, 0, 1469, 0, 10, 0, 1, 0, 0, 1},
  {81, 316, 99, 1469, 0, 14, 0, 0, 0, 0, 1},
  {87, 335, 0, 1469, 0, 10, 0, 1, 0, 0, 1},
  {94, 354, 0, 1469, 1, 10, 0, 1, 0, 0, 1},
  {109, 401, 0, 1470, 1, 13, 0, 0, 0, 0, 1},
  {2616, 16005, 11781, 1471, 1, 12, 0, 0, 0, 0, 33},
  {119, 437, 119, 1472, 0, 33, 0, 0, 0, 0, 1},
  {123, 453, 0, 1472, 1, 12, 0, 0, 0, 0, 1},
  {128, 484, 0, 1473, 1, 12, 0, 0, 0, 0, 1},
  {2633, 16071, 11834, 1474, 1, 10, 0, 1, 0, 0, 33},
  {135, 518, 0, 1475, 1, 12, 0, 0, 0, 0, 1},
  {143, 553, 136, 1476, 0, 4, 0, 0, 0, 0, 1},
  {151, 575, 0, 1476, 0, 1, 0, 0, 0, 33, 1},
  {165, 625, 0, 1476, 1, 10, 0, 1, 0, 0, 1},
  {178, 661, 0, 1477, 1, 13, 0, 0, 0, 0, 1},
  {200, 718, 0, 1478, 2, 13, 0, 0, 0, 0, 1},
  {222, 790, 0, 1480, 0, 6, 5, 0, 0, 0, 1},
  {241, 830, 179, 1480, 1, 10, 0, 1, 0, 0, 1},
  {247, 871, 0, 1481, 0, 12, 0, 0, 0, 12, 1},
  {252, 914, 0, 1481, 0, 6, 5, 0, 0, 0, 1},
  {260, 943, 226, 1481, 0, 10, 0, 1, 0, 0, 1},
  {265, 960, 0, 1481, 0, 2, 0, 0, 0, 0, 1},
  {275, 985, 0, 1481, 1, 12, 0, 0, 0, 0, 1},
  {283, 1017, 0, 1482, 1, 12, 0, 0, 0, 0, 1},
  {290, 1048, 0, 1483, 2, 13, 0, 0, 0, 0, 1},
  {296, 1100, 0, 1485, 0, 10, 0, 1, 0, 0, 1},
  {307, 1123, 0, 1485, 1, 10, 0, 1, 0, 0, 1},
  {2703, 16334, 11892, 1486, 0, 2, 0, 0, 0, 0, 33},
  {2710, 16356, 11919, 1486, 1, 2, 0, 0, 0, 0, 33},
  {319, 1167, 0, 1487, 2, 13, 0, 0, 0, 0, 1},
  {324, 1222, 0, 1489, 1, 2, 0, 0, 0, 0, 1},
  {330, 1267, 0, 1490, 1, 2, 0, 0, 0, 0, 1},
  {339, 1311, 0, 1491, 2, 4, 0, 0, 0, 0, 1},
  {2718, 16393, 11954, 1493, 1, 4, 0, 0, 0, 0, 33},
  {347, 1366, 239, 1494, 0, 4, 0, 0, 0, 0, 1},
  {352, 1385, 0, 1494, 0, 6, 14, 0, 0, 0, 1},
  {252, 914, 268, 1494, 0, 6, 5, 0, 0, 0, 1},
  {920, 16424, 11994, 1494, 0, 33, 0, 0, 0, 0, 33},
  {324, 1415, 0, 1494, 1, 2, 0, 0, 0, 0, 1},
  {330, 1451, 0, 1495, 1, 2, 0, 0, 0, 0, 1},
};

const TiBuiltinUnion ti_builtin_unions[] = {
  {{0, 0, 0, 0}},
  {{10, 11, 0, 0}},
  {{4, 5, 0, 0}},
  {{2, 3, 0, 0}},
  {{2, 13, 0, 0}},
  {{2, 12, 0, 0}},
  {{2, 4, 0, 0}},
  {{4, 12, 0, 0}},
  {{5, 13, 0, 0}},
  {{6, 13, 0, 0}},
  {{12, 13, 0, 0}},
  {{13, 17, 0, 0}},
  {{2, 4, 5, 0}},
  {{2, 4, 6, 0}},
  {{5, 12, 0, 0}},
  {{10, 11, 12, 0}},
};

const uint16_t ti_builtin_class_count = 34;
const uint16_t ti_builtin_method_count = 1771;
const uint16_t ti_builtin_argument_count = 1496;
const uint16_t ti_builtin_union_count = 16;
const uint16_t ti_builtin_name_pool_size = 2724;
const uint16_t ti_builtin_signature_pool_size = 16450;
const uint16_t ti_builtin_document_pool_size = 12020;
